Date,AMD,AMZN,ANET,ASML,AVGO,DELL,GOOGL,HPE,INTC,META,MRVL,MSFT,NVDA,QQQ,SMCI,SOXX,TSM
2018-01-02,10.979999542236328,59.45050048828125,14.439374923706055,163.4744415283203,21.015071868896484,21.014694213867188,53.15469741821289,11.271496772766113,39.33037567138672,179.69888305664062,21.098865509033203,78.55201721191406,4.917026996612549,149.90103149414062,2.1449999809265137,53.58995056152344,33.584285736083984
2018-01-03,11.550000190734863,60.209999084472656,14.725000381469727,164.7161865234375,21.244892120361328,21.236488342285156,54.06156921386719,11.340935707092285,37.995582580566406,182.91806030273438,21.754642486572266,78.91758728027344,5.240635871887207,151.35763549804688,2.1500000953674316,54.52703857421875,34.149192810058594
2018-01-04,12.119999885559082,60.47949981689453,14.54312515258789,166.2522430419922,21.251976013183594,21.613805770874023,54.271568298339844,11.618669509887695,37.29880142211914,182.581298828125,22.248844146728516,79.61216735839844,5.268261432647705,151.62237548828125,2.1649999618530273,54.83430099487305,33.96908187866211
2018-01-05,11.880000114440918,61.457000732421875,14.798125267028809,168.2021942138672,21.377910614013672,21.771865844726562,54.9912223815918,11.610957145690918,37.55905532836914,185.077392578125,21.859189987182617,80.5992202758789,5.3129048347473145,153.14515686035156,2.1700000762939453,55.14769744873047,34.763240814208984
2018-01-08,12.279999732971191,62.34349822998047,15.69124984741211,169.08517456054688,21.429059982299805,21.766767501831055,55.18537139892578,11.433512687683105,37.55905532836914,186.4938201904297,22.020755767822266,80.68148040771484,5.475695610046387,153.7410430908203,2.180000066757202,55.580902099609375,34.74687194824219
2018-01-09,11.819999694824219,62.6349983215332,15.623749732971191,168.174560546875,21.132343292236328,21.4863338470459,55.11503982543945,11.456659317016602,36.618804931640625,186.0876922607422,22.00174903869629,80.62664031982422,5.474215984344482,153.75048828125,2.125,55.03400802612305,34.53400802612305
2018-01-10,11.960000038146973,62.71649932861328,15.767499923706055,166.2154541015625,20.68608283996582,21.570463180541992,54.98379135131836,11.718964576721191,35.6785774230957,186.05799865722656,21.992237091064453,80.26107788085938,5.517132759094238,153.39102172851562,2.130000114440918,54.37343215942383,33.81352615356445
2018-01-11,12.140000343322754,63.83399963378906,16.299375534057617,164.22869873046875,20.73882484436035,22.136425018310547,55.07838821411133,11.9195556640625,36.4425163269043,185.98867797851562,22.00174903869629,80.49872589111328,5.527000904083252,154.44093322753906,2.1700000762939453,54.69910430908203,33.59246826171875
2018-01-12,12.020000457763672,65.26000213623047,16.189374923706055,166.36257934570312,20.80099868774414,22.116039276123047,55.9996223449707,12.197287559509277,36.299800872802734,177.6683349609375,22.657520294189453,81.88784790039062,5.499869346618652,155.5758819580078,2.1500000953674316,54.99406051635742,33.72346878051758
2018-01-16,11.90999984741211,65.24299621582031,15.798125267028809,171.4306182861328,20.71914291381836,21.947772979736328,56.00210952758789,12.197287559509277,36.21585464477539,176.69764709472656,22.410419464111328,80.7454605102539,5.429078102111816,155.13137817382812,2.1500000953674316,55.17533874511719,34.57493591308594
2018-01-17,12.180000305175781,64.75,16.42562484741211,183.2039337158203,20.920621871948242,22.462749481201172,56.41814422607422,12.39787769317627,37.26521301269531,175.91514587402344,22.419919967651367,82.38136291503906,5.54278564453125,156.80543518066406,2.1649999618530273,56.776092529296875,35.311805725097656
2018-01-18,12.470000267028809,64.66600036621094,16.57437515258789,187.04869079589844,21.234661102294922,22.534135818481445,56.26311492919922,12.320728302001953,37.34077453613281,178.09423828125,22.51496124267578,82.3448486328125,5.535879135131836,156.8338165283203,2.1500000953674316,57.03110122680664,36.490760803222656
2018-01-19,12.59000015258789,64.72899627685547,16.927499771118164,189.0354461669922,20.966279983520508,22.55963134765625,56.63606643676758,12.405593872070312,37.62621307373047,179.57012939453125,22.505462646484375,82.2534408569336,5.675732135772705,157.3256072998047,2.2799999713897705,57.0894889831543,36.5726432800293
2018-01-22,12.649999618530273,66.3655014038086,17.229999542236328,189.0538330078125,20.629419326782227,22.671804428100586,57.65933609008789,12.382445335388184,38.40694046020508,183.61141967773438,22.448436737060547,83.72486114501953,5.764032363891602,159.00912475585938,2.3350000381469727,57.51348876953125,37.97267150878906
2018-01-23,12.9399995803833,68.12699890136719,17.071250915527344,188.95269775390625,20.69159507751465,22.717693328857422,58.25416946411133,12.860772132873535,38.66718292236328,187.55369567871094,22.362895965576172,83.9898910522461,5.892787933349609,160.3238525390625,2.2899999618530273,57.97435760498047,37.890785217285156
2018-01-24,12.710000038146973,67.87550354003906,17.071250915527344,186.0277099609375,20.216217041015625,22.529037475585938,58.012474060058594,12.868488311767578,38.20545196533203,184.78024291992188,22.134801864624023,83.91677856445312,5.816078186035156,159.28347778320312,2.2799999713897705,56.64705276489258,37.11298751831055
2018-01-25,12.40999984741211,68.89749908447266,17.297500610351562,184.72166442871094,19.4630069732666,22.546884536743164,58.54985427856445,12.714189529418945,38.02915954589844,185.70140075683594,21.868696212768555,84.38288879394531,5.829643726348877,159.22665405273438,2.265000104904175,55.66387176513672,36.92469024658203
2018-01-26,12.949999809265137,70.10250091552734,17.71875,189.94601440429688,19.73847770690918,21.09372901916504,58.818302154541016,12.891633987426758,42.04195785522461,188.19747924804688,22.229843139648438,85.96397399902344,6.001808166503906,161.66688537597656,2.384999990463257,57.44281768798828,37.43230438232422
2018-01-29,13.319999694824219,70.88400268554688,17.374374389648438,187.65573120117188,19.31976318359375,19.069503784179688,58.76481246948242,13.0922212600708,41.95800018310547,184.21563720703125,22.286869049072266,85.83604431152344,6.088628768920898,160.88189697265625,2.450000047683716,57.3598518371582,37.17031478881836
2018-01-30,12.869999885559082,71.89099884033203,17.201875686645508,184.16973876953125,18.966379165649414,17.86618995666504,58.313602447509766,12.760480880737305,40.95900344848633,185.34483337402344,21.973236083984375,84.75759887695312,5.986761093139648,159.5576934814453,2.4649999141693115,56.219974517822266,36.744564056396484
2018-01-31,13.739999771118164,72.54450225830078,17.238750457763672,186.68077087402344,19.521244049072266,18.279191970825195,58.55382537841797,12.652470588684082,40.4133415222168,185.1170196533203,22.17281723022461,86.83219909667969,6.0627312660217285,160.2198486328125,2.2829999923706055,56.67777633666992,37.09663009643555
2018-02-01,13.25,69.5,17.1875,185.2643280029297,18.794010162353516,17.909526824951172,58.522621154785156,12.953352928161621,40.001983642578125,191.25820922851562,21.479026794433594,86.1467514038086,5.932004451751709,158.85787963867188,2.257999897003174,56.398170471191406,37.21125030517578
2018-02-02,12.449999809265137,71.49749755859375,17.092500686645508,178.96376037597656,18.533498764038086,18.07523536682129,55.43251037597656,12.845344543457031,38.742740631103516,188.474853515625,21.31745719909668,83.8802261352539,5.759839057922363,155.68939208984375,2.059999942779541,54.880374908447266,36.441646575927734
2018-02-05,11.569999694824219,69.5,16.58562469482422,171.70657348632812,17.952651977539062,17.228832244873047,52.61879348754883,12.081565856933594,37.374359130859375,179.54039001464844,20.29102897644043,80.42559814453125,5.270974159240723,149.5511016845703,1.9299999475479126,52.296443939208984,35.1644287109375
2018-02-06,11.649999618530273,72.14199829101562,17.02375030517578,178.54061889648438,18.919157028198242,17.139606475830078,53.710411071777344,12.135570526123047,37.95753860473633,183.552001953125,20.623666763305664,83.46896362304688,5.563998699188232,153.51400756835938,1.9550000429153442,54.1890754699707,35.68841552734375
2018-02-07,11.600000381469727,70.83899688720703,17.60124969482422,172.13888549804688,18.68303871154785,17.0223388671875,52.27308654785156,12.004416465759277,38.20265197753906,178.47067260742188,20.272018432617188,81.8969955444336,5.6434197425842285,151.52783203125,1.9800000190734863,53.02768325805664,34.288387298583984
2018-02-08,11.220000267028809,67.5250015258789,16.532499313354492,165.47039794921875,18.068355560302734,16.72915267944336,49.91056823730469,11.603240013122559,36.13193130493164,169.95225524902344,19.71128273010254,77.69295501708984,5.3651957511901855,145.1341552734375,1.8600000143051147,50.80015182495117,33.043914794921875
2018-02-09,11.3100004196167,66.9800033569336,17.034374237060547,168.9380340576172,18.535072326660156,17.15745735168457,51.82038879394531,11.803829193115234,37.14615249633789,174.43930053710938,20.243507385253906,80.59008026123047,5.724322319030762,147.6405792236328,1.8849999904632568,52.26264953613281,33.95271682739258
2018-02-12,11.680000305175781,69.3115005493164,17.783750534057617,171.39381408691406,19.23554801940918,17.34355926513672,52.23098373413086,12.151000022888184,37.88992691040039,174.73643493652344,20.83275604248047,81.45829772949219,5.6244282722473145,150.26046752929688,1.8799999952316284,53.267337799072266,34.820552825927734
2018-02-13,11.779999732971191,70.72550201416016,18.2862491607666,170.38211059570312,19.350460052490234,17.412395477294922,52.210182189941406,11.934985160827637,37.57719421386719,171.50735473632812,21.21291160583496,82.09807586669922,5.737887859344482,151.0360107421875,1.840000033378601,53.20588684082031,34.6977424621582
2018-02-14,12.199999809265137,72.55249786376953,18.88249969482422,175.9927978515625,19.492128372192383,17.812650680541992,53.129432678222656,12.459593772888184,38.35478210449219,177.81690979003906,21.155895233154297,83.38358306884766,5.9546966552734375,153.86398315429688,1.9299999475479126,54.45331573486328,35.246299743652344
2018-02-15,12.1899995803833,73.08799743652344,19.247499465942383,179.26727294921875,19.820331573486328,17.598499298095703,54.05364227294922,12.613893508911133,38.811180114746094,178.2527618408203,21.612083435058594,85.08230590820312,6.079995632171631,156.72032165527344,1.9500000476837158,55.10159683227539,35.63109588623047
2018-02-16,11.819999694824219,72.43450164794922,15.593125343322754,176.81138610839844,19.58893585205078,17.79224967956543,54.25869369506836,12.644758224487305,38.50690841674805,175.6774139404297,21.5550594329834,84.47625732421875,6.0143866539001465,156.02047729492188,1.909999966621399,54.904972076416016,35.59836196899414
2018-02-20,12.020000457763672,73.4175033569336,15.603124618530273,179.83755493164062,19.64638900756836,17.799903869628906,54.65937805175781,12.745050430297852,39.14925765991211,174.3402099609375,22.049270629882812,85.13737487792969,6.143632411956787,156.33253479003906,1.8849999904632568,55.8758544921875,35.81121826171875
2018-02-21,11.720000267028809,74.14600372314453,14.876874923706055,178.8165283203125,19.567684173583984,17.82539939880371,55.16259002685547,12.536747932434082,38.828086853027344,176.2222137451172,22.039758682250977,84.00794219970703,5.956914901733398,155.8880157470703,1.815000057220459,55.23371887207031,35.11529541015625
2018-02-22,11.84000015258789,74.26699829101562,15.291250228881836,177.7863311767578,19.625139236450195,17.98855972290039,54.97190856933594,12.660181999206543,38.70976638793945,177.29196166992188,21.982742309570312,84.22834777832031,5.976412773132324,155.8690948486328,1.8350000381469727,55.11081314086914,34.705936431884766
2018-02-23,12.069999694824219,75.0,15.369999885559082,181.03326416015625,19.96829605102539,18.299585342407227,55.872833251953125,13.994868278503418,40.340972900390625,181.55116271972656,22.096784591674805,86.36780548095703,6.069706439971924,159.0564422607422,1.850000023841858,56.290645599365234,35.94221496582031
2018-02-26,12.420000076293945,76.09750366210938,16.240625381469727,184.7308349609375,19.908477783203125,18.455095291137695,56.645973205566406,14.311174392700195,41.507347106933594,183.17559814453125,22.296367645263672,87.6165771484375,6.08574914932251,161.16555786132812,1.8899999856948853,57.50426483154297,36.35976028442383
2018-02-27,12.529999732971191,75.5989990234375,16.196250915527344,181.60353088378906,19.818756103515625,18.544326782226562,55.348812103271484,14.519482612609863,42.183502197265625,179.738525390625,22.2203369140625,86.496337890625,6.0729146003723145,159.1699981689453,1.8600000143051147,57.313785552978516,35.71297073364258
2018-02-28,12.109999656677246,75.62249755859375,16.858749389648438,179.7179718017578,19.397682189941406,18.93948745727539,54.675724029541016,14.342033386230469,41.65947723388672,176.62832641601562,22.32488250732422,86.10149383544922,5.97271203994751,158.14849853515625,1.809999942779541,56.803749084472656,35.49191665649414
2018-03-01,11.899999618530273,74.67250061035156,16.487499237060547,176.5354766845703,19.149761199951172,19.214818954467773,53.065547943115234,14.195455551147461,40.43395233154297,174.27088928222656,22.153806686401367,85.25675201416016,5.731089115142822,155.56643676757812,1.8049999475479126,55.906585693359375,34.97611999511719
2018-03-02,11.8100004196167,75.01249694824219,16.96875,178.04393005371094,19.744775772094727,18.778873443603516,53.696044921875,14.488621711730957,41.39746856689453,174.9444122314453,22.258346557617188,85.44039154052734,5.837954521179199,156.99456787109375,1.8270000219345093,56.85597229003906,35.21354675292969
2018-03-05,11.90999984741211,76.18049621582031,17.616249084472656,182.4405517578125,19.438615798950195,18.86555290222168,54.2220458984375,14.642918586730957,42.04826736450195,178.6885528564453,22.32488250732422,85.98214721679688,5.815990447998047,158.73486328125,1.8899999856948853,57.36600112915039,35.60654067993164
2018-03-06,11.760000228881836,76.88200378417969,18.037500381469727,186.57041931152344,19.751859664916992,19.273462295532227,54.526145935058594,14.974664688110352,42.85964584350586,178.074462890625,22.40091323852539,85.6883316040039,5.976660251617432,159.4063720703125,1.934999942779541,58.2293815612793,35.64746856689453
2018-03-07,12.239999771118164,77.25,18.2237491607666,189.52296447753906,19.444116592407227,19.70685577392578,55.22648620605469,14.77407169342041,43.375213623046875,181.9671630859375,22.51496124267578,86.18415832519531,5.9687628746032715,159.77528381347656,1.9600000381469727,58.41679000854492,36.18782424926758
2018-03-08,11.970000267028809,77.59300231933594,18.360624313354492,188.5755615234375,19.436246871948242,19.73744773864746,55.93672180175781,14.619775772094727,42.885009765625,180.6101531982422,23.113712310791016,86.70752716064453,5.952473163604736,160.65487670898438,1.934999942779541,58.469032287597656,35.86034393310547
2018-03-09,11.699999809265137,78.94450378417969,18.446874618530273,192.61341857910156,19.97380256652832,20.00768280029297,57.494895935058594,14.781790733337402,44.11052703857422,183.47274780273438,23.132720947265625,88.64498901367188,6.054898738861084,163.77603149414062,1.975000023841858,59.682655334472656,36.507137298583984
2018-03-12,11.520000457763672,79.91950225830078,18.587499618530273,194.35183715820312,20.686874389648438,19.829221725463867,57.74699783325195,14.71235179901123,43.54426574707031,183.0072021484375,23.16123390197754,88.85616302490234,6.164233207702637,164.64620971679688,1.9500000476837158,60.31557083129883,37.02294158935547
2018-03-13,11.640000343322754,79.40899658203125,18.104999542236328,191.33493041992188,20.559375762939453,19.7170467376709,56.45825958251953,14.62328052520752,43.763999938964844,180.154541015625,21.802156448364258,86.68917083740234,6.113638877868652,162.4045867919922,1.9550000429153442,59.38461685180664,36.83464050292969
2018-03-14,11.359999656677246,79.55000305175781,18.65625,194.5633544921875,20.509790420532227,19.839418411254883,56.90303039550781,14.600046157836914,43.83162307739258,182.442626953125,22.239343643188477,86.17497253417969,6.139060020446777,162.376220703125,1.9600000381469727,59.378475189208984,36.96562576293945
2018-03-15,11.460000038146973,79.11599731445312,18.493749618530273,197.24002075195312,21.07410430908203,19.788436889648438,56.98821258544922,14.584553718566895,43.003326416015625,182.11573791503906,22.039758682250977,86.47798156738281,6.153867244720459,162.23435974121094,1.965000033378601,59.3323860168457,37.09663009643555
2018-03-16,11.470000267028809,78.58399963378906,18.357500076293945,196.8904571533203,20.059593200683594,19.875112533569336,56.18634796142578,14.553573608398438,43.248443603515625,183.33407592773438,22.030254364013672,86.8636245727539,6.182003021240234,161.75196838378906,1.9700000286102295,59.307796478271484,36.81827163696289
2018-03-19,11.430000305175781,77.24649810791016,17.336875915527344,195.68556213378906,19.278837203979492,19.87766456604004,54.48503494262695,14.483864784240723,42.96107482910156,170.92295837402344,21.6881103515625,85.29346466064453,5.948030948638916,158.30081176757812,1.8700000047683716,58.17713928222656,36.51533126831055
2018-03-20,11.109999656677246,79.32550048828125,17.8387508392334,195.54759216308594,19.07499122619629,19.946496963500977,54.27354431152344,14.545828819274902,43.569610595703125,166.5547637939453,21.973236083984375,85.51385498046875,6.159790515899658,158.82188415527344,1.8700000047683716,58.60422134399414,36.703643798828125
2018-03-21,11.260000228881836,79.09300231933594,17.668750762939453,196.58689880371094,19.645179748535156,19.37543487548828,54.18439865112305,14.491612434387207,43.57806396484375,167.7830352783203,21.859189987182617,84.9170150756836,6.134616851806641,158.1303253173828,1.8300000429153442,58.71482467651367,36.59719467163086
2018-03-22,10.90999984741211,77.24600219726562,17.108749389648438,188.29962158203125,19.45112419128418,18.982824325561523,52.16115951538086,14.18954086303711,42.96107482910156,163.32574462890625,20.965808868408203,82.44698333740234,5.9690093994140625,154.22726440429688,1.7699999809265137,57.16786575317383,35.77028274536133
2018-03-23,10.630000114440918,74.77799987792969,16.513124465942383,183.13961791992188,19.364072799682617,18.64630126953125,50.84368896484375,13.655109405517578,41.71865463256836,157.87789916992188,20.414579391479492,80.0504150390625,5.749846935272217,150.1631317138672,1.725000023841858,55.26534652709961,34.86149978637695
2018-03-26,10.4399995803833,77.79299926757812,16.936250686645508,190.8105926513672,19.783336639404297,19.153636932373047,52.20771026611328,13.933945655822754,44.35564422607422,158.54153442382812,21.108369827270508,86.11067962646484,6.033918380737305,155.74298095703125,1.7100000381469727,57.57115936279297,36.24514389038086
2018-03-27,10.0,74.85250091552734,15.856249809265137,184.22491455078125,19.515010833740234,18.78396987915039,49.87242889404297,13.600893020629883,43.26533889770508,150.7759246826172,20.329044342041016,82.15315246582031,5.565974235534668,150.70318603515625,1.659999966621399,55.45313262939453,35.44281005859375
2018-03-28,9.8100004196167,71.57099914550781,15.321249961853027,178.92694091796875,18.900901794433594,18.381168365478516,49.78526306152344,13.678348541259766,41.921485900878906,151.5782470703125,19.557058334350586,82.07971954345703,5.463057041168213,148.9695281982422,1.6649999618530273,54.25252151489258,34.95155715942383
2018-03-29,10.050000190734863,72.36699676513672,15.956250190734863,182.63369750976562,18.818641662597656,18.66415023803711,51.368186950683594,13.585400581359863,44.01756286621094,158.27407836914062,20.0145263671875,83.80593872070312,5.715786457061768,151.69784545898438,1.7000000476837158,55.42851257324219,35.82759094238281
2018-04-02,9.529999732971191,68.59950256347656,15.844374656677246,177.56564331054688,18.18216896057129,18.49843406677246,50.15425109863281,13.260096549987793,41.34676742553711,153.91583251953125,19.2520751953125,81.28084564208984,5.455652713775635,147.32118225097656,1.6349999904632568,53.31049346923828,34.79599380493164
2018-04-03,9.550000190734863,69.60250091552734,15.844374656677246,183.43392944335938,18.908885955810547,18.56471824645996,50.45389175415039,13.275579452514648,42.04826736450195,154.6290283203125,19.46175765991211,82.37353515625,5.561779022216797,148.9789581298828,1.659999966621399,54.32025909423828,35.59836196899414
2018-04-04,9.770000457763672,70.52850341796875,16.184999465942383,182.35777282714844,18.925655364990234,18.60296630859375,51.00019836425781,13.360785484313965,42.25111770629883,153.6285858154297,19.823909759521484,84.77926635742188,5.58374547958374,151.32838439941406,1.6749999523162842,55.01907730102539,35.9749641418457
2018-04-05,10.020000457763672,72.5875015258789,16.421249389648438,182.7440643310547,18.871353149414062,18.562171936035156,51.14532470703125,13.322056770324707,42.58073425292969,157.82835388183594,20.138427734375,84.82516479492188,5.4637980461120605,152.19052124023438,1.6749999523162842,54.45571517944336,35.46734619140625
2018-04-06,9.609999656677246,70.2614974975586,16.170000076293945,179.0189208984375,18.277202606201172,18.174663543701172,50.02151107788086,12.934788703918457,41.23687744140625,155.7086639404297,19.547523498535156,82.85101318359375,5.287823677062988,148.38217163085938,1.6549999713897705,52.8087043762207,34.73049545288086
2018-04-09,9.529999732971191,70.30400085449219,16.21875,182.6061248779297,18.74597930908203,18.330177307128906,50.52373123168945,13.019988059997559,41.87923049926758,156.43174743652344,19.633296966552734,83.34685516357422,5.316452503204346,149.4242706298828,1.6349999904632568,53.14118194580078,35.262672424316406
2018-04-10,9.979999542236328,71.81099700927734,16.69937515258789,189.06304931640625,19.14605712890625,18.55707550048828,51.33649826049805,13.360785484313965,43.33296203613281,163.47427368164062,20.472000122070312,85.28428649902344,5.624960899353027,152.7210235595703,1.7050000429153442,54.84052276611328,35.68022918701172
2018-04-11,9.819999694824219,71.35250091552734,16.6612491607666,189.06304931640625,19.191585540771484,18.337820053100586,50.7698860168457,13.353041648864746,43.189273834228516,164.7421417236328,21.034318923950195,84.34769439697266,5.58374547958374,151.83999633789062,1.725000023841858,54.862064361572266,35.516475677490234
2018-04-12,10.079999923706055,72.42500305175781,16.805625915527344,189.69769287109375,19.120512008666992,18.529027938842773,51.37562561035156,13.484712600708008,44.55849075317383,162.3153839111328,21.367889404296875,85.92706298828125,5.790073871612549,153.66835021972656,1.7549999952316284,55.896446228027344,35.90127944946289
2018-04-13,9.930000305175781,71.53949737548828,15.262499809265137,189.155029296875,19.720247268676758,18.585113525390625,51.3137092590332,13.476963996887207,43.83162307739258,162.959228515625,20.977127075195312,85.46792602539062,5.713564395904541,152.8726043701172,1.7350000143051147,55.48393249511719,34.9188117980957
2018-04-16,10.09000015258789,72.07499694824219,14.96500015258789,190.12078857421875,19.914302825927734,18.954782485961914,51.811973571777344,13.600893020629883,44.288021087646484,163.2663116455078,20.738866806030273,86.46878051757812,5.713318347930908,154.0378875732422,1.7699999809265137,55.58243942260742,35.09893035888672
2018-04-17,10.520000457763672,75.19149780273438,16.049999237060547,195.6395721435547,20.10356330871582,19.21991729736328,53.45929718017578,13.748052597045898,45.251548767089844,167.05996704101562,21.205869674682617,88.21341705322266,5.862636089324951,157.353515625,1.8300000429153442,56.63528823852539,34.64044189453125
2018-04-18,10.359999656677246,76.39199829101562,16.15625,189.77133178710938,19.93187141418457,19.32189178466797,53.26266860961914,13.69383430480957,45.310707092285156,164.78175354003906,20.986663818359375,88.55314636230469,5.8337602615356445,157.675537109375,1.7999999523162842,56.07807540893555,34.321136474609375
2018-04-19,10.109999656677246,77.84549713134766,16.02312469482422,179.45123291015625,19.394420623779297,18.84005355834961,53.95904541015625,13.484712600708008,44.135887145996094,166.50526428222656,20.052650451660156,88.25015258789062,5.65285062789917,156.2261962890625,1.774999976158142,53.6522102355957,32.36436462402344
2018-04-20,9.989999771118164,76.37449645996094,16.290624618530273,177.5380859375,18.93604278564453,18.526485443115234,53.35825729370117,13.391767501831055,43.552703857421875,164.70254516601562,19.576114654541016,87.23092651367188,5.644707202911377,153.75363159179688,1.7450000047683716,53.01805114746094,31.889501571655273
2018-04-23,10.039999961853027,75.89299774169922,15.886249542236328,175.9744415283203,18.642953872680664,18.63355255126953,53.184410095214844,13.492454528808594,43.189273834228516,164.26670837402344,19.40456199645996,87.55229187011719,5.525496959686279,153.3651885986328,1.7400000095367432,52.31306838989258,31.725765228271484
2018-04-24,10.09000015258789,73.00450134277344,15.75374984741211,178.48545837402344,18.238874435424805,18.46529197692871,50.65003204345703,13.445985794067383,43.48508834838867,158.175048828125,19.680952072143555,85.50466918945312,5.459354400634766,150.11581420898438,1.7549999952316284,51.89131546020508,31.725765228271484
2018-04-25,9.710000038146973,73.00849914550781,15.813750267028809,176.28713989257812,18.287586212158203,18.299585342407227,50.6673583984375,13.407257080078125,43.42593002319336,158.175048828125,19.42362403869629,84.76090240478516,5.3473052978515625,150.29580688476562,1.7599999904632568,51.82667541503906,31.25090217590332
2018-04-26,11.039999961853027,75.89800262451172,16.219375610351562,179.98471069335938,18.40098762512207,18.60296630859375,51.67378234863281,13.469222068786621,44.837398529052734,172.5077667236328,19.90968894958496,86.55142974853516,5.55856990814209,153.4599609375,1.7699999809265137,52.88566589355469,31.25090217590332
2018-04-27,11.109999656677246,78.63099670410156,16.421875,177.93211364746094,18.589452743530273,18.513731002807617,51.08637619018555,13.438238143920898,44.56692886352539,171.94317626953125,19.395029067993164,87.98384857177734,5.58596658706665,153.55462646484375,1.809999942779541,52.5162467956543,31.25090217590332
2018-04-30,10.880000114440918,78.30650329589844,16.534374237060547,174.869873046875,18.321128845214844,18.297035217285156,50.448944091796875,13.205875396728516,43.62877655029297,170.3682861328125,19.118642807006836,85.8719482421875,5.550671100616455,152.4651641845703,1.7699999809265137,51.94056701660156,31.480138778686523
2018-05-01,11.130000114440918,79.11299896240234,16.579374313354492,177.64442443847656,18.397789001464844,18.205257415771484,51.546993255615234,13.30656623840332,45.07405471801758,172.21060180664062,19.366437911987305,87.23092651367188,5.605958461761475,154.2083282470703,1.8250000476837158,52.79331970214844,31.87314224243164
2018-05-02,10.970000267028809,78.48400115966797,16.591249465942383,176.6237030029297,18.266826629638672,18.02425193786621,50.81892395019531,13.260096549987793,44.21196365356445,174.399658203125,19.595172882080078,85.8627700805664,5.585474014282227,153.2989044189453,1.7949999570846558,52.55934143066406,30.907033920288086
2018-05-03,10.930000305175781,78.60399627685547,16.740625381469727,178.8600616455078,17.988115310668945,18.151721954345703,50.83130645751953,13.089694023132324,44.18659973144531,172.3690948486328,19.823909759521484,86.3769760131836,5.750339031219482,153.27992248535156,1.8049999475479126,52.87335968017578,31.19359016418457
2018-05-04,11.279999732971191,79.04750061035156,15.315625190734863,181.42111206054688,18.40896987915039,18.597862243652344,52.05466079711914,13.329801559448242,44.86665725708008,174.93453979492188,20.252798080444336,87.37783813476562,5.900150299072266,156.18829345703125,2.125,54.11399841308594,31.594768524169922
2018-05-07,11.59000015258789,80.00700378417969,15.772500038146973,180.8365478515625,18.844202041625977,18.480592727661133,52.47367477416992,13.39951229095459,45.33419418334961,176.28163146972656,19.823909759521484,88.35115051269531,6.137577056884766,157.4861602783203,2.305000066757202,54.6373291015625,31.480138778686523
2018-05-08,11.609999656677246,79.61949920654297,16.205625534057617,179.89930725097656,19.074193954467773,18.35822105407715,52.43058395385742,13.469222068786621,45.589210510253906,177.22259521484375,20.090770721435547,87.97465515136719,6.180028915405273,157.32508850097656,2.4000000953674316,54.96057891845703,32.07781219482422
2018-05-09,11.949999809265137,80.4000015258789,16.2137508392334,183.68528747558594,19.01030158996582,18.539226531982422,53.93427658081055,13.63187026977539,46.192771911621094,180.9271240234375,20.29092025756836,89.01225280761719,6.312810897827148,159.03976440429688,2.4000000953674316,55.797943115234375,32.21699523925781
2018-05-10,12.130000114440918,80.4540023803711,16.291250228881836,186.58047485351562,19.446334838867188,19.041460037231445,54.75249099731445,13.670599937438965,46.73680877685547,183.7698974609375,20.433879852294922,89.9029312133789,6.420172214508057,160.68817138671875,2.380000114440918,56.8138427734375,32.56085968017578
2018-05-11,11.949999809265137,80.14550018310547,16.244375228881836,184.47409057617188,19.43594741821289,18.947132110595703,54.64897918701172,13.686092376708984,46.473289489746094,185.216064453125,20.033592224121094,89.71011352539062,6.28195858001709,160.53656005859375,2.3399999141693115,56.39823532104492,32.67549133300781
2018-05-14,12.229999542236328,80.0770034790039,15.845000267028809,187.3877716064453,19.546152114868164,18.778873443603516,54.80846405029297,13.624128341674805,46.66880416870117,184.869384765625,20.90089225769043,90.01310729980469,6.302443504333496,160.8113250732422,2.359999895095825,57.087825775146484,32.708229064941406
2018-05-15,12.449999809265137,78.80599975585938,15.596875190734863,185.52261352539062,19.292203903198242,18.845157623291016,53.73219680786133,13.476963996887207,45.83573913574219,182.5713653564453,20.681678771972656,89.36119079589844,6.060574054718018,159.03028869628906,2.375,56.46906280517578,32.176063537597656
2018-05-16,12.819999694824219,79.36399841308594,15.570625305175781,188.26004028320312,19.20675277709961,18.9216365814209,53.69356918334961,13.655109405517578,46.44778823852539,181.46200561523438,20.843698501586914,89.59175109863281,6.071681499481201,160.08184814453125,2.390000104904175,57.195579528808594,32.57723617553711
2018-05-17,12.819999694824219,79.08799743652344,15.466875076293945,187.7960968017578,19.122108459472656,18.947132110595703,53.55340576171875,13.686092376708984,46.5922966003418,182.01669311523438,20.614965438842773,88.69721221923828,6.113638877868652,159.466064453125,2.3949999809265137,57.02934265136719,31.897686004638672
2018-05-18,13.0,78.71849822998047,15.505624771118164,183.1192626953125,18.84579849243164,20.091812133789062,52.977874755859375,13.600893020629883,45.47870635986328,180.9469451904297,20.414823532104492,88.8631820678711,6.069952964782715,158.64186096191406,2.365000009536743,56.213531494140625,31.45557403564453
2018-05-21,12.989999771118164,79.27300262451172,15.890625,187.91673278808594,19.090164184570312,20.515012741088867,53.689605712890625,13.562161445617676,46.17577362060547,182.73976135253906,20.433879852294922,90.00672912597656,6.027997016906738,159.5323944091797,2.384999990463257,56.776885986328125,32.315250396728516
2018-05-22,12.979999542236328,79.06999969482422,15.601249694824219,187.94454956054688,19.04544448852539,20.591495513916016,53.25870132446289,13.484712600708008,46.28627395629883,182.0563201904297,20.891361236572266,89.91452026367188,5.989988803863525,159.32398986816406,2.369999885559082,57.0939826965332,32.45442581176758
2018-05-23,13.100000381469727,80.09300231933594,15.998749732971191,185.77316284179688,19.210752487182617,20.877029418945312,53.786190032958984,12.067307472229004,46.93233108520508,185.1269073486328,21.01525115966797,90.9842758178711,6.113220691680908,160.66921997070312,2.369999885559082,57.40184020996094,32.46261978149414
2018-05-24,13.40999984741211,80.15350341796875,15.788125038146973,186.35777282714844,19.44792938232422,21.075881958007812,53.760929107666016,12.2067232131958,46.541290283203125,184.16610717773438,20.919952392578125,90.66149139404297,6.116925239562988,160.62179565429688,2.369999885559082,57.632728576660156,32.1515007019043
2018-05-25,13.539999961853027,80.50749969482422,15.984375,186.6083221435547,19.96700668334961,20.910167694091797,53.69306945800781,12.020834922790527,47.12783432006836,183.16567993164062,21.43460464477539,90.7076187133789,6.156191825866699,160.78289794921875,2.369999885559082,58.09758377075195,32.176063537597656
2018-05-29,13.359999656677246,80.64350128173828,15.991250038146973,181.50466918945312,19.939851760864258,20.53540802001953,52.90011978149414,11.912398338317871,47.02582931518555,183.97793579101562,20.910417556762695,90.38484191894531,6.139151573181152,160.07232666015625,2.4000000953674316,57.74662780761719,31.242713928222656
2018-05-30,13.819999694824219,81.24449920654297,15.728124618530273,182.89662170410156,19.91670036315918,20.66032600402832,53.36568832397461,12.059560775756836,47.33186340332031,185.8895721435547,20.95807456970215,91.2516860961914,6.247812271118164,161.21865844726562,2.434999942779541,58.122215270996094,31.390087127685547
2018-05-31,13.729999542236328,81.48100280761719,15.72249984741211,182.47898864746094,20.129920959472656,20.563451766967773,54.4815673828125,11.803963661193848,46.923831939697266,189.96063232421875,20.52918815612793,91.15025329589844,6.22805643081665,161.11447143554688,2.4100000858306885,57.7004508972168,31.684816360473633
2018-06-01,14.399999618530273,82.0770034790039,16.326250076293945,187.59194946289062,20.470914840698242,21.631649017333984,56.21507263183594,12.028579711914062,48.5219612121582,192.149658203125,21.129629135131836,92.94855499267578,6.362155437469482,163.6438446044922,2.440000057220459,59.014976501464844,32.09418869018555
2018-06-04,14.850000381469727,83.26349639892578,16.767499923706055,189.22511291503906,20.633028030395508,21.67753791809082,57.10857391357422,12.036322593688965,48.30943298339844,191.44639587402344,21.053377151489258,93.76007843017578,6.540706634521484,165.12173461914062,2.4549999237060547,59.48291778564453,32.724613189697266
2018-06-05,14.850000381469727,84.81749725341797,17.171875,194.23599243164062,20.704103469848633,22.090538024902344,57.008522033691406,12.439082145690918,48.05440902709961,191.10964965820312,20.996192932128906,94.23963928222656,6.546140193939209,165.63328552246094,2.515000104904175,59.76612091064453,32.37256622314453
2018-06-06,15.670000076293945,84.7874984741211,17.391250610351562,198.21681213378906,21.044300079345703,22.268999099731445,56.806941986083984,12.408103942871094,48.47944641113281,189.5247802734375,21.072437286376953,94.51628875732422,6.548115253448486,166.5995330810547,2.575000047683716,60.14478302001953,32.38892364501953
2018-06-07,14.890000343322754,84.46499633789062,16.931249618530273,192.60279846191406,21.136938095092773,22.45000648498535,56.18634796142578,12.330648422241211,47.501869201660156,186.394775390625,21.15821647644043,93.03155517578125,6.492550849914551,165.24484252929688,2.559999942779541,59.6091194152832,32.35618591308594
2018-06-08,15.25,84.19950103759766,17.109375,192.50071716308594,20.60108184814453,22.51883888244629,56.101654052734375,12.400357246398926,46.796321868896484,187.30604553222656,20.72933578491211,93.72320556640625,6.477238655090332,165.2543182373047,2.619999885559082,59.07655334472656,31.87314224243164
2018-06-11,15.729999542236328,84.45600128173828,16.979999542236328,194.73703002929688,20.829484939575195,22.342933654785156,56.50728988647461,12.408103942871094,46.34577560424805,189.7228546142578,20.367170333862305,93.1883544921875,6.43624210357666,165.6996307373047,2.6549999713897705,58.962642669677734,31.73394775390625
2018-06-12,15.850000381469727,84.9375,17.165000915527344,194.2545623779297,20.877389907836914,22.1058349609375,56.86835861206055,12.316838264465332,46.60079574584961,190.57472229003906,20.595903396606445,93.4281005859375,6.484646320343018,166.57115173339844,2.700000047683716,59.26740646362305,32.09418869018555
2018-06-13,16.31999969482422,85.24299621582031,17.571250915527344,198.34671020507812,21.049089431762695,22.411762237548828,56.672218322753906,12.316838264465332,46.77931213378906,190.5846710205078,20.967599868774414,93.00389862060547,6.48020076751709,166.5615997314453,2.674999952316284,59.178131103515625,31.97138023376465
2018-06-14,16.25,86.19300079345703,17.56999969482422,200.33253479003906,21.43880271911621,22.411762237548828,57.458736419677734,12.340239524841309,47.21284484863281,194.94288635253906,20.738866806030273,93.5295639038086,6.591579914093018,168.24795532226562,2.619999885559082,59.532161712646484,31.602954864501953
2018-06-15,16.34000015258789,85.79850006103516,17.91374969482422,199.339599609375,21.58015251159668,22.534135818481445,57.41714096069336,12.441646575927734,46.84731674194336,193.9920196533203,20.88182830810547,92.33989715576172,6.5508317947387695,167.66058349609375,2.575000047683716,59.47983169555664,31.6766357421875
2018-06-18,17.110000610351562,86.18949890136719,17.451250076293945,195.88772583007812,21.1225643157959,22.8349666595459,58.62117385864258,12.410444259643555,45.24068832397461,196.42864990234375,20.748395919799805,93.01309967041016,6.546633720397949,167.5637664794922,2.549999952316284,58.9072265625,31.316383361816406
2018-06-19,16.690000534057617,86.73899841308594,17.112499237060547,191.32225036621094,21.11851692199707,22.68964958190918,58.37898254394531,12.402643203735352,44.994163513183594,195.61647033691406,20.319509506225586,93.01309967041016,6.425127983093262,167.08908081054688,2.5250000953674316,58.260746002197266,30.75147819519043
2018-06-20,16.520000457763672,87.50399780273438,17.733749389648438,190.69126892089844,21.140365600585938,22.740636825561523,58.64544677734375,11.817608833312988,45.44470977783203,200.08367919921875,20.72933578491211,93.94454193115234,6.477980613708496,168.27578735351562,2.5250000953674316,58.5408821105957,31.39827537536621
2018-06-21,15.649999618530273,86.51100158691406,17.457500457763672,189.52207946777344,21.013303756713867,22.71259117126465,57.92084503173828,12.02822208404541,44.365116119384766,199.58840942382812,20.24326515197754,93.27131652832031,6.349560260772705,166.81378173828125,2.505000114440918,57.814353942871094,30.800594329833984
2018-06-22,15.800000190734863,85.78350067138672,17.040624618530273,191.49855041503906,21.01816749572754,22.633563995361328,57.913414001464844,11.8878173828125,44.628631591796875,199.82614135742188,20.30998420715332,92.59809875488281,6.197432994842529,166.44351196289062,2.490000009536743,57.35567092895508,31.20995330810547
2018-06-25,15.109999656677246,83.15750122070312,16.24250030517578,182.47898864746094,20.428186416625977,21.914628982543945,56.427059173583984,11.755208015441895,43.10701370239258,194.48727416992188,19.233003616333008,90.73528289794922,5.905282020568848,162.69346618652344,2.4100000858306885,55.668636322021484,30.985057830810547
2018-06-26,15.5,84.55449676513672,16.39875030517578,183.70387268066406,20.356964111328125,22.042098999023438,56.09719467163086,11.833212852478027,42.22294235229492,197.11212158203125,18.97568130493164,91.37158966064453,5.976158618927002,163.35806274414062,2.424999952316284,55.86632537841797,30.942626953125
2018-06-27,14.970000267028809,83.02549743652344,15.8931245803833,179.92715454101562,19.998455047607422,21.41495132446289,55.320587158203125,11.482195854187012,41.449378967285156,193.98211669921875,19.175825119018555,89.95140838623047,5.821315288543701,161.1365509033203,2.380000114440918,54.53185272216797,30.136390686035156
2018-06-28,15.3100004196167,85.07250213623047,16.141874313354492,179.63021850585938,19.819597244262695,21.738725662231445,55.80794906616211,11.474394798278809,41.86591339111328,194.36839294433594,20.748395919799805,90.95660400390625,5.9482526779174805,162.52261352539062,2.375,54.94578170776367,30.501319885253906
2018-06-29,14.989999771118164,84.98999786376953,16.093124389648438,183.70387268066406,19.636699676513672,21.562814712524414,55.927310943603516,11.39638900756836,42.2569465637207,192.47650146484375,20.433879852294922,90.93814849853516,5.850456237792969,162.9592742919922,2.365000009536743,55.06008529663086,31.027496337890625
2018-07-02,15.15999984741211,85.68900299072266,16.334999084472656,181.17990112304688,19.588951110839844,23.505460739135742,56.56722640991211,11.544595718383789,42.67348861694336,195.4876708984375,20.462472915649414,92.22923278808594,5.9823317527771,164.05105590820312,2.4549999237060547,55.40606689453125,31.01053237915039
2018-07-03,15.0,84.697998046875,15.991874694824219,177.67227172851562,19.36558723449707,24.175947189331055,55.287899017333984,11.521198272705078,42.05292892456055,190.90159606933594,20.033592224121094,91.34394073486328,5.848975658416748,162.15234375,2.4100000858306885,54.39592742919922,30.88322639465332
2018-07-05,15.5,84.98650360107422,16.119375228881836,181.86654663085938,19.860063552856445,23.926105499267578,56.526607513427734,11.560198783874512,43.141014099121094,196.5673065185547,20.338571548461914,91.99867248535156,5.994433879852295,164.1649932861328,2.430000066757202,55.85090255737305,31.052949905395508
2018-07-06,16.360000610351562,85.53150177001953,16.399375915527344,183.10072326660156,20.044580459594727,23.79608917236328,57.20960998535156,11.685004234313965,43.668052673339844,201.30198669433594,20.673091888427734,93.28976440429688,6.108034133911133,166.71878051757812,2.4149999618530273,56.53666687011719,31.630056381225586
2018-07-09,16.610000610351562,86.95099639892578,16.903749465942383,184.76173400878906,20.024354934692383,23.870018005371094,57.81386184692383,11.88001537322998,44.084590911865234,202.7976837158203,21.03628158569336,93.92608642578125,6.15545129776001,168.21878051757812,2.444999933242798,56.898101806640625,32.105316162109375
2018-07-10,16.549999237060547,87.15350341796875,16.784374237060547,185.05865478515625,20.277660369873047,24.05868148803711,57.806922912597656,12.090627670288086,44.339622497558594,201.6090545654297,21.657520294189453,94.17507934570312,6.254232883453369,168.34222412109375,2.4600000381469727,57.50047302246094,32.1901741027832
2018-07-11,16.270000457763672,87.75,16.832500457763672,179.6395263671875,19.701448440551758,23.987293243408203,58.02088928222656,11.778608322143555,43.5235481262207,200.61856079101562,20.778228759765625,94.04598236083984,6.112973213195801,167.48779296875,2.369999885559082,56.02388000488281,31.375455856323242
2018-07-12,16.559999465942383,89.83100128173828,17.397499084472656,184.9658966064453,16.993541717529297,24.249879837036133,59.49684524536133,12.00482177734375,44.50112533569336,204.95697021484375,21.1605281829834,96.08404541015625,6.204349040985107,170.37384033203125,2.3949999809265137,56.40074920654297,31.663991928100586
2018-07-13,16.270000457763672,90.65149688720703,16.655624389648438,184.83595275878906,16.384960174560547,24.19379425048828,59.653350830078125,12.082828521728516,44.39061737060547,205.3531951904297,20.89291763305664,97.22756958007812,6.15717887878418,170.5163116455078,2.4000000953674316,56.196868896484375,32.05439376831055
2018-07-16,16.579999923706055,91.12449645996094,16.927499771118164,185.66180419921875,16.448888778686523,24.163198471069336,59.2615852355957,12.199831008911133,44.21210479736328,205.26406860351562,20.214323043823242,96.74803161621094,6.129521369934082,170.10801696777344,2.4200000762939453,56.11964797973633,32.07136535644531
2018-07-17,16.8700008392334,92.19650268554688,17.11750030517578,189.61483764648438,16.8583927154541,24.183597564697266,60.082275390625,12.215432167053223,43.9910888671875,207.99786376953125,20.739990234375,97.70709228515625,6.265100955963135,171.14283752441406,2.3949999809265137,56.925899505615234,32.283538818359375
2018-07-18,16.850000381469727,92.14600372314453,17.16812515258789,202.19769287109375,16.89643669128418,24.237136840820312,60.0738525390625,12.426042556762695,43.965579986572266,207.3738555908203,20.625301361083984,96.94166564941406,6.215954780578613,170.82008361816406,2.4200000762939453,57.36455535888672,32.5975456237793
2018-07-19,16.709999084472656,90.64849853515625,17.265625,199.74790954589844,17.025108337402344,24.15300750732422,59.38986587524414,12.199831008911133,44.18659973144531,206.11590576171875,20.74955177307129,96.2777099609375,6.224103927612305,169.96566772460938,2.424999952316284,57.23789978027344,33.78569412231445
2018-07-20,16.5,90.68499755859375,16.802499771118164,203.97006225585938,17.02187156677246,24.045928955078125,59.329437255859375,12.067227363586426,44.12709045410156,207.94833374023438,20.89291763305664,98.00220489501953,6.195953369140625,169.9276885986328,2.375,56.969146728515625,34.566471099853516
2018-07-23,16.65999984741211,90.0999984741211,16.774375915527344,204.87013244628906,17.53900718688965,23.867469787597656,59.979248046875,12.067227363586426,44.467124938964844,208.9091339111328,20.778228759765625,99.56995391845703,6.159402847290039,170.46881103515625,2.369999885559082,57.046382904052734,34.574951171875
2018-07-24,16.190000534057617,91.46199798583984,16.643749237060547,198.3003387451172,17.58918571472168,23.734899520874023,62.31453323364258,11.934618949890137,44.35660934448242,212.6334228515625,20.596628189086914,99.28407287597656,6.142114162445068,171.1713104248047,2.365000009536743,56.42546463012695,34.277915954589844
2018-07-25,16.049999237060547,93.18049621582031,17.14437484741211,203.19061279296875,18.28760528564453,23.913366317749023,63.195648193359375,12.075024604797363,44.56913757324219,215.43661499023438,20.739990234375,102.20744323730469,6.220153331756592,173.563720703125,2.309999942779541,56.63862228393555,34.70225143432617
2018-07-26,18.350000381469727,90.4000015258789,17.267499923706055,201.03775024414062,18.06181526184082,24.066326141357422,63.66914367675781,12.238832473754883,44.339622497558594,174.5878448486328,21.084068298339844,101.09158325195312,6.293500900268555,170.93399047851562,2.319999933242798,57.74452209472656,34.642852783203125
2018-07-27,18.940000534057617,90.8635025024414,16.954999923706055,197.9291534423828,17.889432907104492,23.88022232055664,62.05400848388672,12.1608304977417,40.53129959106445,173.23085021972656,20.711318969726562,99.30250549316406,6.223858833312988,168.62701416015625,2.2200000286102295,57.48810577392578,35.1775016784668
2018-07-30,19.420000076293945,88.96099853515625,16.116249084472656,199.04269409179688,18.22447967529297,23.635478973388672,60.92228317260742,12.051624298095703,40.539798736572266,169.4371795654297,20.30034065246582,97.17222595214844,6.0290069580078125,166.24415588378906,2.2149999141693115,56.925899505615234,34.871978759765625
2018-07-31,18.329999923706055,88.87200164794922,15.983124732971191,198.57872009277344,17.947704315185547,23.5870361328125,60.782615661621094,12.043821334838867,40.888336181640625,170.94276428222656,20.36725425720215,97.82698059082031,6.047035217285156,167.5162353515625,2.2100000381469727,57.30277633666992,34.97383117675781
2018-08-01,18.479999542236328,89.8584976196289,16.412500381469727,198.4951934814453,17.545482635498047,23.63802719116211,61.06840133666992,12.051624298095703,41.491886138916016,170.02159118652344,20.262109756469727,98.01141357421875,6.086795806884766,168.15231323242188,2.1700000762939453,57.2193603515625,35.39815902709961
2018-08-02,18.790000915527344,91.71649932861328,16.990625381469727,200.267578125,17.509065628051758,23.719608306884766,61.471553802490234,12.129631042480469,42.06142044067383,174.6968231201172,20.61574363708496,99.20106506347656,6.1892828941345215,170.4403533935547,2.1700000762939453,57.78158187866211,35.26239013671875
2018-08-03,18.489999771118164,91.16449737548828,16.096250534057617,199.30252075195312,17.62721824645996,23.73235321044922,61.32445526123047,12.465044021606445,42.188934326171875,176.09339904785156,20.424591064453125,99.63449096679688,6.225833415985107,170.9624481201172,2.0999999046325684,57.90205764770508,35.381195068359375
2018-08-06,19.43000030517578,92.38749694824219,16.9581241607666,198.17971801757812,17.5576229095459,23.82158660888672,61.3001823425293,12.488446235656738,42.16328048706055,183.92840576171875,20.88335418701172,99.71746826171875,6.273497104644775,171.96881103515625,2.1050000190734863,58.25111389160156,34.855018615722656
2018-08-07,19.559999465942383,93.1240005493164,16.80062484741211,198.17042541503906,17.82954978942871,23.88786506652832,62.20012283325195,12.582051277160645,42.505374908447266,182.06619262695312,21.189199447631836,100.40914916992188,6.345608711242676,172.59542846679688,2.0250000953674316,58.714473724365234,34.99928665161133
2018-08-08,19.579999923706055,94.32599639892578,16.53499984741211,197.65081787109375,17.760761260986328,24.00259017944336,62.4720344543457,12.605453491210938,42.72772979736328,183.4232177734375,21.122297286987305,100.97166442871094,6.381911754608154,172.80426025390625,1.965000033378601,58.85041427612305,35.61882019042969
2018-08-09,19.100000381469727,94.9260025024414,16.833749771118164,194.09677124023438,17.527673721313477,24.150453567504883,62.6270637512207,12.566452026367188,42.881683349609375,181.35305786132812,20.730432510375977,101.13768005371094,6.333508014678955,172.69985961914062,2.013000011444092,58.2696533203125,35.508487701416016
2018-08-10,19.059999465942383,94.31500244140625,16.803125381469727,189.197265625,17.17563247680664,24.09946632385254,62.035186767578125,12.363641738891602,41.77842330932617,178.54989624023438,19.984943389892578,100.51982879638672,6.29226541519165,171.3802032470703,1.9800000190734863,56.82396697998047,34.821067810058594
2018-08-13,19.729999542236328,94.80999755859375,16.829999923706055,189.94891357421875,17.08256721496582,23.9643497467041,61.843509674072266,12.215432167053223,41.436336517333984,178.3419189453125,19.87025260925293,99.791259765625,6.3251118659973145,171.19032287597656,1.9950000047683716,56.9073600769043,34.549495697021484
2018-08-14,20.020000457763672,95.98249816894531,16.966249465942383,190.79331970214844,16.776655197143555,24.183597564697266,62.31403732299805,12.472845077514648,41.15410232543945,179.391845703125,19.58352279663086,101.0362319946289,6.456246852874756,172.26312255859375,1.9700000286102295,56.793060302734375,34.71923065185547
2018-08-15,19.700000762939453,94.13099670410156,16.5987491607666,182.93365478515625,16.7183837890625,24.137704849243164,61.03025817871094,12.504047393798828,40.58964920043945,177.8268280029297,19.201217651367188,99.66613006591797,6.3982110023498535,170.15553283691406,1.875,56.00534439086914,34.32884216308594
2018-08-16,19.329999923706055,94.32599639892578,16.745624542236328,183.60179138183594,16.889150619506836,24.367155075073242,60.6260986328125,12.691258430480957,40.34162521362305,173.04263305664062,19.37325096130371,99.6476058959961,6.357710838317871,170.7156524658203,1.9149999618530273,55.934303283691406,34.29489517211914
2018-08-17,19.770000457763672,94.11100006103516,16.815000534057617,183.14706420898438,16.93608283996582,24.221837997436523,60.21946716308594,13.00327205657959,40.28175354003906,172.15118408203125,18.904930114746094,99.59210205078125,6.046048641204834,170.75363159179688,1.8849999904632568,55.51726531982422,34.057254791259766
2018-08-20,19.979999542236328,93.83550262451172,17.107500076293945,185.11434936523438,16.729717254638672,24.2269344329834,60.5215950012207,13.042277336120605,39.76861572265625,170.863525390625,18.962282180786133,98.934814453125,6.12062931060791,170.60171508789062,1.8949999809265137,55.46784210205078,34.03178787231445
2018-08-21,20.399999618530273,94.1709976196289,16.9893741607666,186.0422821044922,17.03643798828125,24.244779586791992,60.29673385620117,12.309037208557129,40.72648620605469,170.98239135742188,19.40192985534668,98.11087799072266,6.255963325500488,171.22830200195312,1.8350000381469727,56.549034118652344,34.70225143432617
2018-08-22,20.899999618530273,95.24500274658203,17.334999084472656,186.3392333984375,16.796083450317383,24.4053897857666,60.511688232421875,12.340239524841309,40.23899841308594,171.99270629882812,19.53573226928711,99.11067199707031,6.490575313568115,171.8928680419922,1.565000057220459,56.81470489501953,34.71074295043945
2018-08-23,22.290000915527344,95.1449966430664,17.663124084472656,185.16075134277344,16.63826560974121,24.298316955566406,60.48246765136719,12.558649063110352,40.179134368896484,171.2597198486328,19.344581604003906,99.57357025146484,6.589850425720215,171.64601135253906,1.7239999771118164,56.879554748535156,34.5240364074707
2018-08-24,23.979999542236328,95.26950073242188,19.2862491607666,188.3528594970703,16.91423225402832,24.305965423583984,61.25462341308594,12.6366548538208,40.76069259643555,172.99313354492188,19.58352279663086,100.35118103027344,6.722714424133301,173.24098205566406,1.6380000114440918,57.704349517822266,34.99928665161133
2018-08-27,25.260000228881836,96.38400268554688,19.049375534057617,193.55856323242188,17.235530853271484,24.323816299438477,62.2214241027832,12.831663131713867,41.35079574584961,175.77645874023438,19.58352279663086,101.46212005615234,6.813597679138184,175.00680541992188,1.725000023841858,58.62180709838867,35.245399475097656
2018-08-28,25.049999237060547,96.64099884033203,19.012500762939453,191.7954864501953,17.353683471679688,24.285572052001953,61.70582580566406,13.057876586914062,41.53895568847656,174.5878448486328,19.679096221923828,102.07307434082031,6.776057720184326,175.2631378173828,1.9479999542236328,58.84730911254883,35.94131088256836
2018-08-29,25.200000762939453,99.90499877929688,18.88687515258789,191.91610717773438,17.399002075195312,24.492074966430664,62.636470794677734,13.03447437286377,41.692893981933594,174.2312774658203,20.137859344482422,103.702392578125,6.881320476531982,177.2853546142578,2.015000104904175,59.001766204833984,37.45195388793945
2018-08-30,24.889999389648438,100.11900329589844,18.61687469482422,190.41285705566406,17.53334617614746,24.634843826293945,62.13077926635742,13.096878051757812,41.2567253112793,175.9547576904297,19.927595138549805,103.63756561279297,6.864517688751221,176.97201538085938,2.065000057220459,58.47355270385742,36.883338928222656
2018-08-31,25.170000076293945,100.635498046875,18.686250686645508,190.273681640625,17.72595977783203,24.517568588256836,61.00945281982422,12.894071578979492,41.41922378540039,174.0628662109375,19.765113830566406,103.98938751220703,6.935433864593506,177.19985961914062,2.0510001182556152,58.79170608520508,37.00215530395508
2018-09-04,28.059999465942383,101.97550201416016,18.113750457763672,185.10508728027344,17.75832748413086,24.512470245361328,59.9946174621582,13.00327205657959,41.01725769042969,169.53622436523438,19.78423309326172,103.41541290283203,7.010056018829346,176.4403839111328,2.0450000762939453,59.26435089111328,37.43498229980469
2018-09-05,28.510000228881836,99.74099731445312,17.018125534057617,181.0592498779297,17.91938018798828,24.395193099975586,59.38986587524414,12.940868377685547,40.8120002746582,165.593994140625,19.573965072631836,100.43453216552734,6.879591941833496,174.161865234375,1.975000023841858,58.97706985473633,37.52833938598633
2018-09-06,27.84000015258789,97.91549682617188,16.735624313354492,171.1581268310547,17.478307723999023,24.443635940551758,58.64148712158203,12.886268615722656,40.41858673095703,160.98812866210938,18.59908676147461,100.66596221923828,6.738746643066406,172.60491943359375,2.0,57.41399383544922,37.384056091308594
2018-09-07,27.3799991607666,97.60350036621094,16.690624237060547,167.83612060546875,18.82254409790039,24.540510177612305,58.32450485229492,12.894071578979492,39.72584533691406,161.4932403564453,18.58953285217285,100.17528533935547,6.717496871948242,171.94036865234375,2.0239999294281006,57.176116943359375,38.08845520019531
2018-09-10,29.889999389648438,96.95050048828125,16.813125610351562,172.29022216796875,19.4724178314209,24.69092559814453,58.199188232421875,12.800460815429688,39.597564697265625,162.6224365234375,18.188112258911133,101.25840759277344,6.788413047790527,172.5194091796875,2.002000093460083,57.78158187866211,37.86780548095703
2018-09-11,30.100000381469727,99.35749816894531,16.700624465942383,170.15597534179688,18.820119857788086,24.652687072753906,58.93865966796875,12.920639038085938,38.42588806152344,164.3657684326172,17.96828269958496,102.98033142089844,6.740725040435791,173.8485870361328,1.9769999980926514,57.22244644165039,37.808387756347656
2018-09-12,32.209999084472656,99.5,16.740625381469727,162.73245239257812,18.60485076904297,24.787805557250977,58.027828216552734,12.881364822387695,38.42588806152344,160.463134765625,17.51907730102539,103.41541290283203,6.627061367034912,173.33592224121094,1.9800000190734863,56.56138229370117,37.290706634521484
2018-09-13,30.479999542236328,99.49349975585938,16.87874984741211,168.88470458984375,19.052391052246094,24.818395614624023,58.54985427856445,12.991331100463867,38.973243713378906,159.8292236328125,17.719791412353516,104.52632904052734,6.704648494720459,175.1871795654297,2.0,57.20699691772461,36.857879638671875
2018-09-14,32.720001220703125,98.5094985961914,16.953125,171.06536865234375,19.126850128173828,25.149818420410156,58.34381103515625,13.022745132446289,38.94757843017578,160.78009033203125,18.130765914916992,104.95215606689453,6.830418109893799,174.67453002929688,2.009999990463257,57.84954833984375,37.689579010009766
2018-09-17,32.43000030517578,95.40149688720703,16.5674991607666,169.8961639404297,19.0046443939209,24.810749053955078,57.44486999511719,12.787109375,38.84495544433594,159.0565948486328,17.624216079711914,103.81348419189453,6.768644332885742,172.15867614746094,2.046999931335449,57.043277740478516,37.137943267822266
2018-09-18,31.93000030517578,97.05249786376953,16.697500228881836,173.12538146972656,19.546857833862305,24.571107864379883,57.8054313659668,12.99917984008789,39.426517486572266,158.77923583984375,17.834484100341797,104.80406951904297,6.69674015045166,173.5827178955078,2.055000066757202,57.53445816040039,36.96820831298828
2018-09-19,31.209999084472656,96.32099914550781,16.887500762939453,175.4267120361328,19.714828491210938,24.336565017700195,58.160064697265625,13.06987190246582,39.469276428222656,161.5130615234375,17.633771896362305,103.40614318847656,6.720462322235107,173.44985961914062,2.066999912261963,57.624046325683594,37.35859298706055
2018-09-20,31.18000030517578,97.21499633789062,17.065624237060547,177.6908416748047,19.970853805541992,24.464033126831055,59.016910552978516,13.25052547454834,40.367279052734375,164.44500732421875,18.016075134277344,105.13732147216797,6.579619884490967,175.3675537109375,2.119999885559082,58.32218551635742,37.48590087890625
2018-09-21,31.020000457763672,95.75050354003906,16.830625534057617,174.8513641357422,20.229326248168945,24.525217056274414,58.05358123779297,13.368342399597168,39.905452728271484,161.3843231201172,18.016075134277344,105.77608489990234,6.50969123840332,174.40872192382812,2.069999933242798,58.16462707519531,37.39255142211914
2018-09-24,32.61000061035156,96.71800231933594,17.138124465942383,177.67227172851562,20.339401245117188,24.525217056274414,58.42207336425781,13.289798736572266,40.119266510009766,163.8407745361328,18.044757843017578,106.15564727783203,6.565288066864014,174.8937225341797,1.9910000562667847,58.36542510986328,38.09694290161133
2018-09-25,32.56999969482422,98.72750091552734,17.15999984741211,176.50306701660156,20.192638397216797,24.71642303466797,59.13181686401367,12.99917984008789,39.2640266418457,163.34552001953125,17.76758575439453,105.95197296142578,6.632249355316162,175.13156127929688,2.131999969482422,57.435604095458984,37.48590087890625
2018-09-26,32.189998626708984,98.74250030517578,16.49187469482422,175.1947021484375,20.011619567871094,24.62973976135254,59.14024353027344,12.967761039733887,39.08442306518555,165.3661651611328,17.672006607055664,105.5168685913086,6.595432281494141,175.25515747070312,2.0999999046325684,56.84204864501953,37.570770263671875
2018-09-27,32.59000015258789,100.64900207519531,16.5831241607666,175.13897705078125,20.094791412353516,24.792903900146484,59.79896926879883,12.787109375,39.238365173339844,167.23822021484375,17.88227081298828,105.91496276855469,6.607293605804443,176.7388153076172,2.055999994277954,57.05612564086914,37.98661804199219
2018-09-28,30.889999389648438,100.1500015258789,16.616249084472656,174.4709014892578,20.11762237548828,24.759761810302734,59.78510284423828,12.810674667358398,40.44425582885742,162.89979553222656,18.4461727142334,105.87792205810547,6.943836212158203,176.70079040527344,2.061000108718872,57.41604995727539,37.477413177490234
2018-10-01,31.420000076293945,100.21800231933594,16.227500915527344,176.38246154785156,20.344297409057617,24.65523910522461,59.85691452026367,12.70856761932373,39.72584533691406,160.8989715576172,18.47492790222168,107.02584075927734,7.149912357330322,177.06219482421875,2.1500000953674316,57.6146354675293,37.90174865722656
2018-10-02,29.020000457763672,98.56549835205078,16.009374618530273,176.45669555664062,20.229326248168945,24.66798210144043,59.812843322753906,12.983476638793945,41.136993408203125,157.8184814453125,18.599571228027344,106.59998321533203,7.07874870300293,176.66278076171875,2.1459999084472656,57.6146354675293,37.019126892089844
2018-10-03,28.43000030517578,97.63800048828125,16.339374542236328,177.9877471923828,20.336956024169922,24.62973976135254,60.00551223754883,13.156272888183594,41.70145034790039,160.88905334472656,18.762550354003906,106.61851501464844,7.084926605224609,176.85293579101562,2.140000104904175,57.667388916015625,37.30767059326172
2018-10-04,27.780000686645508,95.47100067138672,16.108749389648438,173.95126342773438,20.235036849975586,24.650136947631836,58.29875183105469,13.234819412231445,41.162654876708984,157.343017578125,18.484516143798828,104.41522216796875,6.901088237762451,173.45762634277344,1.2599999904632568,56.64657211303711,36.009212493896484
2018-10-05,27.350000381469727,94.48249816894531,15.704375267028809,170.54571533203125,19.91377830505371,24.718969345092773,57.841102600097656,12.677146911621094,40.221885681152344,155.83743286132812,17.832576751708984,103.80424499511719,6.668078422546387,171.33670043945312,1.2400000095367432,55.306209564208984,35.33028030395508
2018-10-08,26.459999084472656,93.22100067138672,15.2006254196167,168.58775329589844,19.68058204650879,24.359508514404297,57.251220703125,12.480783462524414,40.221885681152344,155.75820922851562,17.592891693115234,102.61927795410156,6.567014694213867,170.29052734375,1.475000023841858,54.688743591308594,34.76166915893555
2018-10-09,27.239999771118164,93.51599884033203,14.915624618530273,169.7662353515625,19.95209503173828,24.112215042114258,56.718780517578125,12.323695182800293,39.811370849609375,156.4020233154297,17.707937240600586,103.9245834350586,6.561334609985352,170.84214782714844,1.246000051498413,54.6266975402832,34.71074295043945
2018-10-10,25.0,87.76249694824219,14.1118745803833,159.53111267089844,18.902719497680664,23.57429313659668,54.093265533447266,11.868134498596191,38.31470489501953,149.94390869140625,16.66290855407715,98.27752685546875,6.070852279663086,163.32861328125,1.2799999713897705,52.21589279174805,33.395294189453125
2018-10-11,25.299999237060547,85.96800231933594,13.4662504196167,159.40118408203125,18.663818359375,23.38818359375,54.02293014526367,11.491118431091309,37.82722091674805,151.8952178955078,16.988882064819336,98.04608154296875,5.809920787811279,161.30287170410156,1.3049999475479126,51.694618225097656,33.047340393066406
2018-10-12,26.34000015258789,89.43049621582031,13.898124694824219,161.7210235595703,18.994041442871094,24.091819763183594,55.4988899230957,12.111623764038086,38.38312530517578,152.28150939941406,17.26691246032715,101.43431854248047,6.091855049133301,165.79193115234375,1.3109999895095825,52.63473892211914,33.658390045166016
2018-10-15,26.260000228881836,88.04750061035156,13.801875114440918,160.85804748535156,18.95490074157715,24.219289779663086,54.602420806884766,12.048788070678711,38.08378219604492,152.06358337402344,17.37238121032715,99.61060333251953,5.816098213195801,163.78515625,1.3769999742507935,52.203460693359375,32.8860969543457
2018-10-16,28.18000030517578,90.99800109863281,14.598750114440918,168.62489318847656,19.431894302368164,24.387550354003906,56.11997604370117,12.182313919067383,39.289676666259766,157.273681640625,18.0914306640625,102.75816345214844,6.074311256408691,168.550048828125,1.3339999914169312,53.90376281738281,33.95541763305664
2018-10-17,27.299999237060547,91.58650207519531,14.934374809265137,171.67782592773438,19.338125228881836,24.244779586791992,55.84806442260742,12.190170288085938,39.24691390991211,157.90760803222656,18.177717208862305,102.48969268798828,6.005866527557373,168.6166534423828,1.3550000190734863,53.68968200683594,33.582000732421875
2018-10-18,26.6200008392334,88.53600311279297,14.568124771118164,163.72535705566406,18.592063903808594,24.089271545410156,54.378055572509766,12.040933609008789,38.460105895996094,153.4502716064453,17.34362030029297,100.44375610351562,5.918640613555908,164.70770263671875,1.3380000591278076,52.34618377685547,32.707881927490234
2018-10-19,23.65999984741211,88.20149993896484,14.359999656677246,163.09434509277344,18.613264083862305,23.90826416015625,54.73813247680664,12.127331733703613,37.63051986694336,152.58856201171875,17.027231216430664,100.59188842773438,5.662652015686035,164.5555419921875,1.409999966621399,51.561195373535156,32.63148498535156
2018-10-22,25.030000686645508,89.46499633789062,14.511249542236328,163.62330627441406,18.640981674194336,24.14535903930664,55.04470443725586,12.441513061523438,38.49430847167969,153.31163024902344,17.2573299407959,101.4898681640625,5.713305473327637,165.4019775390625,1.4700000286102295,51.8776741027832,32.86063766479492
2018-10-23,25.09000015258789,88.43499755859375,14.551875114440918,160.4868927001953,18.67604637145996,23.67626953125,55.22004699707031,12.292277336120605,38.058128356933594,152.92532348632812,16.816308975219727,100.07347869873047,5.462259292602539,164.79331970214844,1.465000033378601,51.60774230957031,32.24958419799805
2018-10-24,22.790000915527344,83.20999908447266,13.988750457763672,146.76268005371094,17.83295440673828,22.90635108947754,52.35778045654297,11.85242748260498,36.27923583984375,144.654541015625,15.857571601867676,94.72264099121094,4.927301406860352,157.25125122070312,1.4700000286102295,48.22264862060547,30.959596633911133
2018-10-25,19.270000457763672,89.1084976196289,14.41812515258789,156.85862731933594,18.12078094482422,23.161291122436523,54.65937805175781,11.899550437927246,37.89564895629883,149.51795959472656,16.145193099975586,100.25861358642578,5.13560152053833,162.69137573242188,1.4759999513626099,49.29930114746094,31.731887817382812
2018-10-26,17.6299991607666,82.1405029296875,13.720624923706055,154.2325897216797,17.379610061645508,22.554534912109375,53.676734924316406,11.491118431091309,39.075862884521484,143.9908905029297,15.033051490783691,99.01810455322266,4.899627208709717,158.50668334960938,1.440000057220459,48.44295883178711,31.120861053466797
2018-10-29,16.850000381469727,76.94400024414062,13.616250038146973,151.5972137451172,17.245075225830078,22.118581771850586,51.24882888793945,11.443990707397461,38.82785415649414,140.74200439453125,14.956351280212402,96.13903045654297,4.5865583419799805,155.2444610595703,1.3300000429153442,47.93720626831055,30.83229637145996
2018-10-30,17.200000762939453,76.52100372314453,14.2787504196167,156.5802459716797,18.020490646362305,22.608068466186523,51.98086929321289,11.726754188537598,40.84621047973633,144.8328399658203,15.464485168457031,96.02793884277344,5.016007423400879,157.80287170410156,1.2999999523162842,49.92915725708008,32.06288528442383
2018-10-31,18.209999084472656,79.90049743652344,14.396875381469727,159.9394073486328,18.222700119018555,23.04401397705078,54.0150146484375,11.978096008300781,40.09359359741211,150.3500213623047,15.732928276062012,98.87922668457031,5.209481716156006,161.51206970214844,1.309999942779541,50.56211853027344,32.33445739746094
2018-11-01,20.219999313354492,83.27649688720703,15.0600004196167,163.05728149414062,18.743722915649414,23.24031639099121,53.78717803955078,12.41009521484375,41.2396240234375,150.31039428710938,16.85466194152832,98.0553207397461,5.389366149902344,163.64251708984375,1.378999948501587,52.93571090698242,33.14069747924805
2018-11-02,20.229999542236328,83.27649688720703,16.110624313354492,162.3798370361328,18.00092124938965,23.245420455932617,53.06950378417969,12.480783462524414,40.290313720703125,148.92369079589844,16.86424446105957,98.27752685546875,5.310544013977051,161.09361267089844,1.375,52.138301849365234,32.91155242919922
2018-11-05,19.899999618530273,81.38999938964844,15.5600004196167,160.40335083007812,17.945478439331055,23.38053321838379,52.288936614990234,12.512202262878418,41.02580642700195,147.26951599121094,16.432811737060547,99.52726745605469,5.2327094078063965,160.69419860839844,1.2359999418258667,51.6635856628418,32.656951904296875
2018-11-06,20.68000030517578,82.1405029296875,15.319375038146973,164.64402770996094,18.610815048217773,23.47995948791504,52.97440719604492,12.472931861877441,40.66435241699219,148.51756286621094,16.164369583129883,99.7217025756836,5.215165138244629,161.9115447998047,1.2369999885559082,52.26551818847656,32.86912155151367
2018-11-07,21.84000015258789,87.77449798583984,15.846875190734863,164.63475036621094,19.11227035522461,24.948413848876953,54.889686584472656,12.755694389343262,41.929466247558594,150.0924835205078,16.18354034423828,103.64685821533203,5.282622814178467,166.990234375,1.2070000171661377,52.8581428527832,33.25101852416992
2018-11-08,21.200000762939453,87.74549865722656,15.762499809265137,162.3798370361328,19.589262008666992,25.218652725219727,54.21560287475586,12.763545989990234,42.16183853149414,146.46717834472656,16.020557403564453,103.45245361328125,5.089887619018555,165.9250946044922,1.1649999618530273,52.71540832519531,32.84366226196289
2018-11-09,21.030000686645508,85.62149810791016,15.276874542236328,162.85311889648438,19.48652458190918,24.996856689453125,53.34339904785156,12.347260475158691,41.40449142456055,143.58480834960938,15.713753700256348,101.43431854248047,5.081981658935547,163.12889099121094,1.2139999866485596,51.71012878417969,32.308998107910156
2018-11-12,19.030000686645508,81.84249877929688,14.788749694824219,156.82154846191406,18.234115600585938,25.111576080322266,51.97343063354492,12.00166130065918,40.147987365722656,140.2071533203125,15.138513565063477,98.934814453125,4.683419704437256,158.19281005859375,1.1779999732971191,49.401695251464844,31.451828002929688
2018-11-13,19.610000610351562,81.55850219726562,14.772500038146973,158.57530212402344,18.331953048706055,25.894241333007812,51.90459442138672,12.048788070678711,40.78483581542969,140.8113555908203,15.071402549743652,98.99959564208984,4.924830436706543,158.3259735107422,1.1740000247955322,50.08119583129883,31.740381240844727
2018-11-14,20.809999465942383,79.95050048828125,14.343125343322754,160.28269958496094,18.44366455078125,26.944595336914062,52.23196792602539,11.899550437927246,40.52664566040039,142.851806640625,15.080986976623535,97.59565734863281,4.872445583343506,157.11805725097656,1.2050000429153442,50.301483154296875,32.11380386352539
2018-11-15,21.489999771118164,80.97200012207031,15.262499809265137,164.05015563964844,19.27045440673828,26.783985137939453,53.0477180480957,12.033080101013184,41.40449142456055,142.4853515625,15.435720443725586,99.743408203125,5.000935077667236,159.86669921875,1.2419999837875366,52.00177764892578,32.69089126586914
2018-11-16,20.65999984741211,79.67050170898438,14.960624694824219,156.81227111816406,19.374008178710938,26.63357162475586,52.91002655029297,11.938826560974121,42.02412414550781,138.206298828125,15.243973731994629,100.68244934082031,4.062965393066406,159.30555725097656,1.4299999475479126,51.37502670288086,31.29059600830078
2018-11-19,19.110000610351562,75.614501953125,13.9375,151.80133056640625,18.68256950378418,26.33528709411621,50.88677215576172,11.648210525512695,41.30982208251953,130.302001953125,14.563273429870605,97.27027893066406,3.5754497051239014,154.1317138671875,1.375,49.41100311279297,30.594667434692383
2018-11-20,19.209999084472656,74.77300262451172,13.711250305175781,149.70420837402344,18.56678581237793,26.167028427124023,51.03684997558594,11.412575721740723,40.78483581542969,131.1736602783203,14.592033386230469,94.564697265625,3.6836776733398438,151.3735809326172,1.340000033378601,49.47305679321289,30.246713638305664
2018-11-21,18.729999542236328,75.83650207519531,13.688750267028809,152.0983123779297,18.753503799438477,26.256258010864258,51.67973327636719,11.546101570129395,40.475013732910156,133.54098510742188,15.023467063903809,95.86634063720703,3.5756967067718506,152.52439880371094,1.3480000495910645,49.67783737182617,30.696517944335938
2018-11-23,19.3799991607666,75.10299682617188,13.702500343322754,151.86631774902344,18.745351791381836,26.49335479736328,51.01951599121094,11.420427322387695,40.05331039428711,130.48028564453125,15.004288673400879,95.82916259765625,3.582862138748169,151.421142578125,1.3980000019073486,49.70576477050781,30.51828956604004
2018-11-26,20.079999923706055,79.06649780273438,14.148124694824219,155.3646240234375,19.18647003173828,26.92930030822754,52.299339294433594,11.71104621887207,40.83647918701172,135.08619689941406,15.320672988891602,98.99031066894531,3.781773805618286,154.92108154296875,1.3519999980926514,50.605552673339844,31.265121459960938
2018-11-27,21.049999237060547,79.07099914550781,14.046250343322754,155.3461151123047,19.22886085510254,26.6820068359375,52.11806106567383,11.828864097595215,41.37006378173828,133.71929931640625,15.359025955200195,99.61323547363281,3.7985756397247314,155.44418334960938,1.3899999856948853,50.68003463745117,31.23117446899414
2018-11-28,21.34000015258789,83.88749694824219,14.712499618530273,161.74887084960938,19.179128646850586,27.17658805847168,54.07493209838867,12.143041610717773,42.049949645996094,135.46258544921875,15.435720443725586,103.3136215209961,3.955232858657837,160.44683837890625,1.4049999713897705,51.86525344848633,32.2580680847168
2018-11-29,21.43000030517578,83.67849731445312,14.76937484741211,159.15992736816406,19.22479248046875,27.02362632751465,54.2131233215332,11.875988006591797,41.051631927490234,137.36436462402344,15.406960487365723,102.44896697998047,3.8921613693237305,159.9237823486328,1.4500000476837158,51.48673629760742,32.1901741027832
2018-11-30,21.299999237060547,84.50849914550781,14.904999732971191,159.00218200683594,19.357696533203125,26.891061782836914,54.95951461791992,11.78173828125,42.437232971191406,139.2760772705078,15.445310592651367,103.09979248046875,4.042296409606934,161.08409118652344,1.4900000095367432,52.203460693359375,31.901630401611328
2018-12-03,23.709999084472656,88.61799621582031,15.243124961853027,164.8574981689453,19.737659454345703,26.9038028717041,55.2918586730957,12.17446231842041,43.142940521240234,139.7515106201172,15.704168319702148,104.21549987792969,4.205790996551514,163.89930725097656,1.4950000047683716,53.57488250732422,32.86912155151367
2018-12-04,21.1200008392334,83.41999816894531,14.358124732971191,157.4153594970703,18.919843673706055,26.63102149963379,52.62276077270508,11.82101058959961,41.094661712646484,136.6214599609375,14.860478401184082,100.89627838134766,3.885978937149048,157.6126251220703,1.4789999723434448,51.01201629638672,31.774322509765625
2018-12-06,21.299999237060547,84.95950317382812,14.901874542236328,154.36248779296875,18.528465270996094,26.9242000579834,53.39590072631836,12.582894325256348,41.62825393676758,138.3053741455078,15.426136016845703,101.51924133300781,3.9151642322540283,158.72540283203125,1.590000033378601,50.75139236450195,31.282106399536133
2018-12-07,19.459999084472656,81.45649719238281,14.068124771118164,148.03392028808594,18.636096954345703,26.513750076293945,51.835750579833984,11.553953170776367,39.79511642456055,136.11631774902344,14.802955627441406,97.45621490478516,3.65100359916687,153.48507690429688,1.625,48.85872268676758,30.993547439575195
2018-12-10,19.989999771118164,82.05149841308594,14.360625267028809,149.77847290039062,19.50771713256836,26.541791915893555,52.16263198852539,11.443990707397461,40.62993240356445,140.50430297851562,14.716666221618652,100.03163146972656,3.7561237812042236,155.09231567382812,1.6349999904632568,49.485477447509766,30.91717529296875
2018-12-11,19.979999542236328,82.16200256347656,14.319999694824219,149.8341522216797,20.1265926361084,26.699853897094727,52.5821418762207,11.668012619018555,40.77622985839844,140.7321014404297,14.668730735778809,100.96136474609375,3.665349006652832,155.6058807373047,1.649999976158142,49.801944732666016,31.146310806274414
2018-12-12,20.479999542236328,83.177001953125,14.499375343322754,153.31390380859375,20.790300369262695,26.771240234375,53.180450439453125,11.588852882385254,41.163509368896484,143.129150390625,14.716666221618652,101.41695404052734,3.682910442352295,156.9754638671875,1.600000023841858,50.509368896484375,31.723417282104492
2018-12-13,19.860000610351562,82.91899871826172,14.2943754196167,152.2653045654297,21.061006546020508,26.896156311035156,53.17103576660156,11.470115661621094,41.55939865112305,143.63429260253906,15.004288673400879,101.76097869873047,3.682663679122925,157.02297973632812,1.6299999952316284,50.403873443603516,31.680973052978516
2018-12-14,19.899999618530273,79.59549713134766,13.775625228881836,149.4258270263672,20.77806854248047,26.970088958740234,52.08982849121094,11.256383895874023,41.1893310546875,142.6933135986328,14.745428085327148,98.58123016357422,3.6223130226135254,153.19964599609375,1.6649999618530273,49.690250396728516,31.002033233642578
2018-12-17,18.829999923706055,76.04550170898438,13.135624885559082,149.02684020996094,20.72099494934082,26.789079666137695,50.79911804199219,10.757684707641602,40.518043518066406,138.86001586914062,14.620797157287598,95.66180419921875,3.5513253211975098,149.7282257080078,1.534999966621399,49.046302795410156,30.738943099975586
2018-12-18,19.5,77.5739974975586,13.255624771118164,150.86416625976562,20.571857452392578,26.987932205200195,51.678749084472656,10.789349555969238,41.086055755615234,142.29710388183594,14.802955627441406,96.66592407226562,3.634432077407837,150.6697998046875,1.5049999952316284,49.69304275512695,31.197229385375977
2018-12-19,18.15999984741211,74.75399780273438,12.628125190734863,142.79110717773438,20.095613479614258,26.73044776916504,51.28498840332031,10.425215721130371,39.218505859375,131.97596740722656,14.151008605957031,96.40558624267578,3.4259235858917236,146.9700927734375,1.4900000095367432,47.57870864868164,30.74742889404297
2018-12-20,17.940000534057617,73.04149627685547,12.3256254196167,141.6775665283203,19.930814743041992,26.36333465576172,50.69658660888672,10.013593673706055,39.192691802978516,132.13446044921875,14.237296104431152,94.37873077392578,3.3415796756744385,144.83969116210938,1.4900000095367432,47.24912643432617,30.450401306152344
2018-12-21,16.93000030517578,68.87249755859375,12.073124885559082,137.7523956298828,20.179651260375977,26.18997573852539,49.0953254699707,9.981927871704102,38.59025573730469,123.7646255493164,14.275649070739746,91.32917785644531,3.204800844192505,140.3505859375,1.4010000228881836,46.446929931640625,30.306121826171875
2018-12-24,16.649999618530273,67.197998046875,11.806249618530273,134.56027221679688,19.264230728149414,20.522655487060547,48.76942443847656,9.712789535522461,37.51448059082031,122.88306427001953,13.871343612670898,87.51721954345703,3.143211841583252,136.87017822265625,1.4079999923706055,45.08504867553711,29.949689865112305
2018-12-26,17.899999618530273,73.54499816894531,12.532500267028809,141.90025329589844,20.44578742980957,20.683273315429688,51.89865493774414,10.14024543762207,39.75208282470703,132.9070587158203,14.891722679138184,93.4954833984375,3.2921125888824463,145.4162139892578,1.406000018119812,47.7901496887207,31.197229385375977
2018-12-27,17.489999771118164,73.08200073242188,12.801875114440918,143.26437377929688,20.669086456298828,20.395193099975586,52.148765563964844,10.369806289672852,39.898399353027344,133.2438507080078,15.11312198638916,94.0719223022461,3.244374990463257,145.9789581298828,1.3980000019073486,48.10420227050781,31.214200973510742
2018-12-28,17.81999969482422,73.9010009765625,12.859999656677246,143.9138946533203,20.894851684570312,20.91694450378418,51.8406982421875,10.3143949508667,40.23403549194336,131.9363555908203,15.064994812011719,93.3374252319336,3.3057165145874023,145.90269470214844,1.3899999856948853,48.44932174682617,31.51973533630371
2018-12-31,18.459999084472656,75.09850311279297,13.168749809265137,144.40567016601562,20.95170021057129,22.50079345703125,51.755516052246094,10.456881523132324,40.388946533203125,129.84637451171875,15.584810256958008,94.43453979492188,3.3020050525665283,147.13304138183594,1.3799999952316284,48.78824234008789,31.324542999267578
2019-01-02,18.829999923706055,76.95649719238281,13.159375190734863,145.03668212890625,20.888259887695312,21.695056915283203,52.23693084716797,10.654779434204102,40.518043518066406,134.39280700683594,15.883217811584473,94.01615905761719,3.369281768798828,147.72434997558594,1.5099999904632568,49.10226821899414,30.993547439575195
2019-01-03,17.049999237060547,75.01399993896484,12.475000381469727,137.03787231445312,19.030223846435547,20.778818130493164,50.79019546508789,10.433135986328125,38.28904342651367,130.49020385742188,15.180511474609375,90.5574951171875,3.1657204627990723,142.898193359375,1.5700000524520874,46.23860168457031,29.160419464111328
2019-01-04,19.0,78.76950073242188,12.654375076293945,142.96737670898438,19.217266082763672,21.188596725463867,53.39540100097656,10.923917770385742,40.63854217529297,136.6412811279297,15.63293743133545,94.76924133300781,3.368539810180664,149.0120086669922,1.555999994277954,48.324947357177734,29.6781063079834
2019-01-07,20.56999969482422,81.47550201416016,13.119999885559082,146.23374938964844,19.608644485473633,21.32672119140625,53.288917541503906,11.137651443481445,40.82786560058594,136.74034118652344,15.98910903930664,94.89009094238281,3.546872854232788,150.7860870361328,1.5700000524520874,49.21731185913086,29.898765563964844
2019-01-08,20.75,82.8290023803711,13.392499923706055,145.15731811523438,19.451265335083008,21.579952239990234,53.756961822509766,10.923917770385742,41.086055755615234,141.17784118652344,16.06612205505371,95.57811737060547,3.4585723876953125,152.1500701904297,1.559999942779541,49.00278091430664,29.65264892578125
2019-01-09,20.190000534057617,82.97100067138672,13.559374809265137,151.17967224121094,20.29253578186035,21.612184524536133,53.57271957397461,11.129733085632324,41.31843185424805,142.86170959472656,16.451168060302734,96.94485473632812,3.5265910625457764,153.38999938964844,1.5529999732971191,50.262046813964844,30.221263885498047
2019-01-10,19.739999771118164,82.81099700927734,13.6225004196167,150.89199829101562,20.559497833251953,20.806442260742188,53.433048248291016,11.185145378112793,41.79176330566406,142.83200073242188,16.470420837402344,96.32192993164062,3.5921366214752197,153.8287353515625,1.5529999732971191,50.70668029785156,30.9086856842041
2019-01-11,20.270000457763672,82.02799987792969,13.631250381469727,150.34449768066406,20.646015167236328,20.474939346313477,52.7218132019043,11.272216796875,42.11018753051758,142.43580627441406,16.682201385498047,95.57811737060547,3.681180000305176,153.2659912109375,1.503000020980835,51.25081253051758,31.069936752319336
2019-01-14,20.229999542236328,80.8604965209961,13.473750114440918,147.25450134277344,20.670734405517578,19.70603370666504,52.079917907714844,11.208890914916992,41.611026763916016,144.01071166992188,16.403038024902344,94.88085174560547,3.7210006713867188,151.91162109375,1.534000039100647,50.417518615722656,30.348552703857422
2019-01-15,20.3799991607666,83.72799682617188,13.928125381469727,147.75555419921875,21.13380241394043,19.80272674560547,53.81342697143555,11.430533409118652,41.82618713378906,147.53692626953125,16.21051025390625,97.63286590576172,3.7069036960601807,154.87794494628906,1.5099999904632568,50.56367111206055,30.58618927001953
2019-01-16,19.729999542236328,84.18900299072266,13.827500343322754,145.94606018066406,20.739126205444336,19.623159408569336,53.962013244628906,11.335545539855957,41.42169189453125,146.1403045654297,16.017986297607422,97.97686767578125,3.681427001953125,154.84930419921875,1.4950000047683716,50.10037612915039,30.246713638305664
2019-01-17,20.25,84.66100311279297,13.814374923706055,146.1873016357422,21.038219451904297,20.125022888183594,54.43798828125,11.295966148376465,41.714317321777344,146.89312744140625,15.902474403381348,98.6648941040039,3.7526612281799316,156.07015991210938,1.4800000190734863,50.56367111206055,30.798364639282227
2019-01-18,20.770000457763672,84.80999755859375,14.505000114440918,150.97547912597656,21.490570068359375,19.959264755249023,54.843135833740234,11.62051773071289,42.33395767211914,148.61656188964844,16.2490177154541,100.14319610595703,3.881525993347168,157.6153106689453,1.5,51.8788948059082,31.265121459960938
2019-01-22,19.760000228881836,81.6084976196289,13.936875343322754,148.006103515625,21.282108306884766,20.286169052124023,53.42314147949219,11.43844985961914,41.54218292236328,146.17002868652344,16.03724479675293,98.25577545166016,3.6796951293945312,154.45826721191406,1.472000002861023,50.386417388916016,30.86624526977539
2019-01-23,19.799999237060547,82.0009994506836,13.8931245803833,150.43728637695312,21.21866226196289,20.54400634765625,53.709415435791016,11.430533409118652,41.25817108154297,142.93106079101562,16.056495666503906,99.21343994140625,3.6925570964813232,154.65850830078125,1.4900000095367432,50.03196716308594,30.96808624267578
2019-01-24,20.850000381469727,82.74649810791016,14.153124809265137,156.72872924804688,21.715513229370117,20.700550079345703,53.68911361694336,11.683844566345215,42.82450866699219,144.446533203125,16.84583854675293,98.73926544189453,3.90403413772583,155.66006469726562,1.4980000257492065,52.93917465209961,31.944068908691406
2019-01-25,21.93000030517578,83.52850341796875,14.203749656677246,163.92950439453125,22.077238082885742,21.13794708251953,54.55635452270508,12.15088176727295,40.48362350463867,147.5963592529297,17.875844955444336,99.64112091064453,3.961169958114624,157.51991271972656,1.4950000047683716,54.036766052246094,32.36840057373047
2019-01-28,20.18000030517578,81.89450073242188,13.457500457763672,161.60040283203125,22.05086898803711,21.593769073486328,53.48406219482422,12.396273612976074,40.199615478515625,146.0709686279297,17.67369842529297,97.69795227050781,3.41355562210083,155.57418823242188,1.475000023841858,52.97026824951172,31.774322509765625
2019-01-29,19.25,79.69400024414062,12.901249885559082,162.0272216796875,21.94374656677246,21.57073974609375,52.99868392944336,12.166711807250977,40.05331039428711,142.8220977783203,17.45228385925293,95.70829010009766,3.2550103664398193,154.10531616210938,1.4950000047683716,52.20536422729492,30.83229637145996
2019-01-30,23.09000015258789,83.52149963378906,13.140000343322754,164.4213409423828,22.314538955688477,22.100231170654297,54.382015228271484,12.28545093536377,40.9139289855957,148.99301147460938,17.683319091796875,98.9066390991211,3.3982207775115967,158.02542114257812,1.5069999694824219,53.71961212158203,31.723417282104492
2019-01-31,24.40999984741211,85.9365005493164,13.423749923706055,162.4169921875,22.102779388427734,22.371877670288086,55.763858795166016,12.340860366821289,40.55247116088867,165.10865783691406,17.837339401245117,97.09361267089844,3.555529832839966,160.39088439941406,1.5099999904632568,53.694732666015625,31.92709732055664
2019-02-01,24.510000228881836,81.3115005493164,13.78125,165.5534210205078,21.984130859375,22.85992431640625,55.40379333496094,12.42002010345459,41.938079833984375,164.13800048828125,17.721824645996094,95.55953216552734,3.5797693729400635,159.71365356445312,1.5260000228881836,54.33835983276367,31.88465118408203
2019-02-04,24.1299991607666,81.66549682617188,13.651874542236328,166.6205291748047,22.421655654907227,23.403223037719727,56.53304672241211,12.499181747436523,42.35977554321289,167.6443634033203,17.875844955444336,98.31157684326172,3.689836263656616,161.6975860595703,1.5299999713897705,54.61198043823242,32.198665618896484
2019-02-05,23.309999465942383,82.94049835205078,14.001874923706055,168.52284240722656,22.24696922302246,23.51371955871582,57.05061721801758,12.578337669372559,43.039669036865234,169.53622436523438,17.96247673034668,99.68759155273438,3.708881378173828,163.12826538085938,1.5740000009536743,54.8607177734375,32.46175765991211
2019-02-06,23.260000228881836,82.01300048828125,14.041874885559082,173.39450073242188,22.758647918701172,23.453866958618164,55.615272521972656,12.736653327941895,43.21720504760742,168.87261962890625,18.32827377319336,98.58123016357422,3.784320592880249,162.6417999267578,1.565999984741211,56.337650299072266,32.87761306762695
2019-02-07,22.670000076293945,80.71849822998047,13.767499923706055,168.04954528808594,22.17198944091797,23.22365951538086,54.7742805480957,12.546675682067871,42.63693618774414,164.8015594482422,17.644817352294922,97.87458038330078,3.646304130554199,160.4575958251953,1.534999966621399,55.115699768066406,32.35142517089844
2019-02-08,23.049999237060547,79.41100311279297,14.146249771118164,168.02174377441406,22.581501007080078,23.707101821899414,54.59944534301758,12.60208797454834,42.299163818359375,165.74258422851562,17.702571868896484,98.24652862548828,3.6648545265197754,160.77236938476562,1.5399999618530273,55.01930618286133,32.07136535644531
2019-02-11,22.959999084472656,79.55000305175781,14.323749542236328,165.65550231933594,22.718276977539062,23.95112419128418,54.586570739746094,12.5387601852417,42.23854446411133,164.21717834472656,18.337905883789062,97.85601043701172,3.6223130226135254,160.61976623535156,1.5449999570846558,55.289817810058594,32.49571228027344
2019-02-12,22.81999969482422,81.90049743652344,14.903124809265137,169.61778259277344,23.020666122436523,24.6785888671875,55.84756851196289,12.665412902832031,43.31248474121094,163.47427368164062,18.674819946289062,99.38080596923828,3.7390570640563965,162.99478149414062,1.6200000047683716,56.45891571044922,32.7927360534668
2019-02-13,22.850000381469727,82.0,14.774999618530273,169.17234802246094,23.1796932220459,24.839736938476562,55.89958190917969,12.704992294311523,43.710880279541016,162.51353454589844,18.56892967224121,99.30640411376953,3.7813525199890137,163.1091766357422,1.6349999904632568,56.63925552368164,32.35991287231445
2019-02-14,23.1299991607666,81.13249969482422,15.048749923706055,171.0467987060547,23.19452476501465,25.037717819213867,55.92780685424805,12.65749454498291,44.005348205566406,162.3946533203125,18.472671508789062,99.39008331298828,3.8221635818481445,163.30955505371094,1.6150000095367432,56.79161071777344,32.30051040649414
2019-02-15,23.68000030517578,80.39749908447266,16.496875762939453,171.08389282226562,23.229955673217773,25.32317543029785,55.45381546020508,12.736653327941895,44.74151611328125,160.95838928222656,18.126123428344727,100.61736297607422,3.891667366027832,163.9962158203125,1.9759999513626099,57.0838737487793,32.32596206665039
2019-02-19,23.950000762939453,81.37899780273438,16.8487491607666,169.31155395507812,23.20771598815918,25.341594696044922,55.79457473754883,12.736653327941895,44.51633071899414,160.7503662109375,18.588184356689453,100.57086181640625,3.8743529319763184,164.32049560546875,1.996999979019165,57.00615310668945,32.63998031616211
2019-02-20,23.950000762939453,81.1050033569336,16.920000076293945,170.60140991210938,23.352725982666016,25.571805953979492,55.501365661621094,12.704992294311523,44.507659912109375,161.01780700683594,19.059865951538086,100.04798126220703,3.9215948581695557,164.2919158935547,1.9199999570846558,57.491207122802734,33.098262786865234
2019-02-21,23.920000076293945,80.97200012207031,16.90625,169.3765106201172,23.14838409423828,25.571805953979492,54.69009017944336,12.847476959228516,44.52499008178711,158.52169799804688,18.876968383789062,102.158203125,3.8528339862823486,163.69102478027344,1.9329999685287476,57.06523513793945,33.08129119873047
2019-02-22,24.360000610351562,81.5780029296875,17.185625076293945,171.5664825439453,22.78254508972168,25.866474151611328,55.30176544189453,12.918721199035645,45.46034622192383,160.3541717529297,18.915475845336914,103.61479949951172,3.937425374984741,164.90234375,1.9739999771118164,57.67776870727539,33.42924118041992
2019-02-25,24.709999084472656,81.6500015258789,17.456249237060547,173.51513671875,22.955575942993164,26.078266143798828,55.33990478515625,13.267022132873535,45.9886474609375,163.0582733154297,18.963611602783203,104.19369506835938,3.925058126449585,165.5032196044922,1.9670000076293945,58.15348434448242,33.590492248535156
2019-02-26,24.209999084472656,81.81999969482422,17.533124923706055,172.0025634765625,22.658958435058594,26.119707107543945,55.571693420410156,13.298686981201172,46.101253509521484,162.57293701171875,19.136877059936523,104.91266632080078,3.885730504989624,165.67491149902344,1.9390000104904175,57.78969192504883,33.607460021972656
2019-02-27,23.479999542236328,82.05449676513672,17.749374389648438,170.85194396972656,22.369739532470703,25.898710250854492,55.615272521972656,13.219525337219238,46.10991287231445,161.2654571533203,18.973228454589844,104.7352523803711,3.84393048286438,165.5699920654297,1.909999966621399,57.096309661865234,33.480167388916016
2019-02-28,23.530000686645508,81.99150085449219,17.828125,169.69203186035156,22.68861198425293,25.700719833374023,55.79656219482422,12.966217041015625,45.867401123046875,159.91836547851562,19.204259872436523,104.60455322265625,3.819417953491211,165.18850708007812,1.9119999408721924,57.13050842285156,33.14069747924805
2019-03-01,23.68000030517578,83.58650207519531,17.908750534057617,171.7705535888672,22.473560333251953,26.08287239074707,56.884700775146484,12.966217041015625,46.161865234375,160.740478515625,19.281267166137695,105.0713882446289,3.8736417293548584,166.33302307128906,1.9550000429153442,57.637351989746094,33.42924118041992
2019-03-04,23.3700008392334,84.80850219726562,17.774999618530273,172.28097534179688,22.64988899230957,25.47972297668457,57.12739181518555,12.792068481445312,46.716163635253906,165.7821807861328,19.387155532836914,104.81929016113281,3.88181209564209,166.3616485595703,1.9550000429153442,57.643558502197266,33.22556686401367
2019-03-05,23.5,84.62149810791016,17.361249923706055,171.23239135742188,22.824567794799805,25.378427505493164,57.90846252441406,12.77623462677002,46.49098205566406,169.63525390625,19.30052375793457,104.29641723632812,3.8753738403320312,166.48565673828125,1.975000023841858,57.42280197143555,33.11522674560547
2019-03-06,22.40999984741211,83.44750213623047,17.193750381469727,168.10523986816406,22.358205795288086,24.73844337463379,57.69796371459961,12.633747100830078,45.858741760253906,170.8734130859375,18.86733627319336,104.34310150146484,3.7646992206573486,165.5413360595703,1.9199999570846558,56.474456787109375,32.92003631591797
2019-03-07,22.079999923706055,81.29750061035156,17.264375686645508,164.7275848388672,21.87701416015625,24.462190628051758,57.00010299682617,12.404189109802246,45.55561828613281,167.5255126953125,18.453414916992188,103.0732650756836,3.695619583129883,163.50978088378906,1.9459999799728394,55.865047454833984,32.78424835205078
2019-03-08,22.010000228881836,81.04000091552734,17.159374237060547,165.95242309570312,21.76824951171875,24.103063583374023,56.956520080566406,12.356693267822266,45.45168685913086,167.99102783203125,17.981733322143555,103.18527221679688,3.729788064956665,163.26181030273438,1.9450000524520874,55.81529235839844,32.419315338134766
2019-03-11,22.959999084472656,83.53099822998047,17.612499237060547,168.040283203125,22.169519424438477,24.931821823120117,58.407222747802734,12.578337669372559,46.205177307128906,170.43760681152344,18.655561447143555,105.35151672363281,3.989764928817749,166.65733337402344,1.9500000476837158,57.114990234375,32.7927360534668
2019-03-12,23.489999771118164,83.65499877929688,17.818124771118164,169.3579559326172,22.21648406982422,25.18505096435547,59.29823684692383,12.206018447875977,46.39571762084961,170.2890167236328,19.050243377685547,106.08914947509766,4.023933410644531,167.57298278808594,1.9600000381469727,57.329524993896484,33.01339340209961
2019-03-13,23.3799991607666,84.54049682617188,18.281875610351562,169.3765106201172,22.346670150756836,25.300159454345703,59.38788604736328,12.373443603515625,47.08856201171875,171.7252655029297,18.953977584838867,106.91083526611328,4.174964904785156,168.83197021484375,1.9800000190734863,57.55961990356445,33.27648162841797
2019-03-14,22.81999969482422,84.31099700927734,18.288124084472656,170.08168029785156,22.09865951538086,26.326894760131836,59.06446075439453,12.485058784484863,46.28312301635742,168.55563354492188,18.68444061279297,106.9948501586914,4.099201679229736,168.5457763671875,2.003000020980835,57.245574951171875,32.94549560546875
2019-03-15,23.290000915527344,85.61799621582031,18.547500610351562,178.91574096679688,23.91878890991211,27.73118019104004,58.95401382446289,12.811934471130371,47.05392837524414,164.40536499023438,19.387155532836914,108.22737884521484,4.204430103302002,170.11009216308594,2.007999897003174,58.905941009521484,33.64990234375
2019-03-18,23.25,87.10749816894531,18.700000762939453,176.90206909179688,24.21129608154297,27.850887298583984,58.86733627319336,12.62856388092041,46.854740142822266,158.94764709472656,19.204259872436523,109.7773666381836,4.183136940002441,170.51522827148438,2.0299999713897705,58.81576156616211,33.81962585449219
2019-03-19,26.0,88.09249877929688,18.448749542236328,177.05984497070312,24.662006378173828,27.827869415283203,59.55628204345703,12.660456657409668,46.91536331176758,160.0372314453125,19.473793029785156,109.85204315185547,4.350512504577637,171.08856201171875,2.0260000228881836,59.57755661010742,33.743247985839844
2019-03-20,25.700000762939453,89.8635025024414,18.653125762939453,177.3660888671875,24.1939697265625,27.45493507385254,60.74348449707031,12.652482986450195,46.61223220825195,163.87049865722656,19.26201820373535,109.73063659667969,4.3180766105651855,171.76693725585938,2.049999952316284,59.01947784423828,33.81962585449219
2019-03-21,27.889999389648438,90.96299743652344,19.688749313354492,180.35401916503906,24.673641204833984,27.95218276977539,61.223907470703125,12.77207088470459,47.32241439819336,164.50440979003906,20.012861251831055,112.25170135498047,4.5542826652526855,174.45199584960938,2.069999933242798,61.05850601196289,34.829551696777344
2019-03-22,26.3700008392334,88.2385025024414,18.760000228881836,174.2203369140625,24.32863998413086,27.4180965423584,59.81333541870117,12.190075874328613,46.127227783203125,162.7809295654297,18.973228454589844,109.29181671142578,4.394830703735352,170.6203155517578,2.059999942779541,59.337493896484375,34.31187057495117
2019-03-25,25.969999313354492,88.71299743652344,18.826875686645508,172.9027099609375,24.28790283203125,26.377540588378906,59.30467987060547,12.078455924987793,45.711509704589844,164.71241760253906,18.99247932434082,109.86138916015625,4.302725791931152,170.29547119140625,2.0899999141693115,58.595455169677734,33.8790397644043
2019-03-26,25.690000534057617,89.18800354003906,19.362499237060547,173.7935028076172,24.69276237487793,27.114221572875977,58.93122863769531,12.206018447875977,46.28312301635742,166.08926391601562,18.953977584838867,110.09481811523438,4.379232406616211,171.08856201171875,2.0859999656677246,59.156654357910156,34.286407470703125
2019-03-27,24.889999389648438,88.28500366210938,19.4581241607666,170.7963104248047,24.604639053344727,26.49264907836914,58.34530258178711,12.166156768798828,46.04062271118164,164.2964324951172,19.079116821289062,109.03034973144531,4.370070934295654,169.9896697998047,2.0950000286102295,58.327335357666016,34.116668701171875
2019-03-28,25.059999465942383,88.6709976196289,19.518749237060547,170.92617797851562,24.86235237121582,26.207185745239258,58.061004638671875,12.166156768798828,45.997318267822266,163.97947692871094,18.694068908691406,109.17977905273438,4.388640880584717,170.3814697265625,2.0999999046325684,58.23067855834961,34.23549270629883
2019-03-29,25.520000457763672,89.0374984741211,19.653749465942383,174.4987030029297,24.998687744140625,27.022132873535156,58.289833068847656,12.301692008972168,46.508304595947266,165.10865783691406,19.146493911743164,110.1228256225586,4.445835590362549,171.67144775390625,2.11299991607666,59.09430694580078,34.76166915893555
2019-04-01,26.360000610351562,90.70950317382812,19.897499084472656,178.60946655273438,25.421003341674805,27.82326889038086,59.3839225769043,12.676401138305664,47.20982360839844,167.0995635986328,19.493045806884766,111.1312255859375,4.51318359375,173.94558715820312,2.190000057220459,60.56899642944336,35.10961151123047
2019-04-02,26.75,90.6989974975586,19.901874542236328,179.87149047851562,25.193218231201172,28.210018157958984,59.70882797241211,12.61262035369873,47.07991409301758,172.54737854003906,19.483388900756836,111.28998565673828,4.531008243560791,174.60491943359375,2.194999933242798,60.65941619873047,35.02473831176758
2019-04-03,29.020000457763672,91.03500366210938,20.109375,183.490478515625,25.2888240814209,28.35735511779785,59.969844818115234,12.636537551879883,48.0499153137207,171.89366149902344,19.917856216430664,112.01825714111328,4.670158863067627,175.6082305908203,2.2019999027252197,62.00007247924805,35.466068267822266
2019-04-04,29.09000015258789,90.94300079345703,19.571874618530273,184.08438110351562,25.105928421020508,27.78182601928711,60.39777755737305,12.811934471130371,48.43100357055664,174.35011291503906,20.24612045288086,111.44868469238281,4.661245346069336,175.54135131835938,2.2009999752044678,62.134132385253906,35.678245544433594
2019-04-05,28.979999542236328,91.86399841308594,19.44124984741211,186.87741088867188,25.29547119140625,28.638214111328125,60.00154495239258,12.875714302062988,48.153846740722656,174.052978515625,20.564729690551758,111.94356536865234,4.727847576141357,176.44908142089844,2.203000068664551,62.583106994628906,35.83946990966797
2019-04-08,28.530000686645508,92.49299621582031,19.806249618530273,188.89102172851562,25.31209945678711,28.771738052368164,59.84453201293945,12.90760612487793,48.22313690185547,173.27044677734375,20.69989585876465,111.98091888427734,4.748645782470703,176.89820861816406,2.200000047683716,62.729644775390625,35.97526550292969
2019-04-09,27.239999771118164,91.79199981689453,19.82437515258789,187.04444885253906,25.22646713256836,28.421812057495117,59.56766891479492,12.716263771057129,47.911346435546875,175.8953399658203,20.960573196411133,111.3740005493164,4.686005592346191,176.27708435058594,2.1989998817443848,62.07802963256836,35.82249450683594
2019-04-10,27.829999923706055,92.36650085449219,20.140625,185.3927001953125,25.563983917236328,29.140071868896484,59.7538948059082,12.97138786315918,48.28376007080078,176.13304138183594,21.568828582763672,112.22369384765625,4.756321430206299,177.2230682373047,2.190000057220459,62.55813980102539,35.95829391479492
2019-04-11,27.790000915527344,92.20349884033203,20.139375686645508,183.64817810058594,25.721940994262695,29.402507781982422,59.909427642822266,12.97138786315918,48.32706069946289,175.8260040283203,21.85846710205078,112.35440826416016,4.742456912994385,176.8026580810547,2.200000047683716,62.5051383972168,35.72914123535156
2019-04-12,27.850000381469727,92.15299987792969,20.298124313354492,188.20436096191406,26.355403900146484,29.24136734008789,60.56023025512695,13.075029373168945,48.86403274536133,177.4009246826172,22.920501708984375,112.93331146240234,4.704574108123779,177.56704711914062,2.197000026702881,63.37189865112305,36.136512756347656
2019-04-15,27.329999923706055,92.24349975585938,20.458749771118164,185.43911743164062,26.303037643432617,29.411718368530273,60.74843215942383,13.146780967712402,48.742774963378906,177.94570922851562,22.891529083251953,113.02670288085938,4.573100566864014,177.59571838378906,2.2009999752044678,62.9011116027832,36.16196823120117
2019-04-16,27.93000030517578,93.1520004272461,20.533750534057617,188.9467010498047,26.47761344909668,28.909862518310547,61.01490020751953,13.234481811523438,49.11518859863281,177.173095703125,23.181177139282227,112.76522827148438,4.66000509262085,178.20724487304688,2.200000047683716,64.91521453857422,36.501434326171875
2019-04-17,27.489999771118164,93.24099731445312,20.502500534057617,188.7054443359375,26.6463680267334,28.891443252563477,61.422523498535156,13.210561752319336,50.717437744140625,177.08392333984375,24.01148796081543,113.6989517211914,4.637227535247803,178.82838439941406,2.2100000381469727,65.99081420898438,37.672603607177734
2019-04-18,27.68000030517578,93.08450317382812,20.21125030517578,191.07171630859375,26.487581253051758,28.93748664855957,61.488399505615234,13.282315254211426,50.65680694580078,176.58868408203125,23.9921817779541,115.19290924072266,4.612715244293213,179.05767822265625,2.197000026702881,66.00017547607422,38.52976989746094
2019-04-22,28.18000030517578,94.3655014038086,20.475000381469727,190.70050048828125,26.186643600463867,29.121654510498047,62.09709548950195,13.226508140563965,50.9426155090332,179.71868896484375,23.982532501220703,115.55707550048828,4.666444778442383,179.56414794921875,2.197000026702881,65.95027923583984,38.31760025024414
2019-04-23,27.969999313354492,96.1884994506836,20.06624984741211,190.496337890625,26.239849090576172,29.92739486694336,62.930667877197266,13.17867660522461,50.90796661376953,182.0364990234375,24.25286102294922,117.12572479248047,4.720914840698242,181.8478546142578,2.2149999141693115,66.62995910644531,38.5467414855957
2019-04-24,28.459999084472656,95.0875015258789,20.326875686645508,190.6077423095703,26.130950927734375,30.50291633605957,62.40863037109375,12.97138786315918,50.85601043701172,180.847900390625,24.590774536132812,116.72418975830078,4.733295440673828,181.27456665039062,2.2190001010894775,67.24727630615234,38.53825759887695
2019-04-25,27.65999984741211,95.11250305175781,19.881874084472656,191.35008239746094,25.92228889465332,30.848236083984375,62.76970672607422,12.764101028442383,49.89466857910156,191.42657470703125,24.523195266723633,120.58979034423828,4.627819061279297,182.01031494140625,2.2249999046325684,66.06563568115234,37.74899673461914
2019-04-26,27.8799991607666,97.53150177001953,20.024999618530273,194.51947021484375,25.805070877075195,30.0931396484375,63.26894760131836,12.572754859924316,45.408382415771484,189.67337036132812,24.194934844970703,121.28077697753906,4.409438133239746,182.17276000976562,2.2200000286102295,65.52005767822266,37.290706634521484
2019-04-29,27.690000534057617,96.92150115966797,19.80500030517578,193.77784729003906,25.997108459472656,30.180620193481445,64.19910430908203,12.524921417236328,44.265159606933594,192.93215942382812,24.272174835205078,121.168701171875,4.4401421546936035,182.5262908935547,2.2300000190734863,65.44208526611328,37.19735336303711
2019-04-30,27.6299991607666,96.32599639892578,19.518125534057617,196.0403594970703,26.469297409057617,31.03700065612793,59.382930755615234,12.604646682739258,44.20453643798828,191.56524658203125,24.156312942504883,121.94371795654297,4.481490135192871,181.1121368408203,2.242000102996826,65.95964050292969,37.18885803222656
2019-05-01,26.809999465942383,95.57599639892578,19.403749465942383,193.75904846191406,26.5108642578125,31.57569694519043,58.11301040649414,12.588704109191895,43.9620361328125,191.19876098632812,23.82805061340332,119.40398406982422,4.468368053436279,180.52920532226562,2.2850000858306885,65.43273162841797,37.18885803222656
2019-05-02,28.290000915527344,95.04100036621094,19.428125381469727,193.32717895507812,26.25481605529785,31.373106002807617,57.77572250366211,12.54883861541748,43.7801628112793,190.70350646972656,23.857011795043945,117.84468078613281,4.535714149475098,179.7456817626953,2.240999937057495,66.06251525878906,37.68108367919922
2019-05-03,28.219999313354492,98.12300109863281,17.400625228881836,195.90890502929688,26.24566650390625,31.630949020385742,58.9168701171875,12.700318336486816,44.819454193115234,193.61561584472656,23.837709426879883,120.35637664794922,4.531256198883057,182.61231994628906,2.25,66.58007049560547,37.944190979003906
2019-05-06,27.420000076293945,97.52749633789062,17.08187484741211,192.61373901367188,25.901500701904297,31.39613914489746,59.11052703857422,12.485058784484863,44.63210678100586,192.04071044921875,23.58668327331543,119.65608978271484,4.453015327453613,181.4943389892578,2.25,65.49510192871094,37.137943267822266
2019-05-07,26.65999984741211,96.05000305175781,16.6043758392334,188.40789794921875,25.545700073242188,31.07383918762207,58.38740921020508,12.301692008972168,43.987281799316406,187.96966552734375,23.026702880859375,117.20037841796875,4.286136627197266,177.95880126953125,2.2100000381469727,63.883216857910156,37.137943267822266
2019-05-08,27.09000015258789,95.88849639892578,16.640625,189.1025848388672,25.22148323059082,30.8942813873291,57.98720932006836,12.23791217803955,42.90677261352539,187.7418670654297,23.036354064941406,117.19107818603516,4.306192398071289,177.5097198486328,2.130000114440918,63.337589263916016,37.08702087402344
2019-05-09,27.209999084472656,94.99349975585938,16.714374542236328,186.81192016601562,25.277177810668945,30.88967514038086,57.84803771972656,12.134265899658203,40.623756408691406,186.86029052734375,22.592235565185547,117.18172454833984,4.213838577270508,176.55418395996094,2.0999999046325684,62.63920974731445,36.70512390136719
2019-05-10,27.959999084472656,94.4990005493164,16.513750076293945,186.57725524902344,25.268863677978516,30.921905517578125,57.83169174194336,11.791444778442383,40.25777816772461,186.55328369140625,22.69843864440918,118.70368194580078,4.17991828918457,176.77392578125,2.010999917984009,62.729644775390625,36.34867477416992
2019-05-13,26.239999771118164,91.13400268554688,15.243749618530273,178.78517150878906,24.389324188232422,29.485393524169922,56.29383087158203,11.289172172546387,39.002986907958984,179.81776428222656,21.375730514526367,115.17426300048828,3.923161745071411,170.63943481445312,1.965000033378601,59.79579162597656,34.7871208190918
2019-05-14,27.31999969482422,92.00599670410156,15.555000305175781,185.9200439453125,25.105928421020508,30.456878662109375,55.712852478027344,11.35295295715332,39.360252380371094,179.01541137695312,22.09984016418457,116.4627914428711,4.01204776763916,172.5122833251953,1.9910000562667847,61.173866271972656,35.61882019042969
2019-05-15,27.579999923706055,93.55750274658203,15.543749809265137,188.35159301757812,25.302953720092773,31.26260757446289,57.98820114135742,11.4964599609375,39.75236892700195,184.50289916992188,22.30259132385254,118.10281372070312,3.951139211654663,174.94888305664062,2.0390000343322754,61.6446533203125,35.61882019042969
2019-05-16,28.010000228881836,95.37850189208984,15.851249694824219,189.76914978027344,24.714378356933594,32.13741683959961,58.666744232177734,11.584158897399902,39.673954010009766,185.216064453125,22.30259132385254,120.83000183105469,3.9662418365478516,176.70706176757812,2.002000093460083,60.67189025878906,35.245399475097656
2019-05-17,27.5,93.44999694824219,15.632499694824219,188.88670349121094,24.09919548034668,31.96706199645996,57.88814926147461,11.655911445617676,39.11626434326172,183.54209899902344,21.839162826538086,120.02403259277344,3.875622034072876,174.90109252929688,1.9850000143051147,59.49024963378906,34.15909957885742
2019-05-20,26.68000030517578,92.94850158691406,15.309374809265137,178.8227081298828,22.661014556884766,31.30865478515625,56.69352722167969,11.759554862976074,37.95732879638672,180.98654174804688,20.989540100097656,118.2902603149414,3.757270574569702,171.94851684570312,1.9950000047683716,57.117637634277344,32.80971145629883
2019-05-21,27.350000381469727,92.8759994506836,15.809374809265137,181.89263916015625,22.888795852661133,32.068359375,57.17791748046875,12.158182144165039,38.74156951904297,183.06663513183594,21.626750946044922,118.92754364013672,3.8392248153686523,173.7449493408203,2.006999969482422,58.286800384521484,33.35285949707031
2019-05-22,27.40999984741211,92.98400115966797,15.821249961853027,179.80850219726562,22.380855560302734,31.76907730102539,57.24774932861328,11.727662086486816,38.34074401855469,183.56190490722656,21.81985092163086,119.64917755126953,3.7684125900268555,172.970947265625,2.0160000324249268,57.05527877807617,33.01339340209961
2019-05-23,26.360000610351562,90.77400207519531,15.898750305175781,178.95416259765625,21.621854782104492,30.24968910217285,56.727195739746094,11.41673469543457,38.80257034301758,179.1541290283203,21.356426239013672,118.25276947021484,3.6475861072540283,170.3240966796875,1.9850000143051147,56.16671371459961,32.308998107910156
2019-05-24,26.440000534057617,91.16400146484375,15.99625015258789,178.18434143066406,21.276857376098633,30.443063735961914,56.39387130737305,11.472541809082031,38.83742904663086,179.34230041503906,21.163326263427734,118.30900573730469,3.593858003616333,170.23809814453125,1.9910000562667847,55.677223205566406,32.419315338134766
2019-05-28,29.049999237060547,91.82150268554688,15.833749771118164,179.301513671875,21.155485153198242,30.576589584350586,56.440921783447266,11.297144889831543,37.96604919433594,182.5614776611328,20.603347778320312,118.23403930664062,3.5487961769104004,169.59791564941406,1.968000054359436,55.2001953125,31.952552795410156
2019-05-29,28.09000015258789,90.95950317382812,15.46875,177.0202178955078,21.125558853149414,30.47989845275879,55.46917724609375,11.265254020690918,38.54115676879883,180.46156311035156,21.259872436523438,117.09069061279297,3.474764347076416,168.20286560058594,1.9220000505447388,55.399749755859375,31.986495971679688
2019-05-30,28.030000686645508,90.81600189208984,15.498125076293945,178.2688446044922,21.333393096923828,30.576589584350586,55.54197692871094,11.337008476257324,38.976844787597656,181.2738037109375,21.424007415771484,117.8310317993164,3.4482412338256836,168.90992736816406,1.9329999685287476,55.86740493774414,32.283538818359375
2019-05-31,27.40999984741211,88.75350189208984,15.286874771118164,176.5414276123047,20.919389724731445,27.4180965423584,54.803504943847656,10.938379287719727,38.3755989074707,175.786376953125,21.53020668029785,115.90985870361328,3.3577651977539062,166.21531677246094,1.899999976158142,55.03495407104492,32.5466194152832
2019-06-03,27.579999923706055,84.6344985961914,15.085000038146973,175.53692626953125,21.04741859436035,25.719144821166992,51.44744873046875,10.914460182189941,37.87019729614258,162.59275817871094,21.578481674194336,112.31109619140625,3.316121816635132,162.5556182861328,1.9299999475479126,55.1659049987793,32.94549560546875
2019-06-04,29.56999969482422,86.47799682617188,15.9193754196167,178.803955078125,22.088226318359375,26.557109832763672,52.227516174316406,11.265254020690918,39.02913284301758,165.9109344482422,22.61154556274414,115.42252349853516,3.5446667671203613,167.1326446533203,1.899999976158142,57.57906723022461,33.1491813659668
2019-06-05,29.5,86.92500305175781,16.47687530517578,177.80880737304688,22.089895248413086,25.092966079711914,51.739654541015625,11.233362197875977,38.820003509521484,166.57461547851562,22.370176315307617,117.92477416992188,3.502030849456787,168.37486267089844,1.8849999904632568,57.16439437866211,32.44477844238281
2019-06-06,31.81999969482422,87.71800231933594,16.073749542236328,180.96316528320312,22.67763900756836,24.508235931396484,51.89419174194336,11.153636932373047,39.29924774169922,166.73309326171875,22.872228622436523,119.7897720336914,3.5640010833740234,169.7125701904297,1.8300000429153442,57.956321716308594,32.62300109863281
2019-06-07,32.40999984741211,90.20149993896484,15.40250015258789,184.5869598388672,22.850549697875977,25.00088882446289,52.914974212646484,11.233362197875977,40.109642028808594,171.70545959472656,23.21980094909668,123.14482116699219,3.6066360473632812,172.9900360107422,1.8350000381469727,58.61104202270508,32.94549560546875
2019-06-10,33.22999954223633,93.03150177001953,15.629375457763672,186.12660217285156,23.294477462768555,24.954843521118164,53.6276969909668,11.368897438049316,40.78060531616211,173.1614990234375,23.60599136352539,124.26947021484375,3.6792640686035156,175.00624084472656,1.8459999561309814,60.03899002075195,33.62443542480469
2019-06-11,32.40999984741211,93.18499755859375,15.1875,187.85398864746094,23.566322326660156,25.01930046081543,53.542503356933594,11.459708213806152,40.82416915893555,176.41038513183594,23.818395614624023,123.80084991455078,3.736771583557129,175.2450714111328,1.8370000123977661,60.27906799316406,33.91297912597656
2019-06-12,32.18000030517578,92.76599884033203,15.242500305175781,184.77471923828125,23.25457763671875,24.4161434173584,53.4464225769043,11.363272666931152,40.36233901977539,173.3794403076172,23.229446411132812,123.22921752929688,3.623988151550293,174.23220825195312,1.8179999589920044,58.87918472290039,33.488643646240234
2019-06-13,31.389999389648438,93.51499938964844,15.125624656677246,185.8167724609375,23.41086196899414,24.78448486328125,54.03630447387695,11.532032012939453,40.69346618652344,175.786376953125,23.422548294067383,124.00701904296875,3.6750504970550537,175.2642822265625,1.7389999628067017,59.16289138793945,33.480167388916016
2019-06-14,30.360000610351562,93.4834976196289,14.755000114440918,180.26849365234375,22.107351303100586,23.628828048706055,53.80302429199219,11.371310234069824,40.24906539916992,179.6097412109375,23.007389068603516,124.12887573242188,3.585318088531494,174.51893615722656,1.753999948501587,57.67258834838867,32.11380386352539
2019-06-17,29.200000762939453,94.30149841308594,14.912500381469727,178.03416442871094,22.110679626464844,23.31113624572754,54.178951263427734,11.491851806640625,40.196781158447266,187.21688842773438,22.901187896728516,124.50374603271484,3.5949857234954834,175.57000732421875,1.7999999523162842,57.24590301513672,31.961036682128906
2019-06-18,30.450000762939453,95.06849670410156,15.12874984741211,182.80328369140625,23.11492156982422,23.716304779052734,54.7411003112793,11.724905014038086,41.277286529541016,186.68202209472656,23.702537536621094,126.66860961914062,3.789569854736328,178.12127685546875,1.840000033378601,59.722190856933594,33.27648162841797
2019-06-19,30.5,95.43949890136719,15.197500228881836,184.77471923828125,23.068357467651367,24.595712661743164,54.70493698120117,11.821337699890137,41.0158805847168,185.70140075683594,23.470823287963867,127.16533660888672,3.7955198287963867,178.79013061523438,1.8700000047683716,59.84115219116211,33.43772888183594
2019-06-20,30.010000228881836,95.90950012207031,15.545624732971191,189.31851196289062,23.198041915893555,25.051532745361328,55.13535690307617,12.054391860961914,41.12043380737305,187.73196411132812,23.287376403808594,128.34609985351562,3.8198111057281494,180.45278930664062,1.902999997138977,60.345176696777344,34.3797492980957
2019-06-21,29.100000381469727,95.56500244140625,15.836874961853027,189.8911895751953,22.995769500732422,24.858154296875,55.73810958862305,12.006172180175781,41.355709075927734,189.32666015625,23.142555236816406,128.36488342285156,3.761807918548584,180.185302734375,1.906000018119812,60.00080490112305,34.38824462890625
2019-06-24,29.260000228881836,95.69499969482422,15.755624771118164,190.38873291015625,23.43304443359375,24.54045867919922,55.30869674682617,12.062427520751953,41.50384521484375,190.7728729248047,22.95911407470703,129.12400817871094,3.784116744995117,180.19097900390625,1.940000057220459,60.06343460083008,35.033180236816406
2019-06-25,28.860000610351562,93.91349792480469,15.398750305175781,186.85888671875,23.207273483276367,24.084644317626953,53.866424560546875,11.861519813537598,40.82416915893555,187.04849243164062,22.601890563964844,125.04727935791016,3.754866600036621,177.09774780273438,1.9049999713897705,59.233829498291016,34.104339599609375
2019-06-26,29.920000076293945,94.8915023803711,15.95687484741211,191.88143920898438,23.621047973632812,24.508235931396484,53.5068473815918,12.022246360778809,41.9918212890625,185.87973022460938,22.891529083251953,125.51590728759766,3.947716474533081,177.92137145996094,1.9190000295639038,61.1466064453125,34.244529724121094
2019-06-27,30.739999771118164,95.21399688720703,16.124374389648438,192.4447479248047,23.979421615600586,24.03860092163086,53.3240852355957,12.03028392791748,41.355709075927734,187.7022705078125,23.06532096862793,125.72207641601562,4.046124458312988,178.60125732421875,1.9190000295639038,62.035675048828125,34.69142532348633
2019-06-28,30.3700008392334,94.68150329589844,16.22624969482422,195.2047882080078,24.15987205505371,23.3894100189209,53.629676818847656,12.014208793640137,41.712974548339844,191.1690673828125,23.046018600463867,125.54403686523438,4.070913314819336,178.83116149902344,1.934999942779541,62.11396026611328,34.323394775390625
2019-07-01,31.200000762939453,96.1094970703125,16.427499771118164,201.81394958496094,25.20815086364746,23.73932647705078,54.4815673828125,12.166900634765625,41.86983108520508,191.1690673828125,23.43220329284668,127.15597534179688,4.119001865386963,181.24435424804688,1.9279999732971191,63.67926025390625,36.259952545166016
2019-07-02,31.239999771118164,96.71549987792969,16.581249237060547,201.29763793945312,24.78682518005371,24.02478790283203,55.10563278198242,12.118681907653809,41.93083190917969,193.15005493164062,23.200489044189453,127.9993896484375,4.021336078643799,181.962646484375,1.9049999713897705,62.88407516479492,35.751708984375
2019-07-03,31.190000534057617,96.94999694824219,16.803749084472656,200.74371337890625,23.910606384277344,24.365503311157227,55.62024688720703,12.287443161010742,42.27937698364258,195.3291778564453,23.721847534179688,128.8240966796875,4.0342254638671875,183.3320770263672,1.8919999599456787,62.59606170654297,35.33987045288086
2019-07-05,31.5,97.14550018310547,16.921249389648438,196.91343688964844,23.72344398498535,24.112268447875977,56.09967803955078,12.191009521484375,41.89596939086914,194.5367889404297,23.461164474487305,128.44923400878906,3.9717607498168945,182.9586181640625,1.8609999418258667,62.23918533325195,34.9893684387207
2019-07-08,32.040000915527344,97.61599731445312,16.75,195.2986602783203,23.07718849182129,23.615009307861328,55.31315994262695,12.078500747680664,41.66940689086914,193.90284729003906,23.30668830871582,128.35556030273438,3.8969013690948486,181.67535400390625,1.8609999418258667,61.757080078125,34.454837799072266
2019-07-09,33.150001525878906,99.41500091552734,16.909374237060547,193.96559143066406,23.125024795532227,23.52753448486328,55.68461990356445,11.949917793273926,41.608421325683594,197.32012939453125,23.71219253540039,127.88691711425781,3.899380922317505,182.58514404296875,1.8650000095367432,62.142120361328125,34.761539459228516
2019-07-10,33.790000915527344,100.87049865722656,16.899375915527344,195.3831787109375,23.038578033447266,24.075437545776367,56.507789611816406,11.869556427001953,42.009254455566406,200.80673217773438,24.233556747436523,129.1896514892578,3.9675469398498535,184.40460205078125,1.9199999570846558,62.64300537109375,35.672855377197266
2019-07-11,33.060001373291016,100.05349731445312,16.993749618530273,195.96522521972656,23.16951560974121,24.623336791992188,56.664791107177734,11.732938766479492,42.349090576171875,199.32095336914062,24.08838653564453,129.70506286621094,4.12172794342041,184.2705535888672,1.8849999904632568,62.818336486816406,35.83934783935547
2019-07-12,33.209999084472656,100.55000305175781,17.141250610351562,195.4394989013672,23.952571868896484,24.761463165283203,56.727195739746094,11.98206615447998,43.499305725097656,202.9264373779297,24.58195686340332,130.1736297607422,4.154695510864258,185.3335418701172,1.8580000400543213,63.96101379394531,36.128509521484375
2019-07-15,34.38999938964844,101.04949951171875,17.352500915527344,194.10638427734375,24.200159072875977,25.42447280883789,56.98326873779297,12.022246360778809,43.67357635498047,201.97552490234375,25.172306060791016,130.1736297607422,4.146268367767334,185.9272918701172,1.8700000047683716,64.52136993408203,36.645511627197266
2019-07-16,33.849998474121094,100.49500274658203,17.219375610351562,192.45411682128906,23.846818923950195,25.788204193115234,57.129371643066406,11.901702880859375,42.84577941894531,201.90618896484375,24.901330947875977,128.4679412841797,4.1415581703186035,184.96961975097656,1.9199999570846558,63.83578872680664,36.6016960144043
2019-07-17,33.599998474121094,99.60150146484375,17.339374542236328,204.34872436523438,23.92654800415039,26.013813018798828,56.796539306640625,11.805267333984375,43.037479400634766,199.8855743408203,25.259408950805664,127.70892333984375,4.206751346588135,184.05990600585938,1.8760000467300415,64.02672576904297,36.479026794433594
2019-07-18,33.0,98.8949966430664,17.218124389648438,212.7791290283203,24.32101821899414,26.423585891723633,56.82130813598633,11.853485107421875,43.5167350769043,198.87522888183594,25.54007339477539,127.8494644165039,4.218400478363037,184.2705535888672,1.8600000143051147,64.95343017578125,37.84599304199219
2019-07-19,32.5099983215332,98.22599792480469,17.671249389648438,209.93453979492188,24.339481353759766,26.151941299438477,56.04419708251953,11.925811767578125,43.80428695678711,196.4781951904297,25.08521270751953,128.0369110107422,4.175269603729248,182.92027282714844,1.899999976158142,64.87828826904297,38.406803131103516
2019-07-22,32.849998474121094,99.28150177001953,17.959999084472656,213.80247497558594,24.85564613342285,25.976974487304688,56.423587799072266,11.491851806640625,44.74537658691406,200.400634765625,25.01746368408203,129.73316955566406,4.246660232543945,184.37591552734375,1.9500000476837158,66.11798858642578,39.08153533935547
2019-07-23,33.4900016784668,99.72450256347656,17.271875381469727,216.1212921142578,25.24424171447754,25.53497314453125,56.861419677734375,11.740975379943848,45.09393310546875,200.4402618408203,25.64653205871582,130.5391845703125,4.354237079620361,185.5825653076172,1.9110000133514404,66.96635437011719,38.923797607421875
2019-07-24,34.11000061035156,100.04049682617188,17.44937515258789,219.7356719970703,25.49519157409668,25.884891510009766,56.44934844970703,11.845446586608887,46.11345291137695,202.7184295654297,26.294952392578125,131.87928771972656,4.428600311279297,186.8849334716797,1.9259999990463257,69.00753021240234,39.02895736694336
2019-07-25,33.66999816894531,98.69100189208984,16.713125228881836,215.97103881835938,25.211505889892578,25.35540771484375,56.26163864135742,11.660614013671875,45.451210021972656,198.80589294433594,26.333669662475586,131.38258361816406,4.297720432281494,185.11329650878906,1.8899999856948853,67.84918975830078,38.22278594970703
2019-07-26,34.02000045776367,97.15249633789062,17.061250686645508,216.72210693359375,25.25599479675293,25.452096939086914,61.67412567138672,11.757049560546875,44.95451736450195,197.85499572753906,26.449800491333008,132.46034240722656,4.33961296081543,187.0189971923828,1.8660000562667847,67.83041381835938,38.082584381103516
2019-07-29,33.47999954223633,95.62249755859375,17.014375686645508,216.8347625732422,25.324813842773438,25.76978302001953,61.50672149658203,11.781158447265625,45.75617980957031,194.0811767578125,26.401403427124023,132.1698760986328,4.33341646194458,186.37738037109375,1.871999979019165,68.01510620117188,38.50320053100586
2019-07-30,33.869998931884766,94.92649841308594,17.142499923706055,214.36575317382812,25.141845703125,26.34992027282715,60.82123947143555,11.740975379943848,45.05036926269531,195.17071533203125,26.004619598388672,131.5325469970703,4.349033355712891,185.5729522705078,1.8519999980926514,67.8617172241211,37.7758903503418
2019-07-31,30.450000762939453,93.33899688720703,17.090625762939453,209.1741485595703,24.33864402770996,26.58473014831543,60.33586120605469,11.548107147216797,44.04827880859375,192.38739013671875,25.41425895690918,127.70892333984375,4.182210922241211,183.00645446777344,1.8309999704360962,65.61082458496094,37.355281829833984
2019-08-01,29.860000610351562,92.76599884033203,17.013750076293945,207.88800048828125,23.948368072509766,26.561710357666016,60.01789474487305,11.363272666931152,43.133331298828125,190.90159606933594,24.823904037475586,129.38644409179688,4.088015079498291,182.0967254638672,1.8140000104904175,64.31475067138672,36.6893196105957
2019-08-02,29.440000534057617,91.16200256347656,15.257499694824219,206.45166015625,23.376813888549805,24.130685806274414,59.25217819213867,10.664117813110352,42.418792724609375,187.226806640625,24.223873138427734,128.2992706298828,3.995558738708496,179.41529846191406,1.7000000476837158,63.366188049316406,36.496543884277344
2019-08-05,27.989999771118164,88.25650024414062,14.434374809265137,199.14779663085938,22.464502334594727,23.214448928833008,57.19326400756836,10.366775512695312,40.928741455078125,180.00595092773438,23.17865562438965,123.90394592285156,3.7377634048461914,173.07565307617188,1.63100004196167,60.63006591796875,34.936790466308594
2019-08-06,28.860000610351562,89.3915023803711,14.738750457763672,201.7388458251953,22.362110137939453,23.375595092773438,58.0020751953125,10.503392219543457,41.19630813598633,182.75958251953125,23.48834991455078,126.2281723022461,3.776432991027832,175.4984893798828,1.7599999904632568,61.4033088684082,36.1547966003418
2019-08-07,29.190000534057617,89.66999816894531,14.6875,202.499267578125,22.66509246826172,23.196029663085938,58.241294860839844,10.495357513427734,40.99453353881836,183.39352416992188,23.90450668334961,126.78108978271484,3.8146069049835205,176.44659423828125,1.784999966621399,61.79151153564453,36.1547966003418
2019-08-08,33.91999816894531,91.64450073242188,14.655625343322754,206.5642852783203,22.743152618408203,23.63343048095703,59.741024017333984,10.889135360717773,41.38052749633789,188.3560028076172,24.543249130249023,130.16427612304688,3.922928810119629,180.28672790527344,1.7990000247955322,63.503936767578125,36.71562576293945
2019-08-09,34.189998626708984,90.37899780273438,14.295624732971191,202.7715301513672,23.14181137084961,23.219051361083984,58.88467025756836,10.760555267333984,40.336585998535156,186.06790161132812,23.923860549926758,129.05844116210938,3.8217949867248535,178.59170532226562,1.7089999914169312,62.395713806152344,36.28623962402344
2019-08-12,32.43000030517578,89.24600219726562,14.029375076293945,201.3257598876953,23.134254455566406,22.772441864013672,58.17145919799805,10.511431694030762,40.00322341918945,183.61141967773438,23.14962387084961,127.25902557373047,3.7541239261627197,176.54237365722656,1.6990000009536743,61.57863235473633,35.89192581176758
2019-08-13,32.11000061035156,91.21700286865234,14.426250457763672,205.78504943847656,23.81072998046875,22.800071716308594,59.27248001098633,10.76858901977539,41.09103012084961,186.66221618652344,24.330333709716797,129.89248657226562,3.8681483268737793,180.41127014160156,1.7000000476837158,63.397491455078125,36.663028717041016
2019-08-14,30.239999771118164,88.14800262451172,13.714374542236328,195.9464569091797,22.791828155517578,22.376482009887695,57.66379165649414,10.334628105163574,40.240089416503906,178.00511169433594,23.90450668334961,125.9808578491211,3.719916343688965,175.0196990966797,1.6799999475479126,61.447147369384766,35.4275016784668
2019-08-15,29.670000076293945,88.80599975585938,13.54312515258789,197.01666259765625,22.546756744384766,21.593769073486328,57.91490173339844,10.189976692199707,40.0909538269043,180.85777282714844,23.30447006225586,125.69877624511719,3.687692403793335,174.81857299804688,1.6339999437332153,61.33443832397461,35.804283142089844
2019-08-16,31.18000030517578,89.62850189208984,13.823749542236328,199.82369995117188,22.9781494140625,22.298208236694336,58.40473937988281,10.28641128540039,40.79276657104492,181.95726013183594,24.13677215576172,128.0024871826172,3.955153465270996,177.62448120117188,1.9299999475479126,62.96860885620117,36.40015411376953
2019-08-19,31.479999542236328,90.80599975585938,13.966875076293945,202.48988342285156,23.397798538208008,22.58367347717285,59.45623016357422,10.53553581237793,41.43315887451172,184.40382385253906,24.35936737060547,130.14637756347656,4.233273029327393,180.44956970214844,1.9600000381469727,64.12692260742188,36.61045455932617
2019-08-20,30.719999313354492,90.06900024414062,13.69937515258789,201.5511016845703,23.53124237060547,22.316627502441406,58.61869812011719,10.398921012878418,40.880489349365234,182.06619262695312,24.117420196533203,129.0650634765625,4.161139965057373,179.0513458251953,1.9930000305175781,63.88898849487305,36.75065994262695
2019-08-21,31.700000762939453,91.177001953125,14.1587495803833,203.7478790283203,24.129661560058594,22.551441192626953,59.01741027832031,10.503392219543457,41.36298751831055,181.80868530273438,24.0206356048584,130.50367736816406,4.244426727294922,180.6410369873047,1.9950000047683716,64.41180419921875,37.31147384643555
2019-08-22,31.899999618530273,90.23300170898438,14.204999923706055,202.08619689941406,24.13973045349121,22.579069137573242,59.01443862915039,10.64804458618164,41.038394927978516,180.31298828125,24.00128173828125,129.55398559570312,4.250624656677246,180.05690002441406,2.0,64.41180419921875,36.91716003417969
2019-08-23,29.540000915527344,87.48100280761719,13.962499618530273,197.6175079345703,22.83966636657715,21.091907501220703,57.13532257080078,10.246232986450195,39.441768646240234,176.06370544433594,23.014129638671875,125.42607879638672,4.026541233062744,174.35888671875,1.934999942779541,61.613067626953125,35.88316345214844
2019-08-26,30.280000686645508,88.44349670410156,13.949999809265137,200.89395141601562,23.266864776611328,21.3681583404541,58.007022857666016,10.398921012878418,39.968135833740234,178.64895629882812,22.83992576599121,127.36309814453125,4.10115385055542,176.992431640625,1.9320000410079956,62.135860443115234,36.22490310668945
2019-08-27,30.200000762939453,88.09149932861328,13.986249923706055,200.9690704345703,23.12837791442871,20.995214462280273,57.989200592041016,10.390886306762695,40.16990661621094,179.5800323486328,22.752826690673828,127.63579559326172,4.010677337646484,176.61892700195312,1.9049999713897705,61.90419006347656,36.23366928100586
2019-08-28,30.780000686645508,88.2125015258789,13.904999732971191,202.54620361328125,23.16951560974121,20.857088088989258,58.134315490722656,10.74448299407959,40.16990661621094,180.03564453125,22.820581436157227,127.46661376953125,4.000256538391113,177.2509765625,1.940000057220459,62.295536041259766,36.496543884277344
2019-08-29,31.450000762939453,89.31999969482422,14.213125228881836,206.2920379638672,23.783031463623047,21.53391456604004,59.14915084838867,10.99360466003418,41.11735153198242,183.8095245361328,23.42060661315918,129.87367248535156,4.143673419952393,179.96115112304688,1.9579999446868896,63.79195785522461,37.04860305786133
2019-08-30,31.450000762939453,88.81449890136719,14.163749694824219,208.9864044189453,23.721765518188477,23.725513458251953,58.96540451049805,11.106111526489258,41.59107208251953,183.9085693359375,23.198009490966797,129.62924194335938,4.156325817108154,179.53021240234375,1.8899999856948853,64.09247589111328,37.355281829833984
2019-09-03,30.899999618530273,89.49199676513672,14.0181245803833,206.55491638183594,23.000808715820312,23.51371955871582,57.92629623413086,10.84091567993164,41.2138557434082,180.65968322753906,22.539918899536133,127.91785430908203,4.073452472686768,177.78729248046875,1.8420000076293945,63.03749084472656,36.557884216308594
2019-09-04,30.950000762939453,90.03099822998047,14.139374732971191,213.3612060546875,23.75365447998047,23.573575973510742,58.556297302246094,11.049857139587402,42.91574478149414,185.36465454101562,23.25608253479004,129.41293334960938,4.187342643737793,180.35374450683594,1.8550000190734863,64.73114776611328,37.81094741821289
2019-09-05,31.5,92.03600311279297,14.711250305175781,222.5802459716797,24.425092697143555,24.365503311157227,60.03820037841797,11.572214126586914,43.95090866088867,189.08895874023438,24.06902313232422,131.68849182128906,4.459784030914307,183.6576385498047,1.8849999904632568,66.72218322753906,38.766075134277344
2019-09-06,30.559999465942383,91.67549896240234,14.731249809265137,223.96029663085938,24.499786376953125,24.568086624145508,59.74746322631836,11.708828926086426,44.67026138305664,185.71131896972656,24.05935287475586,130.79519653320312,4.432735919952393,183.47567749023438,1.9240000247955322,66.900634765625,38.30165481567383
2019-09-09,30.5,91.56749725341797,14.445625305175781,226.5607452392578,24.558530807495117,24.996278762817383,59.69545364379883,12.014208793640137,45.25804138183594,186.96926879882812,24.19484519958496,129.30953979492188,4.478641033172607,183.09266662597656,1.940000057220459,67.14480590820312,38.424339294433594
2019-09-10,30.229999542236328,91.02749633789062,14.87125015258789,226.87994384765625,24.712129592895508,25.54418182373047,59.716758728027344,12.219077110290527,45.459800720214844,184.40382385253906,24.01095962524414,127.9554672241211,4.545137405395508,182.56594848632812,1.9290000200271606,67.44535064697266,38.64340591430664
2019-09-11,29.760000228881836,91.14949798583984,15.42562484741211,230.23147583007812,25.01175308227539,25.461305618286133,60.425010681152344,12.44580364227295,46.31074905395508,186.70184326171875,25.152957916259766,127.99310302734375,4.573671817779541,184.2801055908203,1.909999966621399,68.45652770996094,38.74855422973633
2019-09-12,30.209999084472656,92.17749786376953,15.62125015258789,231.72415161132812,25.22745704650879,24.931821823120117,61.16645812988281,12.437708854675293,46.50374984741211,185.69151306152344,25.133602142333984,129.30953979492188,4.5721821784973145,185.0462646484375,1.9019999504089355,68.60993194580078,38.61710739135742
2019-09-13,30.690000534057617,91.96700286865234,15.234999656677246,233.75198364257812,24.3663387298584,24.637147903442383,61.41707992553711,12.405318260192871,46.09143829345703,185.4141387939453,25.027143478393555,129.12144470214844,4.514369487762451,184.38546752929688,1.909999966621399,68.47216033935547,39.204219818115234
2019-09-16,30.829999923706055,90.39199829101562,15.26187515258789,231.14208984375,24.22701644897461,24.90880012512207,61.001033782958984,12.243366241455078,45.79316711425781,184.453369140625,24.58195686340332,128.19056701660156,4.471444129943848,183.56192016601562,1.9299999475479126,68.03074645996094,39.08153533935547
2019-09-17,30.989999771118164,91.12750244140625,15.278124809265137,232.9164581298828,24.241283416748047,24.793691635131836,60.91436004638672,12.138099670410156,45.573856353759766,186.29574584960938,25.01746368408203,129.187255859375,4.492782115936279,184.44293212890625,1.9529999494552612,68.18103790283203,39.54594802856445
2019-09-18,30.420000076293945,90.87300109863281,15.412500381469727,234.5029754638672,24.149803161621094,24.310251235961914,61.051551818847656,11.935667037963867,45.38964080810547,186.35516357421875,24.794876098632812,130.24978637695312,4.465736389160156,184.3663330078125,1.968000054359436,68.3062515258789,39.46708679199219
2019-09-19,30.290000915527344,91.07499694824219,15.258125305175781,234.31521606445312,24.39319610595703,24.420747756958008,61.35367965698242,12.024737358093262,45.24049377441406,188.336181640625,24.785194396972656,132.64759826660156,4.390308856964111,184.67276000976562,1.9550000429153442,67.85858154296875,39.627716064453125
2019-09-20,30.049999237060547,89.70800018310547,15.00374984741211,230.74778747558594,24.07726287841797,23.872852325439453,60.912376403808594,11.68464183807373,44.494815826416016,188.128173828125,24.03999900817871,131.1148681640625,4.284855842590332,182.71917724609375,1.975000023841858,66.60948181152344,38.718666076660156
2019-09-23,30.639999389648438,89.26499938964844,15.046875,233.27317810058594,24.178905487060547,24.374710083007812,61.152587890625,11.660351753234863,44.65271759033203,185.0476837158203,24.233551025390625,130.832763671875,4.338201522827148,182.7997589111328,1.9609999656677246,67.39527130126953,38.89518356323242
2019-09-24,29.520000457763672,87.08049774169922,14.8774995803833,231.31106567382812,23.912094116210938,24.03399658203125,60.34230041503906,11.538887977600098,43.70527648925781,179.56019592285156,23.527063369750977,129.17787170410156,4.280886173248291,180.37203979492188,1.9579999446868896,66.28208923339844,38.93929672241211
2019-09-25,29.540000915527344,88.41649627685547,15.09749984741211,232.38131713867188,23.3581485748291,24.743045806884766,61.70978546142578,11.814201354980469,44.757991790771484,181.06578063964844,24.117420196533203,131.03964233398438,4.42231559753418,182.396728515625,1.9279999732971191,67.39212036132812,39.72481155395508
2019-09-26,29.469999313354492,86.99199676513672,15.250624656677246,232.860107421875,23.454700469970703,24.01097297668457,61.52901077270508,11.846592903137207,44.67026138305664,178.4013214111328,24.185165405273438,131.20889282226562,4.400233268737793,181.72503662109375,1.8839999437332153,67.4770278930664,41.004539489746094
2019-09-27,28.719999313354492,86.27249908447266,15.173749923706055,228.7950897216797,23.220081329345703,23.45847511291504,60.71970748901367,12.146196365356445,44.547447204589844,175.4198760986328,23.962575912475586,129.50697326660156,4.26177978515625,179.4700164794922,1.909999966621399,65.89844512939453,40.166080474853516
2019-09-30,28.989999771118164,86.79550170898438,14.932499885559082,233.2168426513672,23.383554458618164,23.877456665039062,60.481475830078125,12.283857345581055,45.205406188964844,176.39059448242188,24.165803909301758,130.7293243408203,4.319096088409424,181.17808532714844,1.9199999570846558,66.48017883300781,41.02219772338867
2019-10-01,28.760000228881836,86.78250122070312,14.396875381469727,230.3722686767578,23.28022003173828,23.77615737915039,59.73161315917969,11.862786293029785,44.529903411865234,174.14212036132812,23.22705078125,128.8863983154297,4.317358493804932,179.7003173828125,1.940000057220459,65.8575210571289,41.64881134033203
2019-10-02,28.309999465942383,85.6614990234375,14.270625114440918,225.5843963623047,22.87534523010254,23.380205154418945,58.34084701538086,11.692741394042969,43.32804870605469,172.943603515625,23.21736717224121,126.6108627319336,4.2935404777526855,176.61048889160156,1.9249999523162842,64.89529418945312,40.97806930541992
2019-10-03,28.68000030517578,86.22100067138672,14.021249771118164,229.39590454101562,23.244644165039062,23.50911521911621,58.91092300415039,11.741325378417969,43.889495849609375,177.67825317382812,23.139942169189453,128.1435089111328,4.4987382888793945,178.54884338378906,1.9199999570846558,66.03678894042969,41.59587097167969
2019-10-04,29.010000228881836,86.98249816894531,14.285625457763672,230.98243713378906,23.837554931640625,23.145389556884766,59.97727584838867,11.660351753234863,44.67026138305664,178.73809814453125,23.65287208557129,129.87367248535156,4.515114784240723,181.17808532714844,1.934999942779541,67.13424682617188,41.851806640625
2019-10-07,28.93000030517578,86.63300323486328,14.43375015258789,232.27801513671875,23.384401321411133,23.26049041748047,59.843055725097656,11.619861602783203,44.4070930480957,177.9753875732422,23.730295181274414,128.9333953857422,4.573671817779541,180.63111877441406,1.940000057220459,66.74115753173828,42.31958770751953
2019-10-08,28.229999542236328,85.27549743652344,14.318750381469727,227.26486206054688,22.897369384765625,22.473167419433594,58.945594787597656,11.214991569519043,43.626319885253906,176.06370544433594,22.210861206054688,127.56996154785156,4.3975043296813965,177.92507934570312,1.9010000228881836,64.67515563964844,42.240150451660156
2019-10-09,28.459999084472656,86.09950256347656,14.376874923706055,231.19839477539062,23.136226654052734,22.772441864013672,59.553314208984375,11.393133163452148,44.284271240234375,178.14378356933594,22.608699798583984,129.9865264892578,4.483851909637451,179.66195678710938,1.899999976158142,65.73175048828125,42.96385955810547
2019-10-10,28.3799991607666,86.01300048828125,14.232500076293945,236.0989532470703,23.246337890625,22.560649871826172,59.90346908569336,11.425522804260254,44.836944580078125,178.3220977783203,22.599000930786133,130.79519653320312,4.541415691375732,181.0532989501953,1.899999976158142,66.37325286865234,43.184505462646484
2019-10-11,29.75,86.59600067138672,14.77750015258789,244.08811950683594,23.79351043701172,23.159194946289062,60.2125358581543,11.619861602783203,45.69667053222656,182.442626953125,23.326744079589844,131.3404998779297,4.614859580993652,183.3851318359375,1.8910000324249268,67.9393081665039,43.61695861816406
2019-10-14,30.530000686645508,86.82150268554688,14.673125267028809,245.62786865234375,23.857036590576172,23.334156036376953,60.31456756591797,12.10571002960205,45.30190658569336,181.54124450683594,23.336448669433594,131.2183380126953,4.628259658813477,183.36590576171875,1.875,67.92984771728516,44.049434661865234
2019-10-15,30.719999313354492,88.36900329589844,15.060625076293945,251.16673278808594,24.59054946899414,23.541345596313477,61.526527404785156,12.259562492370605,46.18793869018555,187.0980224609375,23.676061630249023,133.1177215576172,4.872413158416748,185.69769287109375,1.8819999694824219,69.42353820800781,44.47306442260742
2019-10-16,30.809999465942383,88.87149810791016,14.942500114440918,238.89662170410156,24.434701919555664,23.269695281982422,61.56417465209961,12.219077110290527,46.012489318847656,187.7517852783203,23.074453353881836,132.02699279785156,4.81881856918335,185.23707580566406,1.9429999589920044,68.43927001953125,44.24359893798828
2019-10-17,31.139999389648438,89.3740005493164,15.094374656677246,238.23001098632812,24.515165328979492,23.19142723083496,62.049556732177734,12.316245079040527,45.49490737915039,188.58380126953125,22.92890739440918,131.34994506835938,4.820803642272949,185.7264862060547,1.9550000429153442,68.55559539794922,43.90822219848633
2019-10-18,30.969999313354492,87.87550354003906,14.964374542236328,238.84967041015625,24.286470413208008,22.961217880249023,61.63400650024414,12.429609298706055,45.05626678466797,184.08688354492188,22.97743034362793,129.2060546875,4.726517677307129,183.94171142578125,1.9199999570846558,67.8292007446289,43.49340057373047
2019-10-21,32.029998779296875,89.28299713134766,15.239999771118164,244.4918212890625,24.527023315429688,23.016468048095703,61.627567291259766,12.931650161743164,45.73176574707031,187.95977783203125,23.307340621948242,130.16514587402344,4.863481521606445,185.5729522705078,1.9709999561309814,69.1656723022461,44.128868103027344
2019-10-22,31.510000228881836,88.2864990234375,15.09375,239.66639709472656,24.348304748535156,23.01186180114746,61.47501754760742,12.915456771850586,45.626502990722656,180.6101531982422,23.384965896606445,128.22817993164062,4.853555679321289,184.09523010253906,1.99399995803833,68.56189727783203,44.69371795654297
2019-10-23,31.360000610351562,88.1084976196289,15.413125038146973,241.89137268066406,23.743539810180664,23.159194946289062,62.288780212402344,12.972139358520508,45.3720817565918,184.38401794433594,22.64750862121582,129.04620361328125,4.840653896331787,184.4502716064453,1.9980000257492065,67.24118041992188,44.27889633178711
2019-10-24,31.719999313354492,89.03900146484375,14.957500457763672,248.7540283203125,23.912094116210938,23.486095428466797,62.36207962036133,12.86687183380127,45.819480895996094,184.6118621826172,23.676061630249023,131.58502197265625,4.884571075439453,186.2446746826172,2.059999942779541,68.90465545654297,44.96730041503906
2019-10-25,32.709999084472656,88.06649780273438,15.272500038146973,247.8339385986328,24.54820442199707,23.794578552246094,62.619136810302734,13.085505485534668,49.53030776977539,186.10752868652344,24.01568031311035,132.32786560058594,5.075130462646484,187.73202514648438,2.0869998931884766,70.34490966796875,45.12617874145508
2019-10-28,33.689998626708984,88.85399627685547,15.556249618530273,250.19976806640625,24.69472885131836,23.75313949584961,63.84149932861328,13.304133415222168,49.79348373413086,187.60317993164062,24.403810501098633,135.581298828125,5.1309590339660645,189.58401489257812,2.119999885559082,71.624755859375,45.28504943847656
2019-10-29,33.029998779296875,88.135498046875,15.3725004196167,248.40667724609375,24.407590866088867,24.517440795898438,62.4388542175293,13.32843017578125,49.42503356933594,187.5140380859375,23.97686195373535,134.302490234375,5.034934043884277,188.11581420898438,2.1010000705718994,70.88262176513672,45.4262580871582
2019-10-30,33.130001068115234,88.99949645996094,15.391875267028809,249.39239501953125,24.58377456665039,24.747648239135742,62.44083023071289,13.2069673538208,49.653114318847656,186.46412658691406,23.676061630249023,135.97621154785156,5.036919116973877,189.02743530273438,2.0369999408721924,70.90776824951172,45.81459045410156
2019-10-31,33.93000030517578,88.83300018310547,15.285625457763672,245.9375762939453,24.80484390258789,24.351686477661133,62.34672927856445,13.287940979003906,49.59172058105469,189.83184814453125,23.666358947753906,134.81027221679688,4.987791538238525,189.11378479003906,2.068000078201294,70.54930877685547,45.56746292114258
2019-11-01,34.88999938964844,89.5719985961914,11.581250190734863,254.03944396972656,25.121633529663086,24.51283836364746,63.01288986206055,13.360820770263672,49.57416915893555,191.78317260742188,24.394107818603516,135.13929748535156,5.026747226715088,190.83143615722656,2.049999952316284,72.16876983642578,45.982269287109375
2019-11-04,36.290000915527344,90.23300170898438,11.954375267028809,257.5752258300781,25.833969116210938,24.789091110229492,63.87270736694336,13.482280731201172,50.53916549682617,192.8727264404297,26.004858016967773,135.91976928710938,5.223012924194336,192.0117645263672,2.052999973297119,73.77566528320312,47.20906448364258
2019-11-05,36.150001525878906,90.08550262451172,11.798749923706055,256.2740478515625,26.599666595458984,25.06073760986328,63.96334457397461,13.628036499023438,50.48652267456055,192.47650146484375,26.237733840942383,135.8351593017578,5.200930595397949,192.11727905273438,2.0799999237060547,73.8165512084961,47.262027740478516
2019-11-06,35.93000030517578,89.78849792480469,11.901874542236328,253.38890075683594,26.525136947631836,25.014698028564453,63.942054748535156,13.717105865478516,50.80849075317383,189.73281860351562,25.86900520324707,135.45907592773438,5.151801109313965,191.68548583984375,2.069999933242798,73.32283020019531,47.34143829345703
2019-11-07,36.279998779296875,89.41000366210938,12.15250015258789,252.36106872558594,26.404855728149414,25.00548553466797,64.73104858398438,13.911446571350098,51.20542907714844,188.61351013183594,26.082481384277344,135.64706420898438,5.169417381286621,192.32833862304688,2.0899999141693115,73.76624298095703,47.367923736572266
2019-11-08,36.290000915527344,89.29399871826172,12.038125038146973,252.021728515625,26.546310424804688,25.00548553466797,64.83306884765625,14.11388111114502,51.399497985839844,189.029541015625,26.266847610473633,137.24559020996094,5.155522346496582,193.0960235595703,2.125,74.13728332519531,46.626556396484375
2019-11-11,36.310001373291016,88.5824966430664,11.948124885559082,251.48426818847656,26.490407943725586,25.102174758911133,64.30213165283203,14.13817310333252,51.470062255859375,187.81118774414062,26.15041160583496,137.38665771484375,5.1654486656188965,192.83697509765625,2.13700008392334,73.832275390625,46.423561096191406
2019-11-12,36.709999084472656,88.9000015258789,12.123125076293945,252.3044891357422,26.725873947143555,25.521162033081055,64.24911499023438,14.041007041931152,51.33774948120117,192.6250762939453,27.23717498779297,138.2893524169922,5.200930595397949,193.39349365234375,2.1449999809265137,73.98320007324219,46.02640151977539
2019-11-13,37.52000045776367,87.65550231933594,11.915624618530273,254.50148010253906,26.568330764770508,25.22188949584961,64.19810485839844,13.951931953430176,51.06428909301758,191.3572540283203,27.27599334716797,138.5150146484375,5.175125598907471,193.44151306152344,2.1500000953674316,74.06183624267578,46.670692443847656
2019-11-14,38.349998474121094,87.7300033569336,11.90999984741211,254.32228088378906,26.170236587524414,25.346200942993164,64.84049224853516,13.789983749389648,50.99372863769531,191.31759643554688,26.18921661376953,139.22024536132812,5.205395221710205,193.2879638671875,2.1549999713897705,73.8165512084961,46.317657470703125
2019-11-15,38.560001373291016,86.97450256347656,12.038749694824219,259.2629699707031,26.503957748413086,25.61785125732422,66.04850006103516,13.951931953430176,51.126041412353516,193.24913024902344,26.063077926635742,141.01620483398438,5.066446781158447,194.70814514160156,2.2179999351501465,74.49263763427734,47.03253936767578
2019-11-18,39.880001068115234,87.62650299072266,12.063750267028809,257.8486328125,26.34811019897461,25.585620880126953,65.36994934082031,13.992419242858887,51.3818473815918,195.52728271484375,25.345033645629883,141.36412048339844,5.267179012298584,194.8616943359375,2.187000036239624,74.32283782958984,47.147274017333984
2019-11-19,41.290000915527344,87.6395034790039,12.125,256.0382385253906,26.90968132019043,25.88028907775879,65.01087951660156,14.121977806091309,51.470062255859375,197.4290771484375,25.577917098999023,141.4110870361328,5.1607346534729,195.1495361328125,2.1449999809265137,73.9517593383789,47.44734573364258
2019-11-20,40.97999954223633,87.27649688720703,12.1274995803833,253.51138305664062,26.398927688598633,25.447492599487305,64.47943878173828,13.862861633300781,51.0731201171875,195.63626098632812,25.607023239135742,141.1658172607422,5.239884853363037,193.9788818359375,2.109999895095825,73.08070373535156,47.21788787841797
2019-11-21,39.52000045776367,86.7354965209961,12.0,251.77658081054688,26.70216178894043,24.729232788085938,64.39424896240234,13.830471992492676,51.35539627075195,196.05224609375,25.364439010620117,141.03367614746094,5.215073585510254,193.54708862304688,2.0999999046325684,72.30086517333984,46.75894546508789
2019-11-22,39.150001525878906,87.28600311279297,12.155625343322754,251.01278686523438,26.674209594726562,24.68319320678711,64.07379913330078,13.862861633300781,50.81731033325195,196.933837890625,25.218887329101562,141.13748168945312,5.232689380645752,193.67178344726562,2.0999999046325684,72.22537231445312,46.59125900268555
2019-11-25,39.790000915527344,88.69200134277344,12.369375228881836,255.66119384765625,27.072307586669922,25.350801467895508,64.66665649414062,14.130078315734863,51.875823974609375,197.89462280273438,25.888412475585938,142.684814453125,5.488752365112305,195.96514892578125,2.125,73.95804595947266,47.44734573364258
2019-11-26,38.9900016784668,89.84700012207031,12.266875267028809,255.96286010742188,26.788557052612305,24.48981475830078,65.03118896484375,12.931650161743164,51.95521545410156,197.0823974609375,25.723459243774414,143.4396209716797,5.384294033050537,196.33944702148438,2.1500000953674316,73.68134307861328,47.33262252807617
2019-11-27,39.40999984741211,90.92549896240234,12.225000381469727,255.97235107421875,26.97235870361328,23.168405532836914,64.98809051513672,12.907360076904297,51.61119079589844,200.08367919921875,25.888412475585938,143.71327209472656,5.419056415557861,197.71163940429688,2.1500000953674316,74.21275329589844,47.56208038330078
2019-11-29,39.150001525878906,90.04000091552734,12.195625305175781,255.1614990234375,26.78348159790039,22.325836181640625,64.58988189697266,12.818286895751953,51.20542907714844,199.7270965576172,25.58761215209961,142.82635498046875,5.381810188293457,196.8096466064453,2.130000114440918,73.41718292236328,46.85602951049805
2019-12-02,38.72999954223633,89.08000183105469,12.070625305175781,250.41880798339844,26.318462371826172,21.971311569213867,63.835567474365234,12.761606216430664,50.861412048339844,197.80548095703125,25.044231414794922,141.09976196289062,5.195826530456543,194.7945098876953,2.1500000953674316,72.28826141357422,46.75894546508789
2019-12-03,38.900001525878906,88.49800109863281,11.999375343322754,249.71160888671875,25.96272087097168,21.823976516723633,64.12680053710938,12.640142440795898,49.45888900756836,196.933837890625,24.41351318359375,140.87330627441406,5.156347274780273,193.268798828125,2.1600000858306885,71.16879272460938,46.58242416381836
2019-12-04,39.689998626708984,88.03450012207031,12.106249809265137,254.3505859375,26.233766555786133,21.95289421081543,65.32539367675781,12.745409965515137,49.4147834777832,196.8248748779297,23.21030616760254,141.38282775878906,5.200048923492432,194.24754333496094,2.1549999713897705,72.29457092285156,46.935462951660156
2019-12-05,39.619998931884766,87.02400207519531,11.978124618530273,258.1975402832031,26.358272552490234,21.796350479125977,65.72261047363281,12.89926528930664,49.46770477294922,197.4687042236328,22.754249572753906,141.45828247070312,5.183165073394775,194.63134765625,2.1500000953674316,72.65618896484375,48.01221466064453
2019-12-06,39.630001068115234,87.58000183105469,11.8881254196167,264.09051513671875,26.76992416381836,21.695056915283203,66.33824157714844,12.883068084716797,50.111637115478516,199.14268493652344,23.4528865814209,143.1754150390625,5.26833438873291,196.713623046875,2.1600000858306885,73.70649719238281,48.48878860473633
2019-12-09,38.93000030517578,87.47550201416016,11.895000457763672,261.6672668457031,26.628467559814453,21.939083099365234,66.51653289794922,12.86687183380127,49.86464309692383,199.42990112304688,22.822172164916992,142.80751037597656,5.26833438873291,195.82127380371094,2.203000068664551,73.3699951171875,48.065162658691406
2019-12-10,39.439998626708984,86.96050262451172,12.008749961853027,263.1665344238281,26.686071395874023,21.80555534362793,66.51161193847656,12.92398452758789,49.91758728027344,198.96437072753906,22.97743034362793,142.5904998779297,5.3132781982421875,195.65814208984375,2.200000047683716,73.68134307861328,48.11811447143555
2019-12-11,39.470001220703125,87.43599700927734,11.951874732971191,267.81488037109375,27.08077621459961,21.966707229614258,66.5789566040039,12.948463439941406,50.34098815917969,200.3411865234375,24.044788360595703,143.12828063964844,5.396709442138672,196.69444274902344,2.1700000762939453,75.19075012207031,49.3360595703125
2019-12-12,42.59000015258789,88.0165023803711,12.043749809265137,270.83209228515625,27.76515769958496,22.790861129760742,66.78895568847656,13.380895614624023,50.76438522338867,194.88348388671875,24.869569778442383,144.581298828125,5.563819885253906,198.16259765625,2.200000047683716,77.22846221923828,51.72786331176758
2019-12-13,41.150001525878906,88.0469970703125,12.057499885559082,273.3307189941406,26.71656036376953,22.721797943115234,66.7087173461914,13.079010963439941,50.97608947753906,192.26852416992188,24.956897735595703,145.79835510253906,5.561832427978516,198.8151397705078,2.2060000896453857,76.8888168334961,51.410125732421875
2019-12-16,42.349998474121094,88.46050262451172,12.414999961853027,276.2347412109375,27.36960220336914,22.7862606048584,67.3936996459961,13.119805335998535,50.89670181274414,196.04238891601562,25.16066551208496,146.741943359375,5.590636730194092,200.81103515625,2.252000093460083,77.6247787475586,51.66607666015625
2019-12-17,42.77000045776367,89.53299713134766,12.4375,277.99798583984375,27.426359176635742,22.988840103149414,67.10594940185547,12.92398452758789,50.54385757446289,196.5079345703125,25.005416870117188,145.9493408203125,5.668604850769043,200.92617797851562,2.25,77.97504425048828,52.27505874633789
2019-12-18,42.29999923706055,89.20149993896484,12.501250267028809,275.4710693359375,27.734670639038086,23.021072387695312,66.95832824707031,12.981100082397461,50.4291877746582,200.57891845703125,24.82105255126953,145.64739990234375,5.698898792266846,201.07977294921875,2.246999979019165,77.93401336669922,52.160316467285156
2019-12-19,42.83000183105469,89.61399841308594,12.734375,275.1505126953125,27.451766967773438,22.970422744750977,67.18270111083984,12.84239673614502,51.126041412353516,204.1051483154297,25.277103424072266,146.91171264648438,5.846642017364502,202.33680725097656,2.265000104904175,78.56199645996094,51.51152801513672
2019-12-20,44.150001525878906,89.32499694824219,12.884374618530273,276.8193054199219,27.293485641479492,22.846111297607422,66.92416381835938,12.7118501663208,51.99932098388672,204.34286499023438,25.189777374267578,148.51564025878906,5.943728923797607,203.15243530273438,2.4649999141693115,79.30990600585938,51.484867095947266
2019-12-23,45.459999084472656,89.6500015258789,12.804374694824219,279.2237548828125,27.338829040527344,23.232860565185547,66.89494323730469,12.92398452758789,52.24629592895508,204.2239990234375,25.71375846862793,148.51564025878906,5.9300713539123535,203.68907165527344,2.4200000762939453,79.56238555908203,51.74260330200195
2019-12-24,46.540000915527344,89.46050262451172,12.789999961853027,278.0828857421875,27.42182159423828,23.403223037719727,66.58786010742188,12.989255905151367,52.40507507324219,203.17405700683594,25.82073211669922,148.48733520507812,5.92510461807251,203.79486083984375,2.390000104904175,79.69175720214844,51.33379364013672
2019-12-26,46.630001068115234,93.4384994506836,12.850625038146973,279.4122619628906,27.206207275390625,23.946517944335938,67.48136138916016,13.021895408630371,52.76673889160156,205.8187255859375,26.19029998779297,149.70443725585938,5.939260005950928,205.59312438964844,2.380000114440918,79.78326416015625,51.76926803588867
2019-12-27,46.18000030517578,93.48999786376953,12.776874542236328,279.72344970703125,27.0821533203125,23.472280502319336,67.09358215332031,12.972940444946289,52.996070861816406,206.1258087158203,25.956886291503906,149.9780731201172,5.881651401519775,205.4200439453125,2.4100000858306885,79.62548828125,51.95591354370117
2019-12-30,45.52000045776367,92.34449768066406,12.695625305175781,278.0450439453125,26.81948471069336,23.440053939819336,66.35408020019531,12.875032424926758,52.59031677246094,202.4707794189453,25.684587478637695,148.6855010986328,5.768672466278076,204.07366943359375,2.4000000953674316,79.0259017944336,51.41377639770508
2019-12-31,45.86000061035156,92.39199829101562,12.712499618530273,279.03509521484375,27.03851890563965,23.661054611206055,66.33824157714844,12.940302848815918,52.79319381713867,203.30282592773438,25.830459594726562,148.78924560546875,5.842668056488037,204.4583740234375,2.4019999504089355,79.24048614501953,51.63595962524414
2020-01-02,49.099998474121094,94.90049743652344,12.795000076293945,285.5314636230469,27.58353042602539,24.075437545776367,67.78894805908203,13.19323444366455,53.66646194458008,207.78985595703125,26.627931594848633,151.54425048828125,5.957136154174805,207.8722686767578,2.36299991607666,80.87831115722656,53.36012268066406
2020-01-03,48.599998474121094,93.74849700927734,12.553125381469727,280.9302673339844,26.881942749023438,23.283512115478516,67.43431091308594,12.866874694824219,53.01371765136719,206.6903839111328,25.937442779541016,149.6572723388672,5.861788749694824,205.96815490722656,2.3440001010894775,79.36985778808594,51.60041427612305
2020-01-06,48.38999938964844,95.14399719238281,12.678750038146973,278.6956787109375,26.841724395751953,23.518325805664062,69.2317123413086,12.826078414916992,52.86376190185547,210.58311462402344,24.974632263183594,150.0441436767578,5.8863701820373535,207.29531860351562,2.3269999027252197,78.5430679321289,51.00495147705078
2020-01-07,48.25,95.34300231933594,12.803125381469727,281.7223205566406,26.74932861328125,22.92898178100586,69.09799194335938,12.7608060836792,51.98167419433594,211.03871154785156,25.528972625732422,148.67601013183594,5.957633972167969,207.26641845703125,2.309999942779541,79.98836517333984,51.831485748291016
2020-01-08,47.83000183105469,94.59850311279297,12.936249732971191,284.645263671875,26.415647506713867,23.021072387695312,69.58979797363281,12.858712196350098,52.01695251464844,213.17822265625,25.33446502685547,151.04420471191406,5.968808174133301,208.8242950439453,2.306999921798706,79.91580963134766,52.213645935058594
2020-01-09,48.970001220703125,95.05249786376953,12.925000190734863,284.1643981933594,26.203454971313477,22.846111297607422,70.32035064697266,12.785280227661133,52.30805206298828,216.22903442382812,25.383098602294922,152.9311981201172,6.034361839294434,210.59378051757812,2.319999933242798,80.42073822021484,52.64023208618164
2020-01-10,48.16999816894531,94.15799713134766,12.9662504196167,279.2613830566406,25.601119995117188,22.79546356201172,70.7745361328125,12.622101783752441,51.99049377441406,215.9912872314453,25.77210807800293,152.2235870361328,6.066640853881836,210.05523681640625,2.6089999675750732,79.95368957519531,52.311397552490234
2020-01-13,48.75,94.56500244140625,13.196874618530273,284.2303466796875,25.768810272216797,22.942800521850586,71.32283020019531,12.687373161315918,52.563846588134766,219.8047637939453,26.764095306396484,154.053955078125,6.256844997406006,212.47860717773438,2.8510000705718994,80.88777923583984,53.377899169921875
2020-01-14,48.209999084472656,93.47200012207031,13.315625190734863,285.2675476074219,26.36772918701172,23.417034149169922,70.85526275634766,12.679213523864746,52.42271423339844,216.98179626464844,26.75436782836914,152.9689483642578,6.140140533447266,211.64193725585938,2.7720000743865967,81.06449127197266,53.60897445678711
2020-01-15,48.54999923706055,93.10099792480469,13.336874961853027,282.9386901855469,25.936508178710938,23.29732322692871,71.28170013427734,12.63841724395752,51.99049377441406,219.05198669433594,25.98606300354004,153.95962524414062,6.097679615020752,211.728515625,2.7699999809265137,80.20614624023438,51.89370346069336
2020-01-16,49.77000045776367,93.89700317382812,13.703125,283.8814392089844,26.271053314208984,23.638036727905273,71.82454681396484,12.866874694824219,52.62560272216797,219.66610717773438,27.474035263061523,156.78065490722656,6.181111812591553,213.75758361816406,2.8610000610351562,81.47474670410156,52.213645935058594
2020-01-17,50.93000030517578,93.23600006103516,13.866874694824219,282.9009704589844,26.4199161529541,23.177616119384766,73.2787094116211,12.320213317871094,52.57267761230469,220.03260803222656,27.70745086669922,157.6581573486328,6.1898016929626465,214.81546020507812,2.867000102996826,82.08695220947266,52.062557220458984
2020-01-21,51.04999923706055,94.5999984741211,13.827500343322754,281.3545227050781,26.358322143554688,22.69417381286621,73.4139175415039,12.157033920288086,53.4106559753418,219.33924865722656,26.75436782836914,157.09197998046875,6.156527519226074,214.7192840576172,2.8589999675750732,82.03961944580078,51.76038360595703
2020-01-22,51.43000030517578,94.37300109863281,13.920000076293945,279.3274841308594,26.777563095092773,22.993452072143555,73.49414825439453,12.263099670410156,55.333621978759766,219.2203826904297,27.016950607299805,156.3372344970703,6.210411548614502,215.28660583496094,2.9100000858306885,82.59185791015625,51.85814666748047
2020-01-23,51.709999084472656,94.22899627685547,14.37874984741211,277.5076599121094,27.349096298217773,23.19142723083496,73.53475189208984,12.369170188903809,55.854061126708984,217.6751708984375,27.25035858154297,157.29957580566406,6.278695583343506,215.97901916503906,2.878999948501587,83.21671295166016,51.084930419921875
2020-01-24,50.349998474121094,93.08200073242188,14.878125190734863,278.9314270019531,27.721284866333008,23.01186180114746,72.61750030517578,12.042804718017578,60.396827697753906,215.87245178222656,26.55985450744629,155.71450805664062,6.219598293304443,214.1614990234375,2.8940000534057617,82.33309936523438,51.30712890625
2020-01-27,49.2599983215332,91.41699981689453,14.685625076293945,268.04119873046875,26.440454483032227,22.169292449951172,70.9117202758789,11.846988677978516,57.94460678100586,212.83155822753906,25.159414291381836,153.11045837402344,5.964339733123779,209.73788452148438,2.871000051498413,79.18999481201172,49.11192321777344
2020-01-28,50.529998779296875,92.6624984741211,14.795000076293945,273.60406494140625,27.234445571899414,22.413314819335938,71.84137725830078,11.928577423095703,59.373600006103516,215.72386169433594,25.606782913208008,156.11077880859375,6.157273292541504,212.95944213867188,2.88100004196167,81.02661895751953,50.73832321166992
2020-01-29,47.5099983215332,92.9000015258789,14.690625190734863,279.2237548828125,27.16600227355957,22.537626266479492,72.1484603881836,11.765396118164062,58.50916290283203,221.1122589111328,24.40083885192871,158.54502868652344,6.096933364868164,213.3056182861328,2.878000020980835,79.53711700439453,50.827213287353516
2020-01-30,48.779998779296875,93.53399658203125,14.483750343322754,277.56427001953125,26.968358993530273,22.735610961914062,72.02710723876953,11.765396118164062,58.63264465332031,207.54222106933594,24.118806838989258,163.01719665527344,6.103639125823975,214.06536865234375,2.875,79.54029083251953,49.59184646606445
2020-01-31,47.0,100.43599700927734,13.958749771118164,264.6279296875,26.109338760375977,22.454755783081055,70.96373748779297,11.36560344696045,56.39212417602539,199.9945068359375,23.37967872619629,160.61122131347656,5.870727062225342,210.67066955566406,2.7960000038146973,76.70328521728516,47.93878936767578
2020-02-03,48.02000045776367,100.20999908447266,14.079375267028809,271.6995544433594,26.115327835083008,22.643526077270508,73.43125915527344,11.536944389343262,56.824363708496094,202.2528839111328,23.54500961303711,164.52676391601562,5.967566967010498,213.85377502441406,2.865999937057495,77.5616226196289,48.67643356323242
2020-02-04,49.45000076293945,102.4834976196289,14.457500457763672,282.1371765136719,26.66034698486328,23.495304107666016,71.58927154541016,11.765396118164062,57.741729736328125,207.83937072753906,24.079904556274414,169.94244384765625,6.136414527893066,218.74864196777344,2.9210000038146973,79.9852523803711,51.120479583740234
2020-02-05,49.84000015258789,101.99349975585938,14.369375228881836,288.8222351074219,27.154876708984375,23.384803771972656,71.62098693847656,12.148874282836914,59.400062561035156,208.11671447753906,25.13023567199707,169.73487854003906,6.226550579071045,219.46987915039062,2.946000099182129,81.82821655273438,51.47597885131836
2020-02-06,49.31999969482422,102.5114974975586,14.532500267028809,291.86767578125,27.352521896362305,24.33327293395996,73.10286712646484,12.17335033416748,59.47097396850586,208.8496856689453,25.042709350585938,173.25411987304688,6.313210487365723,221.36434936523438,2.8259999752044678,81.87552642822266,51.56485366821289
2020-02-07,49.72999954223633,103.96399688720703,14.485625267028809,287.5492248535156,26.97092056274414,23.76695442199707,73.25840759277344,12.0264892578125,58.522491455078125,210.31565856933594,23.360231399536133,173.4994354248047,6.247161388397217,220.4123077392578,2.755000114440918,79.9442138671875,49.94733810424805
2020-02-10,52.2599983215332,106.69550323486328,14.525625228881836,291.9902648925781,26.882797241210938,23.992557525634766,74.72196960449219,12.05096435546875,58.85047149658203,211.03871154785156,23.48666000366211,178.0376434326172,6.529734134674072,223.0760955810547,2.9110000133514404,81.06449127197266,50.676124572753906
2020-02-11,53.79999923706055,107.54000091552734,14.46875,297.95855712890625,27.392728805541992,24.061620712280273,74.79129791259766,12.132554054260254,59.754634857177734,205.2244110107422,24.799570083618164,174.01834106445312,6.651901721954346,223.1145477294922,2.8989999294281006,82.70232391357422,52.13365936279297
2020-02-12,53.88999938964844,108.0,14.6537504196167,299.3069763183594,27.781171798706055,24.54045867919922,75.21577453613281,12.263099670410156,59.79895782470703,208.7605438232422,24.780122756958008,174.27310180664062,6.767365455627441,225.28793334960938,2.9040000438690186,83.97723388671875,52.995731353759766
2020-02-13,54.529998779296875,107.49349975585938,14.851249694824219,299.1278381347656,27.718706130981445,24.19515037536621,74.95622253417969,11.993849754333496,59.78124237060547,211.1179962158203,24.527267456054688,173.32957458496094,6.723662376403809,224.99942016601562,2.86899995803833,84.06562042236328,52.7291145324707
2020-02-14,55.310001373291016,106.74349975585938,13.966875076293945,298.2320556640625,27.188241958618164,24.347084045410156,75.2207260131836,11.781716346740723,59.630531311035156,212.1481170654297,24.430017471313477,174.87692260742188,7.1956939697265625,225.6437225341797,2.802000045776367,83.78471374511719,51.71595764160156
2020-02-18,56.88999938964844,107.78350067138672,14.1118745803833,291.518798828125,26.587617874145508,24.296438217163086,75.25588989257812,11.732759475708008,58.628868103027344,215.7337646484375,24.10907745361328,176.6506805419922,7.364046096801758,225.73025512695312,2.753000020980835,82.70864868164062,49.92957305908203
2020-02-19,58.900001525878906,108.51100158691406,14.063750267028809,299.2598571777344,27.01028060913086,24.558876037597656,75.52483367919922,11.806191444396973,59.488704681396484,215.4267120361328,24.517541885375977,177.18051147460938,7.814226150512695,227.8939971923828,2.75600004196167,84.79457092285156,51.22712707519531
2020-02-20,57.27000045776367,107.65499877929688,14.267499923706055,295.563720703125,26.458419799804688,24.37931251525879,75.1345443725586,11.806191444396973,58.01721954345703,212.54429626464844,24.439735412597656,174.4747314453125,7.665242671966553,225.7783660888672,2.7860000133514404,83.56383514404297,50.196189880371094
2020-02-21,53.279998779296875,104.79850006103516,13.9662504196167,288.5205078125,26.052871704101562,23.81299591064453,73.47383117675781,11.569581031799316,57.03327178955078,208.18606567382812,23.75896644592285,168.95913696289062,7.301969528198242,221.44126892089844,2.7739999294281006,81.08026885986328,49.40522384643555
2020-02-24,49.119998931884766,100.4645004272461,13.359375,273.8115539550781,24.94915771484375,22.24295997619629,70.32380676269531,11.186098098754883,54.74627685546875,198.81581115722656,22.329345703125,161.67433166503906,6.785738468170166,212.90174865722656,2.694999933242798,77.19556427001953,48.0987663269043
2020-02-25,47.56999969482422,98.63700103759766,12.874375343322754,268.33343505859375,24.185964584350586,21.280677795410156,68.6626205444336,10.876055717468262,52.94680404663086,194.9032745361328,22.027860641479492,159.00645446777344,6.506892204284668,207.112548828125,2.63700008392334,74.89505004882812,47.86769104003906
2020-02-26,47.4900016784668,98.97949981689453,12.696249961853027,269.9646301269531,24.459749221801758,21.14715576171875,68.86817169189453,10.639442443847656,52.87589645385742,195.3291778564453,21.745826721191406,160.99313354492188,6.645942211151123,208.1800079345703,2.6530001163482666,74.99602508544922,48.90751647949219
2020-02-27,44.0099983215332,94.21499633789062,12.073749542236328,261.3938903808594,23.43902587890625,20.055953979492188,65.12775421142578,10.26412582397461,49.48971939086914,187.94989013671875,19.985544204711914,149.64979553222656,6.275991439819336,197.75563049316406,2.5759999752044678,71.5341796875,47.361114501953125
2020-02-28,45.47999954223633,94.1875,12.069999694824219,260.90362548828125,23.325233459472656,18.628644943237305,66.33130645751953,10.435464859008789,49.21492004394531,190.64405822753906,20.714935302734375,153.27322387695312,6.710043430328369,197.909423828125,2.5380001068115234,73.14678955078125,47.84992599487305
2020-03-02,47.459999084472656,97.69750213623047,12.286874771118164,271.0677795410156,24.38189697265625,19.51726722717285,68.6626205444336,10.517058372497559,51.57283401489258,194.576416015625,21.356813430786133,163.4718780517578,6.868062973022461,208.12228393554688,2.615000009536743,75.73761749267578,49.75182342529297
2020-03-03,46.75,95.44950103759766,11.984375,268.06005859375,23.464691162109375,19.236404418945312,66.25553894042969,10.272283554077148,49.61381912231445,184.12649536132812,20.714935302734375,155.6383819580078,6.606189727783203,201.44834899902344,2.609999895095825,73.07102966308594,48.77420425415039
2020-03-04,50.11000061035156,98.79149627685547,12.601875305175781,284.3812255859375,24.42296028137207,19.97308349609375,68.4288558959961,10.003035545349121,52.01605987548828,189.94081115722656,21.969507217407227,161.35272216796875,7.068813323974609,209.85328674316406,2.6670000553131104,76.80425262451172,50.72944641113281
2020-03-05,48.11000061035156,96.20149993896484,12.28499984741211,271.7843933105469,23.446725845336914,18.808216094970703,65.11834716796875,9.619559288024902,50.491390228271484,183.413330078125,24.245229721069336,157.3035430908203,6.790046215057373,203.4774627685547,2.5889999866485596,74.49110412597656,49.529640197753906
2020-03-06,48.59000015258789,95.05449676513672,11.923749923706055,271.6523742675781,23.054012298583984,18.241897583007812,64.17632293701172,9.782739639282227,49.436527252197266,179.37203979492188,23.42830467224121,152.85696411132812,6.609914779663086,200.0443878173828,2.5260000228881836,72.86275482177734,48.943077087402344
2020-03-09,43.27000045776367,90.03050231933594,11.60562515258789,248.83474731445312,21.19480323791504,16.690277099609375,60.21649932861328,9.089219093322754,45.075260162353516,167.89198303222656,21.609668731689453,142.49746704101562,6.09809684753418,186.14840698242188,2.303999900817871,66.63961791992188,46.06354522705078
2020-03-10,45.380001068115234,94.59100341796875,12.4975004196167,263.77935791015625,22.49359703063965,18.020893096923828,63.15751266479492,9.501614570617676,47.84981155395508,176.4995574951172,22.572479248046875,152.2419891357422,6.4866814613342285,196.28428649902344,2.437999963760376,71.01348114013672,48.44536590576172
2020-03-11,45.70000076293945,91.04299926757812,11.387499809265137,249.05162048339844,21.04507064819336,17.007965087890625,59.974300384521484,8.718061447143555,45.793277740478516,168.62496948242188,21.405437469482422,145.34515380859375,6.123688697814941,187.73507690429688,2.4240000247955322,67.03409576416016,46.42792892456055
2020-03-12,39.0099983215332,83.83049774169922,10.180624961853027,226.99771118164062,18.71870994567871,15.07419490814209,55.053627014160156,7.522111415863037,40.368289947509766,153.0045623779297,19.022733688354492,131.5608367919922,5.374344825744629,170.52139282226562,2.2200000286102295,59.68438720703125,43.272891998291016
2020-03-13,43.900001525878906,89.25,11.047499656677246,242.27232360839844,20.03974723815918,16.552152633666992,60.14122009277344,8.132457733154297,48.24869918823242,168.66456604003906,20.209224700927734,150.26475524902344,5.98380708694458,184.96554565429688,2.2920000553131104,66.0873794555664,46.419036865234375
2020-03-16,38.709999084472656,84.4574966430664,9.8149995803833,216.25831604003906,16.049251556396484,14.83017635345459,53.1442985534668,6.887020587921143,39.54389953613281,144.62481689453125,17.25272560119629,128.1171417236328,4.879669666290283,162.8089141845703,1.7380000352859497,56.02375793457031,39.90455627441406
2020-03-17,41.880001068115234,90.39199829101562,10.512499809265137,224.72537231445312,17.069974899291992,14.420397758483887,55.376060485839844,6.821037292480469,44.3927116394043,148.00250244140625,18.303056716918945,138.6658935546875,5.398197174072266,175.15660095214844,1.9119999408721924,60.95301818847656,43.139583587646484
2020-03-18,39.119998931884766,91.5,11.0625,185.7374267578125,14.362873077392578,13.292364120483398,54.04521942138672,7.035482883453369,42.203208923339844,145.5657958984375,16.776182174682617,132.82858276367188,5.039178848266602,169.8290557861328,1.5980000495910645,55.94485855102539,39.433528900146484
2020-03-19,39.81999969482422,94.04650115966797,11.117500305175781,201.80406188964844,16.63704490661621,14.715068817138672,55.0595703125,7.513861656188965,40.722869873046875,151.67726135253906,18.322509765625,135.01400756835938,5.2913618087768555,170.848388671875,1.6100000143051147,57.38387680053711,39.37699890136719
2020-03-20,39.61000061035156,92.30449676513672,10.279999732971191,203.7557830810547,16.725797653198242,14.95909309387207,52.90705108642578,7.11796236038208,40.6253547668457,148.30953979492188,18.157176971435547,129.94309997558594,5.111976623535156,164.15525817871094,1.687999963760376,55.74919891357422,39.951194763183594
2020-03-23,41.63999938964844,95.1415023803711,10.117500305175781,219.83184814453125,16.834566116333008,15.626705169677734,52.20969009399414,6.458127975463867,43.94948959350586,146.6949920654297,18.4392147064209,128.64694213867188,5.284404277801514,164.27377319335938,1.6770000457763672,57.740478515625,40.60612869262695
2020-03-24,46.220001220703125,97.00499725341797,11.65999984741211,245.34608459472656,18.513063430786133,17.887372970581055,55.96792984008789,7.373647689819336,46.44924545288086,159.4528045654297,21.25955581665039,140.34042358398438,6.191019535064697,176.9947052001953,1.88100004196167,63.98564529418945,43.84492111206055
2020-03-25,44.630001068115234,94.29199981689453,11.770625114440918,247.09983825683594,18.92985725402832,18.11297607421875,54.56180191040039,7.744807720184326,45.438697814941406,154.72805786132812,21.006696701049805,138.99696350097656,6.102569103240967,175.68408203125,2.066999912261963,63.151588439941406,43.96155548095703
2020-03-26,47.5,97.77449798583984,12.535625457763672,260.1398010253906,21.159160614013672,19.586328506469727,57.5979118347168,8.685067176818848,49.23265075683594,161.7904052734375,22.543302536010742,147.69139099121094,6.3912739753723145,184.9356689453125,2.1730000972747803,67.39800262451172,44.742095947265625
2020-03-27,46.58000183105469,95.00499725341797,11.9556245803833,238.1896514892578,20.073223114013672,17.841333389282227,54.9897346496582,8.09946346282959,46.422645568847656,155.30255126953125,21.736101150512695,141.62710571289062,6.279221534729004,178.57521057128906,2.0369999408721924,64.05406951904297,42.08646011352539
2020-03-30,47.86000061035156,98.19750213623047,12.858124732971191,252.71937561035156,20.89288902282715,18.324771881103516,56.77524185180664,8.289170265197754,49.188323974609375,164.3756561279297,22.076488494873047,151.5892333984375,6.598735809326172,185.07061767578125,2.0889999866485596,66.28334045410156,42.902889251708984
2020-03-31,45.47999954223633,97.48600006103516,12.659375190734863,246.6944580078125,20.6309814453125,18.209665298461914,57.54988098144531,8.00873851776123,47.97390365600586,165.21762084960938,22.00840187072754,149.20513916015625,6.549292087554932,183.49008178710938,2.128000020980835,64.98189544677734,42.875980377197266
2020-04-01,43.65999984741211,95.38500213623047,12.048125267028809,234.78590393066406,19.45890998840332,16.98954963684082,54.5855827331543,7.901514053344727,45.9882926940918,158.08592224121094,21.04559898376465,143.9071502685547,6.039212703704834,175.69371032714844,2.0460000038146973,61.425785064697266,41.72758865356445
2020-04-02,44.4900016784668,95.94149780273438,12.131250381469727,233.15469360351562,20.62749671936035,17.10004997253418,55.325042724609375,7.736557960510254,48.17778778076172,156.6892852783203,22.089107513427734,146.88720703125,6.347298622131348,179.25942993164062,2.0889999866485596,63.25606918334961,43.1810188293457
2020-04-03,42.59000015258789,95.32949829101562,12.164999961853027,230.63726806640625,20.38386344909668,16.77775764465332,54.12001419067383,7.67057466506958,47.98276901245117,152.71731567382812,21.874553680419922,145.5343475341797,6.060084342956543,176.71524047851562,2.0179998874664307,62.0590934753418,42.22103500366211
2020-04-06,47.52000045776367,99.87950134277344,12.975000381469727,255.64234924316406,21.965776443481445,17.91499900817871,58.601863861083984,8.10771369934082,51.79445266723633,163.97947692871094,23.2496337890625,156.35745239257812,6.668551445007324,189.34942626953125,2.0209999084472656,68.38912963867188,44.831825256347656
2020-04-07,47.560001373291016,100.58000183105469,13.071249961853027,257.0189208984375,22.03799819946289,17.66636848449707,58.57065200805664,7.967499256134033,51.767852783203125,167.2283477783203,23.278894424438477,154.67343139648438,6.435749053955078,189.2723388671875,2.0280001163482666,68.14531707763672,44.60752868652344
2020-04-08,48.790000915527344,102.1500015258789,13.411874771118164,262.6667785644531,22.719316482543945,18.59181785583496,59.7811393737793,8.437630653381348,52.281982421875,172.62664794921875,24.12734603881836,156.22499084472656,6.632526874542236,193.29103088378906,2.0929999351501465,70.42525482177734,45.100975036621094
2020-04-09,48.380001068115234,102.13800048828125,13.119375228881836,260.99786376953125,22.127614974975586,19.135112762451172,59.75984573364258,8.685067176818848,50.650943756103516,173.52801513671875,23.678739547729492,156.2344207763672,6.533142566680908,193.57052612304688,2.1480000019073486,68.90215301513672,43.36045455932617
2020-04-13,50.939998626708984,108.44349670410156,12.630000114440918,258.4426574707031,22.61663818359375,18.628644943237305,59.95003128051758,8.544854164123535,52.03378677368164,173.13180541992188,23.903043746948242,156.58450317382812,6.7045769691467285,195.6617431640625,2.128999948501587,69.6811294555664,43.73727035522461
2020-04-14,54.93000030517578,114.16600036621094,12.95687484741211,272.4255065917969,23.28750991821289,19.033824920654297,62.665199279785156,8.544854164123535,53.77119827270508,176.47972106933594,24.89778709411621,164.3328094482422,7.054899215698242,204.17127990722656,2.190000057220459,72.89522552490234,45.42395782470703
2020-04-15,54.9900016784668,115.38400268554688,12.76187515258789,266.3533935546875,22.400842666625977,18.624053955078125,62.272430419921875,7.852027416229248,52.18448257446289,175.29112243652344,24.527198791503906,162.61099243164062,6.977631092071533,201.82945251464844,2.1610000133514404,70.72610473632812,44.55369186401367
2020-04-16,56.95000076293945,120.40950012207031,12.8256254196167,275.69732666015625,22.474807739257812,18.923322677612305,62.278865814208984,7.68706750869751,53.88642883300781,174.5779571533203,25.151344299316406,167.49270629882812,7.3219895362854,205.51083374023438,2.1600000858306885,72.71155548095703,47.0119514465332
2020-04-17,56.599998474121094,118.75,13.126250267028809,278.7616882324219,23.135238647460938,19.112091064453125,63.34720993041992,8.00873851776123,53.50526809692383,177.5395965576172,25.3171329498291,168.96861267089844,7.262857437133789,207.47683715820312,2.177000045776367,73.27519989013672,48.1693115234375
2020-04-20,56.970001220703125,119.68049621582031,13.249375343322754,274.92413330078125,22.47393226623535,18.858863830566406,62.46311569213867,7.720062255859375,52.45927810668945,176.54905700683594,25.58045196533203,165.6194610595703,7.1319193840026855,205.01937866210938,2.1689999103546143,71.68241882324219,47.182411193847656
2020-04-21,52.91999816894531,116.40599822998047,12.503125190734863,265.0333557128906,21.548978805541992,17.21976661682129,60.03670883178711,7.464377403259277,49.95952224731445,169.17965698242188,24.653976440429688,158.76991271972656,6.69612979888916,197.45423889160156,2.0980000495910645,68.170654296875,46.08786392211914
2020-04-22,55.91999816894531,118.17449951171875,13.210624694824219,278.12054443359375,22.62098503112793,17.841333389282227,62.327415466308594,7.44788122177124,53.27479553222656,180.55075073242188,25.99005126953125,164.16250610351562,7.109559059143066,203.3136444091797,2.1459999084472656,72.29674530029297,47.505401611328125
2020-04-23,55.900001525878906,119.97250366210938,13.076874732971191,272.8687744140625,22.530492782592773,17.91499900817871,62.95940017700195,7.645831108093262,52.335166931152344,183.3737335205078,25.765748977661133,162.17578125,7.056389331817627,202.8799285888672,2.1619999408721924,71.57476043701172,47.22726821899414
2020-04-24,56.18000030517578,120.51100158691406,13.55062484741211,276.5627136230469,23.04213523864746,18.274126052856445,63.228336334228516,7.860273838043213,52.53019332885742,188.26686096191406,26.45816421508789,165.136962890625,7.1950297355651855,206.0794219970703,2.1700000762939453,73.06307220458984,47.30803298950195
2020-04-27,56.4900016784668,118.80000305175781,13.619375228881836,275.6718444824219,23.358863830566406,18.504335403442383,62.94404220581055,7.967499256134033,52.716346740722656,185.72120666503906,26.750734329223633,164.66397094726562,7.38112211227417,207.7370147705078,2.2230000495910645,74.03836822509766,48.00782012939453
2020-04-28,55.5099983215332,115.7040023803711,13.626874923706055,276.1645812988281,23.035171508789062,18.803606033325195,61.048587799072266,8.08297061920166,52.07810592651367,181.17477416992188,26.21435546875,160.65260314941406,7.239006519317627,203.8243408203125,2.2769999504089355,73.65520477294922,47.33494186401367
2020-04-29,53.65999984741211,118.635498046875,13.8774995803833,287.811279296875,24.017560958862305,19.97768783569336,66.47643280029297,8.503615379333496,54.78173065185547,192.34776306152344,27.062808990478516,167.86166381835938,7.415409564971924,211.05215454101562,2.3469998836517334,77.151123046875,48.87807083129883
2020-04-30,52.38999938964844,123.69999694824219,13.706250190734863,273.3311462402344,23.634702682495117,19.655385971069336,66.70030212402344,8.297416687011719,53.16841125488281,202.76795959472656,26.077823638916016,169.54568481445312,7.261865139007568,210.96546936035156,2.2899999618530273,74.42786407470703,47.66688919067383
2020-05-01,49.880001068115234,114.302001953125,12.977499961853027,264.45159912109375,22.597492218017578,18.416858673095703,65.2451400756836,7.819033622741699,50.94347381591797,200.35110473632812,24.800260543823242,165.15591430664062,7.02583122253418,205.01937866210938,2.2230000495910645,70.7989273071289,45.845619201660156
2020-05-04,52.560001373291016,115.79949951171875,13.1875,268.35595703125,22.820249557495117,18.670087814331055,65.5215072631836,7.736557960510254,51.40441131591797,203.31272888183594,25.06357192993164,169.19566345214844,7.237267017364502,207.40931701660156,2.2330000400543213,71.38789367675781,46.787654876708984
2020-05-05,52.189998626708984,115.88999938964844,13.77750015258789,273.25531005859375,23.04735565185547,18.504335403442383,66.8152084350586,7.761301040649414,52.07810592651367,205.10556030273438,25.619457244873047,171.01206970214844,7.298138618469238,209.7608184814453,2.246999979019165,72.58805084228516,46.39290237426758
2020-05-06,52.15999984741211,117.56300354003906,13.000624656677246,276.6195068359375,22.987314224243164,18.6424617767334,66.63740539550781,7.711811542510986,52.75560760498047,206.49229431152344,25.9412899017334,172.69613647460938,7.398761749267578,211.05215454101562,2.2019999027252197,73.47789001464844,46.769710540771484
2020-05-07,51.95000076293945,118.38050079345703,13.151874542236328,283.90692138671875,23.29796028137207,19.222591400146484,67.81864929199219,7.901514053344727,52.74668502807617,209.25579833984375,25.785255432128906,173.69891357421875,7.574668884277344,213.7698516845703,2.23799991607666,74.13968658447266,46.949153900146484
2020-05-08,53.189998626708984,118.98049926757812,13.625624656677246,288.4651184082031,23.93142318725586,20.09739875793457,68.56455993652344,8.454127311706543,53.192413330078125,210.33544921875,26.18509292602539,174.720703125,7.76423978805542,216.69952392578125,2.5420000553131104,76.32782745361328,47.469505310058594
2020-05-11,55.7400016784668,120.44999694824219,14.036250114440918,288.4556884765625,23.963611602783203,19.96847915649414,69.51798248291016,8.025236129760742,53.60246658325195,211.15760803222656,25.687719345092773,176.66966247558594,8.015678405761719,218.6365966796875,2.565000057220459,76.2549819946289,47.0119514465332
2020-05-12,53.7599983215332,117.84750366210938,13.818750381469727,281.1018981933594,23.358863830566406,19.452802658081055,68.11088562011719,7.819033622741699,52.05135726928711,208.10682678222656,25.404905319213867,172.66770935058594,7.754303455352783,214.05894470214844,2.3980000019073486,74.23155212402344,45.845619201660156
2020-05-13,52.18000030517578,118.39600372314453,13.357500076293945,278.8275451660156,22.897689819335938,18.891094207763672,66.78103637695312,7.4891204833984375,51.471927642822266,203.1542510986328,25.141592025756836,170.05657958984375,7.731942653656006,211.37985229492188,2.3289999961853027,72.80022430419922,45.684139251708984
2020-05-14,54.5099983215332,119.44249725341797,12.849374771118164,286.7119445800781,23.197891235351562,19.273239135742188,67.20350646972656,7.563351631164551,52.66646194458008,204.8480224609375,25.629209518432617,170.7944793701172,7.980897903442383,213.77947998046875,2.3350000381469727,74.74768829345703,46.742801666259766
2020-05-15,54.20000076293945,120.48899841308594,13.153124809265137,277.22601318359375,22.659271240234375,19.37913703918457,68.0058822631836,7.513861656188965,51.95330047607422,208.87942504882812,25.687719345092773,173.2826690673828,8.438299179077148,215.16725158691406,2.3289999961853027,73.20238494873047,44.67930221557617
2020-05-18,54.59000015258789,121.31300354003906,13.476249694824219,288.92950439453125,23.80089569091797,20.15725326538086,68.6061782836914,8.239679336547852,53.41527557373047,211.16751098632812,26.89702033996582,174.93829345703125,8.696198463439941,219.17623901367188,2.440999984741211,76.56532287597656,46.53645706176758
2020-05-19,55.470001220703125,122.46649932861328,13.734999656677246,290.2182922363281,23.663410186767578,20.276958465576172,68.0722427368164,8.280919075012207,53.7451057434082,214.82249450683594,26.69222068786621,173.7273406982422,8.751107215881348,218.62692260742188,2.4790000915527344,76.31514739990234,45.58545684814453
2020-05-20,56.38999938964844,124.89700317382812,14.043749809265137,308.59332275390625,24.24901580810547,20.562419891357422,69.79386901855469,8.478870391845703,56.25005340576172,227.788330078125,28.242841720581055,176.1370391845703,8.914592742919922,222.99253845214844,2.559999942779541,79.1270980834961,46.5095329284668
2020-05-21,54.650001525878906,122.33699798583984,13.942500114440918,302.2913818359375,23.91139793395996,20.438108444213867,69.67449951171875,8.544854164123535,55.251644134521484,229.19482421875,28.37938117980957,174.02139282226562,8.72104549407959,220.56399536132812,2.5160000324249268,77.13529968261719,45.531620025634766
2020-05-22,55.16999816894531,121.84400177001953,13.760624885559082,302.6419677734375,24.0723819732666,19.830352783203125,69.99594116210938,7.563351631164551,55.50125503540039,232.68148803710938,29.383869171142578,174.09730529785156,8.97049617767334,221.32534790039062,2.4700000286102295,77.477294921875,44.67930221557617
2020-05-26,53.189998626708984,121.09300231933594,13.896875381469727,303.1158142089844,24.539642333984375,20.470340728759766,70.39859771728516,7.769550800323486,55.572566986083984,229.9971466064453,29.647184371948242,172.25680541992188,8.663897514343262,220.72776794433594,2.5299999713897705,78.2911148071289,45.594417572021484
2020-05-27,52.7400016784668,120.51950073242188,14.20687484741211,301.85540771484375,25.02431297302246,20.981403350830078,70.34461212158203,8.049979209899902,56.66012191772461,226.9661865234375,29.939756393432617,172.48451232910156,8.472588539123535,221.93243408203125,2.5889999866485596,79.49759674072266,46.4198112487793
2020-05-28,51.7400016784668,120.05500030517578,13.932499885559082,303.22015380859375,24.637100219726562,20.98600959777832,70.24359130859375,7.909763813018799,55.002037048339844,223.32110595703125,29.227834701538086,172.09556579589844,8.434576034545898,221.64328002929688,2.5329999923706055,77.76229858398438,45.10993957519531
2020-05-29,53.79999923706055,122.11849975585938,14.5912504196167,312.26068115234375,25.344518661499023,22.85531997680664,71.00038146972656,8.00873851776123,56.098506927490234,222.95462036132812,31.812206268310547,173.85064697265625,8.820674896240234,224.8910675048828,2.5959999561309814,79.75406646728516,45.1547966003418
2020-06-01,53.630001068115234,123.552001953125,14.664999961853027,309.62615966796875,25.23314666748047,22.73100471496582,71.06724548339844,8.049979209899902,55.14467239379883,229.7099151611328,32.163299560546875,173.45217895507812,8.75185489654541,225.5655975341797,2.6549999713897705,79.32341766357422,45.78282165527344
2020-06-02,53.540000915527344,123.62049865722656,14.403124809265137,317.2074279785156,25.935346603393555,22.62971305847168,71.43574523925781,8.20668888092041,55.37643814086914,230.51222229003906,33.752925872802734,175.42550659179688,8.770734786987305,227.07864379882812,2.746000051498413,81.03655242919922,46.66204833984375
2020-06-03,52.72999954223633,123.91999816894531,14.454375267028809,328.1717529296875,26.933387756347656,22.473167419433594,71.28419494628906,8.528359413146973,55.20707702636719,227.97653198242188,35.06949234008789,175.85238647460938,8.715328216552734,228.1001739501953,2.7730000019073486,83.37669372558594,47.60409164428711
2020-06-04,52.630001068115234,123.02999877929688,14.291250228881836,334.625244140625,26.877702713012695,22.652734756469727,70.0484390258789,8.643827438354492,56.1341667175293,224.14324951171875,35.00123977661133,173.5375518798828,8.716324806213379,226.50039672851562,2.7750000953674316,84.13665008544922,48.698638916015625
2020-06-05,53.099998474121094,124.1500015258789,14.698124885559082,338.52008056640625,27.59035301208496,23.26049041748047,71.32232666015625,9.163448333740234,57.355445861816406,228.58071899414062,35.00123977661133,177.5980224609375,8.868945121765137,230.99131774902344,2.8610000610351562,86.19813537597656,49.52404022216797
2020-06-08,52.970001220703125,126.2030029296875,14.4868745803833,330.9673156738281,27.62863540649414,23.785371780395508,71.71952819824219,9.559348106384277,56.758182525634766,229.2047576904297,34.08451461791992,178.69854736328125,8.754605293273926,232.78382873535156,2.9709999561309814,86.02079010009766,49.85599899291992
2020-06-09,56.38999938964844,130.04299926757812,14.462499618530273,331.0431213378906,27.43720245361328,23.034887313842773,71.91962432861328,9.184309959411621,56.196571350097656,236.40576171875,34.29905319213867,180.064697265625,8.99422550201416,234.47030639648438,2.9619998931884766,86.0873031616211,50.789058685302734
2020-06-10,57.439998626708984,132.37249755859375,14.548125267028809,329.70697021484375,27.412841796875,22.740215301513672,72.54468536376953,8.917613983154297,56.93647384643555,234.48419189453125,34.19178771972656,186.7436065673828,9.313138008117676,237.28431701660156,2.9100000858306885,86.39130401611328,51.63240432739258
2020-06-11,52.83000183105469,127.89800262451172,13.675000190734863,315.4637451171875,25.560317993164062,21.451034545898438,69.43428039550781,8.125864028930664,53.21915054321289,222.3008575439453,32.49489212036133,176.7157440185547,8.745902061462402,225.5270233154297,2.802000045776367,80.90357208251953,49.3804931640625
2020-06-12,53.5,127.2509994506836,13.923749923706055,325.1108703613281,26.125905990600586,21.593769073486328,69.98008728027344,8.459233283996582,52.88931655883789,226.4114990234375,32.89472198486328,178.11036682128906,8.88137149810791,227.31956481933594,2.921999931335449,82.00552368164062,50.241790771484375
2020-06-15,54.68000030517578,128.63400268554688,14.115625381469727,331.6875305175781,26.460041046142578,21.667430877685547,70.3674087524414,8.509236335754395,53.57573318481445,230.29429626464844,33.53837585449219,179.248779296875,9.121244430541992,230.08543395996094,3.128999948501587,83.11087799072266,50.259727478027344
2020-06-16,54.459999084472656,130.7635040283203,14.34749984741211,333.6207580566406,27.036943435668945,21.95289421081543,71.64177703857422,8.675924301147461,53.843170166015625,233.41444396972656,33.87971878051758,183.641357421875,9.016595840454102,234.03660583496094,3.115000009536743,84.73252868652344,50.06234359741211
2020-06-17,54.54999923706055,132.0489959716797,14.1587495803833,343.43841552734375,27.27361297607422,21.87922477722168,71.94242095947266,8.367554664611816,53.92338943481445,233.29559326171875,34.113765716552734,184.27694702148438,9.183135986328125,234.77867126464844,3.177000045776367,85.39263153076172,50.780094146728516
2020-06-18,54.040000915527344,132.69900512695312,13.715624809265137,340.0932312011719,27.732179641723633,21.833179473876953,71.03009796142578,8.45090103149414,53.55789566040039,233.70166015625,33.63590621948242,186.25025939941406,9.165240287780762,235.4147186279297,3.1419999599456787,85.23395538330078,50.75297927856445
2020-06-19,54.22999954223633,133.75050354003906,13.625624656677246,341.7895202636719,26.616600036621094,22.523813247680664,70.5605697631836,8.184200286865234,53.14783477783203,236.52464294433594,33.13853454589844,185.14027404785156,9.208240509033203,235.37619018554688,3.2309999465942383,84.8213882446289,49.99371337890625
2020-06-22,54.7599983215332,135.6909942626953,13.554374694824219,345.219970703125,27.563392639160156,22.233753204345703,71.84929656982422,8.09252643585205,53.566810607910156,236.95057678222656,33.85045623779297,190.28228759765625,9.472220420837402,238.198974609375,3.1029999256134033,85.44657897949219,50.61738967895508
2020-06-23,53.9900016784668,138.2205047607422,13.476249694824219,347.4468994140625,27.36647605895996,22.56525230407715,72.509033203125,8.059189796447754,53.41527557373047,239.94192504882812,33.50912094116211,191.55355834960938,9.395913124084473,240.2262420654297,3.127000093460083,85.75122833251953,51.3043327331543
2020-06-24,52.38999938964844,136.72000122070312,13.078125,342.65179443359375,26.985822677612305,24.448375701904297,70.95976257324219,7.725822448730469,52.67537307739258,231.7998809814453,32.79719543457031,187.69227600097656,9.182639122009277,235.2738800048828,3.061000108718872,83.86935424804688,51.14164352416992
2020-06-25,51.93000030517578,137.72900390625,13.248749732971191,347.3616943359375,27.15109634399414,23.757747650146484,71.37580871582031,7.8925065994262695,52.1583366394043,233.4441375732422,33.03124237060547,190.0640869140625,9.43568229675293,237.51353454589844,3.1029999256134033,84.46914672851562,51.55743408203125
2020-06-26,50.099998474121094,134.64349365234375,13.164375305175781,342.8224792480469,27.024497985839844,24.05702018737793,67.48484802246094,7.91750955581665,51.25798034667969,214.03009033203125,32.4070930480957,186.259765625,9.102603912353516,231.9046630859375,2.812000036239624,82.88555145263672,50.91567611694336
2020-06-29,50.279998779296875,134.0189971923828,12.931875228881836,345.71270751953125,27.23285484313965,24.752256393432617,69.20002746582031,7.984179973602295,51.94438934326172,218.5468292236328,32.72893142700195,188.2615509033203,9.147345542907715,234.43399047851562,2.8239998817443848,83.79000854492188,50.96990203857422
2020-06-30,52.61000061035156,137.9409942626953,13.126874923706055,348.76422119140625,27.745370864868164,25.295547485351562,70.23418426513672,8.109196662902832,53.33504104614258,224.9158172607422,34.19178771972656,193.07147216796875,9.443389892578125,239.0291748046875,2.8389999866485596,85.96067810058594,51.31336975097656
2020-07-01,52.58000183105469,143.93499755859375,13.09000015258789,348.3472900390625,27.492189407348633,24.991676330566406,71.42037963867188,7.850836277008057,52.4257698059082,235.29641723632812,33.51886749267578,194.20040893554688,9.475451469421387,241.81918334960938,2.7939999103546143,84.85948944091797,51.35856628417969
2020-07-02,52.34000015258789,144.51499938964844,13.156874656677246,353.6825256347656,27.73305892944336,24.747648239135742,72.80371856689453,7.84250020980835,52.71102523803711,231.20559692382812,34.15277862548828,195.680419921875,9.557231903076172,243.46034240722656,2.747999906539917,85.89720153808594,52.98556137084961
2020-07-06,53.400001525878906,152.8520050048828,13.403124809265137,365.2818298339844,28.024921417236328,24.890382766723633,74.27571868896484,7.99251651763916,53.0765266418457,238.00051879882812,35.26454544067383,199.89268493652344,9.782933235168457,249.4456787109375,2.7950000762939453,88.166259765625,55.93221664428711
2020-07-07,52.93000030517578,150.00599670410156,13.173749923706055,362.0218811035156,27.52646827697754,24.37931251525879,73.7938003540039,7.559136390686035,51.98005676269531,238.5749969482422,34.5623779296875,197.568359375,9.815248489379883,247.72731018066406,2.753000020980835,87.1253662109375,54.87467575073242
2020-07-08,53.43000030517578,154.0554962158203,13.381250381469727,371.4131774902344,28.093494415283203,24.931821823120117,74.47135162353516,7.675814628601074,52.24748992919922,241.26919555664062,36.649391174316406,201.91343688964844,10.157526969909668,250.99034118652344,2.821000099182129,88.30590057373047,56.573974609375
2020-07-09,57.2599983215332,159.13150024414062,13.6743745803833,374.05706787109375,28.263160705566406,24.72002410888672,75.21725463867188,7.484127044677734,52.07810592651367,242.18043518066406,37.176002502441406,203.32701110839844,10.448851585388184,253.1044921875,2.7639999389648438,89.4769058227539,58.553470611572266
2020-07-10,55.880001068115234,160.0,13.506875038146973,375.1279296875,28.082063674926758,24.60031509399414,76.22517395019531,7.717488765716553,53.06760025024414,242.74505615234375,37.42021560668945,202.71031188964844,10.419271469116211,254.83250427246094,2.7639999389648438,89.17544555664062,57.712852478027344
2020-07-13,53.59000015258789,155.1999969482422,13.206250190734863,368.2763977050781,27.367353439331055,23.836015701293945,74.89878845214844,7.867502689361572,52.220741271972656,236.732666015625,35.818294525146484,196.44886779785156,9.99471378326416,249.59046936035156,2.7130000591278076,87.70928955078125,58.81560134887695
2020-07-14,54.720001220703125,154.1999969482422,13.483124732971191,376.05657958984375,27.698772430419922,24.172122955322266,75.32621765136719,7.925845623016357,52.577308654785156,237.4557342529297,36.36528015136719,197.66322326660156,10.317605018615723,251.35716247558594,2.7699999809265137,89.15957641601562,60.52392578125
2020-07-15,55.34000015258789,150.44349670410156,13.446249961853027,355.77685546875,27.584491729736328,24.2549991607666,75.12909698486328,8.03419017791748,52.62187957763672,238.00051879882812,36.1894645690918,197.3690948486328,10.16871452331543,251.86880493164062,2.7860000133514404,89.00408172607422,59.71043395996094
2020-07-16,54.91999816894531,149.9949951171875,13.444999694824219,365.0543212890625,27.369991302490234,27.21090316772461,75.03201293945312,8.100862503051758,52.71994400024414,238.64434814453125,35.740150451660156,193.46041870117188,10.076743125915527,250.1504364013672,2.812999963760376,88.67084503173828,60.18949508666992
2020-07-17,55.040000915527344,148.09849548339844,13.723125457763672,363.5097351074219,27.490427017211914,27.795639038085938,75.12760162353516,8.059189796447754,53.486595153808594,239.73391723632812,35.671783447265625,192.47378540039062,10.143110275268555,250.4400634765625,2.8399999141693115,89.11832427978516,60.01776123046875
2020-07-20,57.459999084472656,159.8419952392578,14.09000015258789,370.9866027832031,27.878990173339844,28.292896270751953,77.45496368408203,7.959179401397705,54.51174545288086,243.09173583984375,36.02342224121094,200.74652099609375,10.450591087341309,257.5452880859375,2.865000009536743,90.8796157836914,60.460655212402344
2020-07-21,57.0,156.9145050048828,14.2993745803833,363.7276306152344,27.633718490600586,28.113330841064453,77.06269836425781,8.05085563659668,54.11060333251953,239.45655822753906,35.476417541503906,198.04269409179688,10.269386291503906,254.8614501953125,2.809000015258789,90.4162826538086,61.292240142822266
2020-07-22,61.790000915527344,154.99549865722656,14.614375114440918,372.04803466796875,27.586254119873047,28.435630798339844,77.50499725341797,8.125864028930664,54.42259979248047,237.59439086914062,35.173614501953125,200.88882446289062,10.37900447845459,255.7593231201172,2.796999931335449,90.71458435058594,61.943031311035156
2020-07-23,59.56999969482422,149.32749938964844,14.956250190734863,364.1161804199219,27.223180770874023,28.32512855529785,75.1226577758789,8.184200286865234,53.843170166015625,230.3933563232422,34.5094108581543,192.15121459960938,10.071770668029785,249.078857421875,2.76200008392334,89.3277587890625,60.894527435302734
2020-07-24,69.4000015258789,150.44549560546875,14.80062484741211,348.4324951171875,26.882089614868164,27.993621826171875,74.6996841430664,8.0175199508667,45.09810256958008,228.52130126953125,34.17731857299805,190.97483825683594,10.136150360107422,246.7136688232422,2.7170000076293945,87.92507934570312,66.79685974121094
2020-07-27,68.97000122070312,152.760498046875,15.364375114440918,361.7944030761719,27.487791061401367,28.067293167114258,75.75067901611328,8.125864028930664,44.1888313293457,231.2848358154297,34.75361633300781,193.39402770996094,10.36185073852539,251.11578369140625,2.8459999561309814,90.66381072998047,75.24817657470703
2020-07-28,67.61000061035156,150.01649475097656,15.052499771118164,356.65814208984375,27.019227981567383,27.335220336914062,74.47383117675781,7.900836944580078,43.894657135009766,227.9368896484375,34.16754913330078,191.65794372558594,10.157031059265137,247.92039489746094,2.813999891281128,88.91206359863281,69.52660369873047
2020-07-29,76.08999633789062,151.67649841308594,15.432499885559082,345.5328063964844,27.15109634399414,27.482555389404297,75.45747375488281,8.09252643585205,42.85166931152344,231.07681274414062,34.294532775878906,193.59326171875,10.405599594116211,250.77793884277344,2.9579999446868896,90.74314880371094,74.72391510009766
2020-07-30,78.19999694824219,152.593994140625,15.586874961853027,343.74169921875,27.436800003051758,27.238529205322266,76.19346618652344,8.0175199508667,42.78035354614258,232.27532958984375,35.10525131225586,193.44146728515625,10.55324935913086,252.0908660888672,2.9730000495910645,92.52984619140625,72.24727630615234
2020-07-31,77.43000030517578,158.23399353027344,16.235624313354492,335.20330810546875,27.8455867767334,27.547012329101562,73.69623565673828,8.225872993469238,42.54857635498047,251.26345825195312,35.6229362487793,194.4945068359375,10.553994178771973,256.5895080566406,3.0309998989105225,92.1553726196289,71.30724334716797
2020-08-03,77.66999816894531,155.59449768066406,16.281875610351562,347.4185485839844,28.23942756652832,27.846288681030273,73.43917846679688,8.242542266845703,43.05669403076172,249.5697021484375,36.50202560424805,205.43312072753906,10.947232246398926,260.0553283691406,3.0309998989105225,93.82778930664062,71.36148071289062
2020-08-04,85.04000091552734,156.94149780273438,16.499374389648438,350.94384765625,28.868864059448242,27.772624969482422,72.97062683105469,8.300882339477539,43.79659652709961,247.45989990234375,36.62901306152344,202.34982299804688,11.163487434387207,261.0206604003906,3.0329999923706055,95.20512390136719,72.48230743408203
2020-08-05,85.30999755859375,160.25149536132812,14.695625305175781,349.2190856933594,28.969955444335938,27.906137466430664,73.25741577148438,8.300882339477539,43.609397888183594,246.7566375732422,36.89274978637695,202.0177764892578,11.222149848937988,261.6675109863281,3.0789999961853027,95.10670471191406,73.78386688232422
2020-08-06,86.70999908447266,161.25,14.773750305175781,349.90142822265625,28.936555862426758,28.062686920166016,74.53822326660156,8.425895690917969,43.5914421081543,262.7633361816406,35.77922821044922,205.25286865234375,11.270618438720703,265.13323974609375,3.009000062942505,95.05594635009766,72.78055572509766
2020-08-07,84.8499984741211,158.3730010986328,14.425000190734863,346.9068908691406,28.652597427368164,27.993621826171875,74.21231842041016,8.409225463867188,43.10679244995117,265.89337158203125,35.242000579833984,201.58135986328125,11.135397911071777,262.0729064941406,3.0179998874664307,93.99916076660156,72.3376693725586
2020-08-10,82.23999786376953,157.4080047607422,13.904375076293945,346.2813415527344,28.7783145904541,28.46785545349121,74.13554382324219,8.509236335754395,44.17481231689453,260.50494384765625,34.52894973754883,197.568359375,11.101096153259277,260.95306396484375,3.0209999084472656,93.99600982666016,72.19304656982422
2020-08-11,76.87999725341797,154.0334930419922,13.748749732971191,342.3960266113281,28.48556900024414,28.334335327148438,73.3292236328125,8.467565536499023,43.25040054321289,253.70018005371094,33.884281158447266,192.94813537597656,10.787899017333984,256.0103454589844,3.0480000972747803,93.01537322998047,70.44857025146484
2020-08-12,82.61000061035156,158.11199951171875,13.515000343322754,355.1893310546875,29.33039093017578,28.46785545349121,74.65162658691406,8.45090103149414,44.14789581298828,257.42449951171875,34.460575103759766,198.46011352539062,11.37476921081543,262.4493713378906,2.6010000705718994,96.02066040039062,71.75918579101562
2020-08-13,81.83999633789062,158.05099487304688,13.51937484741211,355.1419372558594,28.959407806396484,27.42270278930664,75.11770629882812,8.009182929992676,43.58247375488281,258.821044921875,33.894046783447266,197.99526977539062,11.3775053024292,263.0479736328125,2.5989999771118164,95.0654525756836,70.77394104003906
2020-08-14,81.30000305175781,157.4010009765625,13.291874885559082,351.6734924316406,28.818756103515625,27.583847045898438,74.52236938476562,8.059189796447754,43.878639221191406,258.7616271972656,32.7902946472168,198.1849365234375,11.497812271118164,262.7390441894531,2.609999895095825,95.00835418701172,70.87336730957031
2020-08-17,82.41999816894531,159.12049865722656,13.438124656677246,358.6955871582031,29.038528442382812,27.482555389404297,75.09739685058594,7.884172439575195,43.914546966552734,258.6824035644531,32.995426177978516,199.4942169189453,12.266388893127441,265.78961181640625,2.5739998817443848,96.07780456542969,72.48230743408203
2020-08-18,81.66000366210938,165.62449645996094,13.7162504196167,357.4731140136719,28.89084243774414,27.634490966796875,77.05575561523438,7.875834941864014,43.663246154785156,259.8512268066406,32.604705810546875,200.64215087890625,12.190571784973145,268.34796142578125,2.5859999656677246,95.57007598876953,71.77726745605469
2020-08-19,81.08999633789062,163.0240020751953,13.790624618530273,355.3125305175781,28.940950393676758,27.556222915649414,76.50253295898438,7.850836277008057,43.37604904174805,260.0987854003906,32.34098434448242,199.4248809814453,12.069024085998535,266.5426330566406,2.5910000801086426,95.02738952636719,70.99089813232422
2020-08-20,82.7699966430664,164.86849975585938,13.836250305175781,352.6874694824219,28.907543182373047,27.4687442779541,78.06961059570312,7.717488765716553,44.12995147705078,266.45794677734375,32.02840805053711,204.06576538085938,12.07150936126709,270.2400817871094,2.61899995803833,94.18323516845703,69.42716217041016
2020-08-21,83.80999755859375,164.23599243164062,13.910625457763672,352.6401672363281,29.01215362548828,27.837080001831055,78.03594970703125,7.775825023651123,44.228668212890625,264.4769287109375,32.68285369873047,202.5821990966797,12.610904693603516,272.11285400390625,2.6540000438690186,94.82109069824219,70.81010437011719
2020-08-24,83.08000183105469,165.3730010986328,13.676875114440918,358.20281982421875,29.362045288085938,28.343538284301758,78.51042175292969,8.0175199508667,44.10301971435547,268.81536865234375,33.91359329223633,203.21939086914062,12.647443771362305,273.81195068359375,2.6659998893737793,95.80806732177734,71.31626892089844
2020-08-25,86.3499984741211,167.32449340820312,13.714374542236328,360.8941345214844,29.550161361694336,27.919952392578125,79.53567504882812,7.775825023651123,44.3632926940918,278.1559143066406,34.39220428466797,205.86314392089844,12.677024841308594,275.96484375,2.6649999618530273,96.7379150390625,72.3467025756836
2020-08-26,86.0199966430664,172.09249877929688,13.878125190734863,365.71771240234375,29.860490798950195,28.605985641479492,81.4316177368164,8.059189796447754,44.47099685668945,301.02679443359375,34.78290939331055,210.31382751464844,12.699892044067383,281.8536682128906,2.5989999771118164,97.04891204833984,73.89234924316406
2020-08-27,83.80000305175781,170.0,13.886249542236328,356.5255432128906,29.81390380859375,28.74410629272461,80.6584701538086,7.975846767425537,44.336368560791016,290.438232421875,35.07595443725586,215.477783203125,12.555971145629883,280.9751892089844,2.615000009536743,95.94453430175781,72.85291290283203
2020-08-28,85.55000305175781,170.08999633789062,13.8774995803833,359.6053466796875,30.313222885131836,30.48450469970703,81.19884490966797,8.192537307739258,45.26079559326172,290.8741149902344,37.361595153808594,217.69366455078125,13.072497367858887,282.40386962890625,2.7070000171661377,97.71533966064453,72.70825958251953
2020-08-31,90.81999969482422,172.54800415039062,13.965624809265137,354.5923156738281,30.5180606842041,30.424646377563477,80.70851135253906,8.059189796447754,45.727500915527344,290.4184875488281,37.879276275634766,214.47921752929688,13.297947883605957,284.6725769042969,2.739000082015991,97.4963607788086,71.63265228271484
2020-09-01,92.18000030517578,174.95599365234375,14.006250381469727,366.6464538574219,31.607261657714844,30.558164596557617,81.97395324707031,7.8925065994262695,45.58388900756836,292.6371765136719,38.27977752685547,216.13397216796875,13.746006965637207,289.5381774902344,2.7070000171661377,99.43218994140625,73.7115707397461
2020-09-02,90.22000122070312,176.57249450683594,14.282500267028809,377.62969970703125,32.96724319458008,31.525056838989258,85.06009674072266,8.192537307739258,46.89424133300781,299.6302490234375,40.233314514160156,220.29931640625,14.268653869628906,292.27978515625,2.7320001125335693,102.313720703125,74.27197265625
2020-09-03,82.54000091552734,168.39999389648438,13.551250457763672,356.4686279296875,30.95233726501465,30.176021575927734,80.70751953125,7.934175968170166,45.224891662597656,288.3581848144531,37.42997360229492,206.65248107910156,12.944876670837402,277.46112060546875,2.5840001106262207,96.60780334472656,73.37712860107422
2020-09-04,82.01000213623047,164.7310028076172,13.193750381469727,348.18609619140625,31.907032012939453,29.76624298095703,78.3152847290039,7.99251651763916,44.94667053222656,280.0478515625,36.49226760864258,203.7519073486328,12.554008483886719,273.76361083984375,2.553999900817871,95.60496520996094,71.32530212402344
2020-09-08,78.69000244140625,157.49200439453125,12.94937515258789,329.1667785644531,30.816068649291992,29.53603744506836,75.46192169189453,7.958757400512695,43.896602630615234,268.58758544921875,36.677852630615234,192.7298583984375,11.848356246948242,260.6055603027344,2.5309998989105225,91.13666534423828,69.88813781738281
2020-09-09,81.91000366210938,163.4304962158203,13.23812484741211,340.55755615234375,31.65033721923828,30.77457046508789,76.63229370117188,7.984076499938965,44.53382110595703,271.12335205078125,38.53372573852539,200.9369659423828,12.646010398864746,268.2610168457031,2.617000102996826,93.61834716796875,71.76824951171875
2020-09-10,78.9800033569336,158.7554931640625,12.883125305175781,338.3115539550781,31.39100456237793,30.129981994628906,75.58326721191406,7.781520366668701,43.94146728515625,265.54669189453125,37.61555862426758,195.3070526123047,12.24494743347168,262.912841796875,2.5439999103546143,92.34894561767578,71.31626892089844
2020-09-11,76.33999633789062,155.81100463867188,12.73812484741211,340.4248352050781,31.62133026123047,30.567378997802734,75.07362365722656,7.798398494720459,44.228668212890625,264.08074951171875,37.85975646972656,194.03268432617188,12.098494529724121,261.0882263183594,2.565999984741211,92.32357025146484,71.24397277832031
2020-09-14,77.9000015258789,155.14849853515625,12.845624923706055,348.678955078125,31.841110229492188,30.779170989990234,74.73038482666016,7.908116817474365,44.345340728759766,263.62506103515625,38.30907440185547,195.34510803222656,12.80240535736084,265.6351623535156,2.634000062942505,94.17053985595703,72.76249694824219
2020-09-15,78.93000030517578,157.80650329589844,12.898750305175781,350.8680114746094,32.25516891479492,30.8942813873291,76.0324935913086,7.832159519195557,44.87487030029297,269.8356018066406,38.103946685791016,198.54995727539062,12.920510292053223,269.40008544921875,2.625,95.79537963867188,77.59825897216797
2020-09-16,76.66000366210938,153.90499877929688,12.86312484741211,343.4100341796875,32.2666015625,31.018587112426758,74.89186096191406,7.992517471313477,45.20694351196289,261.02001953125,37.19554901123047,195.00271606445312,12.446595191955566,265.10418701171875,2.630000114440918,94.89728546142578,75.13970184326172
2020-09-17,76.55000305175781,150.43649291992188,12.6537504196167,347.5417785644531,32.16813278198242,30.645647048950195,73.65115356445312,8.127554893493652,45.16206359863281,252.402587890625,37.8109130859375,192.96754455566406,12.395870208740234,260.9627685546875,2.6389999389648438,94.84967041015625,74.41921997070312
2020-09-18,74.93000030517578,147.74549865722656,12.561249732971191,347.1626892089844,31.623971939086914,30.558164596557617,71.87059783935547,8.017837524414062,44.776145935058594,250.13426208496094,37.59602355957031,190.57102966308594,12.123108863830566,257.63214111328125,2.694999933242798,93.36446380615234,72.89289093017578
2020-09-21,77.94000244140625,148.02349853515625,12.193750381469727,343.63739013671875,31.207916259765625,30.157602310180664,70.8329849243164,7.789960861206055,44.62357711791992,245.7958526611328,37.48857116699219,192.61570739746094,12.449329376220703,258.25,2.5910000801086426,93.19627380371094,73.21994018554688
2020-09-22,77.69999694824219,156.44949340820312,12.495624542236328,345.55169677734375,32.07728576660156,30.530540466308594,72.302978515625,7.857478141784668,44.83000183105469,252.33322143554688,37.957435607910156,197.256591796875,12.569174766540527,263.0479736328125,2.6040000915527344,94.1578369140625,73.1199951171875
2020-09-23,74.7300033569336,149.9929962158203,12.404999732971191,338.8423767089844,31.190170288085938,30.208251953125,69.80525970458984,7.654922008514404,43.81581497192383,246.6575927734375,36.697391510009766,190.76124572753906,12.057964324951172,255.01593017578125,2.513000011444092,91.9853744506836,70.79411315917969
2020-09-24,75.81999969482422,150.989501953125,12.4037504196167,341.3063049316406,31.272676467895508,30.097747802734375,70.472412109375,7.705564022064209,44.1209716796875,247.16275024414062,37.01972579956055,193.23385620117188,12.280999183654785,256.2034912109375,2.5420000553131104,92.76248931884766,71.21206665039062
2020-09-25,78.05999755859375,154.75650024414062,12.539999961853027,341.6094665527344,31.6523494720459,30.258895874023438,71.27477264404297,7.688681125640869,44.821014404296875,252.402587890625,37.1662483215332,197.63702392578125,12.803894996643066,262.15972900390625,2.571000099182129,94.03649139404297,71.66632843017578
2020-09-28,79.4800033569336,158.70249938964844,12.815625190734863,351.6356506347656,32.58382797241211,30.990962982177734,72.24552917480469,8.000953674316406,46.158287048339844,254.38360595703125,38.963497161865234,199.17764282226562,12.964269638061523,267.6045837402344,2.6489999294281006,96.6258773803711,72.47492218017578
2020-09-29,81.7699966430664,157.24400329589844,13.1537504196167,354.42169189453125,32.31414031982422,31.492828369140625,72.61006927490234,7.916559219360352,45.9428825378418,259.306396484375,38.48489761352539,197.1044464111328,13.153986930847168,266.39788818359375,2.680000066757202,96.85201263427734,73.14725494384766
2020-09-30,81.98999786376953,157.43649291992188,12.933124542236328,349.9393005371094,32.31947326660156,31.165925979614258,72.58927154541016,7.908116817474365,46.47240447998047,259.4154052734375,38.777923583984375,200.02403259277344,13.457082748413086,268.22247314453125,2.640000104904175,97.01764678955078,73.65605163574219
2020-10-01,84.86000061035156,161.06300354003906,12.940625190734863,362.0124206542969,32.69915008544922,31.096864700317383,73.69374084472656,7.789960861206055,46.88526153564453,264.1004943847656,39.37376022338867,202.0496368408203,13.540626525878906,272.4798278808594,2.615999937057495,99.0942611694336,75.06429290771484
2020-10-02,81.80000305175781,156.25,12.743749618530273,350.6310729980469,31.655025482177734,30.921905517578125,72.09397888183594,7.950318813323975,45.78133773803711,257.4739990234375,38.84629440307617,196.08689880371094,12.991374969482422,264.8146057128906,2.5829999446868896,96.12268829345703,73.41072082519531
2020-10-05,86.1500015258789,159.9600067138672,12.875,362.1071472167969,32.47738265991211,31.405344009399414,73.44264221191406,8.245712280273438,46.39163589477539,262.1393127441406,40.55564498901367,200.07156372070312,13.568474769592285,270.4621887207031,2.6760001182556152,99.12610626220703,76.8086929321289
2020-10-06,84.4800033569336,154.9980010986328,12.925000190734863,350.7353210449219,32.28929901123047,31.06923484802246,71.86713409423828,8.068472862243652,46.10443878173828,256.2061462402344,41.10265350341797,195.82058715820312,13.66196346282959,265.6351623535156,2.6510000228881836,98.65473175048828,75.5185775756836
2020-10-07,86.69000244140625,159.7845001220703,13.249375343322754,356.1274719238281,32.53416061401367,31.03700065612793,72.2693099975586,8.245712280273438,47.27119064331055,255.67120361328125,41.63010787963867,199.5485076904297,13.888230323791504,270.23040771484375,2.703000068664551,100.54339599609375,78.97105407714844
2020-10-08,86.51000213623047,159.52749633789062,13.905625343322754,360.9510498046875,33.118770599365234,31.612537384033203,73.47236633300781,8.431386947631836,47.89943313598633,261.2577819824219,41.815948486328125,200.26174926757812,13.763656616210938,271.6689147949219,2.760999917984009,101.78874969482422,79.77057647705078
2020-10-09,83.0999984741211,164.33250427246094,14.225625038146973,368.6269226074219,33.417728424072266,31.488224029541016,74.81062316894531,8.279471397399902,47.40581512451172,261.9412536621094,43.72334671020508,205.23550415039062,13.688070297241211,275.8200378417969,2.7709999084472656,103.57868194580078,80.66094207763672
2020-10-12,84.29000091552734,172.14649963378906,14.265625,378.1509704589844,33.926048278808594,31.884185791015625,77.49211120605469,8.380748748779297,48.357154846191406,273.13397216796875,42.63759231567383,210.5515899658203,14.148808479309082,284.3347473144531,2.7920000553131104,105.11705780029297,82.59617614746094
2020-10-13,85.27999877929688,172.18150329589844,14.114999771118164,383.9410705566406,33.842647552490234,32.46431350708008,77.61494445800781,8.254150390625,48.31228256225586,273.52032470703125,42.82344436645508,211.94003295898438,14.170938491821289,284.324951171875,2.7850000858306885,104.92912292480469,81.44229888916016
2020-10-14,84.20999908447266,168.1855010986328,14.251874923706055,377.19384765625,33.737083435058594,32.528770446777344,77.43513488769531,8.237272262573242,48.060977935791016,269.2413330078125,42.39305114746094,210.0380859375,14.018767356872559,281.9501953125,2.744999885559082,104.50553894042969,80.49742889404297
2020-10-15,83.12999725341797,166.9324951171875,14.139374732971191,366.3336486816406,33.70426559448242,32.24791717529297,77.04041290283203,8.33855152130127,48.330230712890625,264.1897277832031,42.01158905029297,208.89683532714844,13.89419937133789,280.0580139160156,2.7660000324249268,104.2252426147461,80.08856964111328
2020-10-16,83.16999816894531,163.635498046875,14.090624809265137,366.6464538574219,33.59071350097656,32.298561096191406,77.6461410522461,8.000953674316406,48.60845947265625,263.40716552734375,42.0213623046875,208.89683532714844,13.736556053161621,278.5230712890625,2.7290000915527344,103.72838592529297,78.77119445800781
2020-10-19,82.0,160.36050415039062,13.851875305175781,365.1396179199219,33.33521270751953,31.999282836914062,75.77643585205078,7.891235828399658,48.985408782958984,258.9201354980469,40.935604095458984,203.72340393066406,13.424510955810547,273.97601318359375,2.6689999103546143,103.2060775756836,79.55252838134766
2020-10-20,81.55999755859375,160.85049438476562,13.873749732971191,364.8079528808594,33.443450927734375,31.957853317260742,76.82296752929688,7.882798194885254,47.953285217285156,265.0216979980469,40.71063232421875,204.13233947753906,13.571457862854004,274.56500244140625,2.6519999504089355,103.03724670410156,80.18852233886719
2020-10-21,79.19999694824219,159.2469940185547,13.39437484741211,362.9505920410156,33.005218505859375,32.15122604370117,78.5520248413086,7.865916728973389,48.016109466552734,276.08575439453125,39.517295837402344,204.2749786376953,13.451364517211914,274.35260009765625,2.615000009536743,102.34611511230469,79.62519836425781
2020-10-22,79.41999816894531,158.82000732421875,13.373125076293945,355.8431701660156,33.122318267822266,31.667787551879883,79.5757827758789,7.984076499938965,48.37510681152344,275.48150634765625,40.14331817626953,204.3605499267578,13.288501739501953,274.343017578125,2.6760001182556152,102.38751983642578,80.14306640625
2020-10-23,81.95999908447266,160.22000122070312,13.381875038146973,358.74298095703125,33.06465148925781,31.39153480529785,80.87938690185547,8.000953674316406,43.25938034057617,282.0882568359375,40.524784088134766,205.63491821289062,13.516504287719727,274.8835754394531,2.5460000038146973,102.02761840820312,80.23394775390625
2020-10-26,82.2300033569336,160.3520050048828,13.054374694824219,348.25250244140625,32.20591735839844,29.80768585205078,78.46782684326172,7.646481513977051,41.93107986450195,274.4810791015625,39.99658203125,199.78627014160156,13.069945335388184,270.7613830566406,2.430000066757202,99.81723022460938,78.79842376708984
2020-10-27,78.87999725341797,164.31649780273438,13.159375190734863,347.1911315917969,31.900747299194336,29.268993377685547,79.1904525756836,7.4270477294921875,40.9617805480957,280.6025085449219,40.56391906738281,202.8009033203125,13.324056625366211,272.8755798339844,2.374000072479248,99.42547607421875,78.78024291992188
2020-10-28,76.4000015258789,158.13900756835938,12.773750305175781,343.8648986816406,30.801612854003906,27.947582244873047,74.82796478271484,7.064134120941162,39.71424865722656,265.1307067871094,38.66630554199219,192.7488555908203,12.558483123779297,262.23699951171875,2.2249999046325684,96.17045593261719,76.18183135986328
2020-10-29,78.0199966430664,160.55050659179688,12.697500228881836,351.446044921875,31.49357032775879,27.864702224731445,77.11023712158203,7.199172496795654,39.5886116027832,278.16583251953125,37.37514114379883,194.6889190673828,12.953330993652344,266.82257080078125,2.2950000762939453,98.61011505126953,77.12669372558594
2020-10-30,75.29000091552734,151.8074951171875,13.056249618530273,342.30126953125,31.01630210876465,27.744997024536133,80.04383087158203,7.2920098304748535,39.741172790527344,260.6139221191406,36.69043731689453,192.54913330078125,12.46599006652832,260.0553283691406,2.2720000743865967,97.29472351074219,76.19998168945312
2020-11-02,74.69999694824219,150.2239990234375,13.507499694824219,347.43463134765625,31.160011291503906,27.758808135986328,80.4504623413086,7.519886493682861,39.902732849121094,258.8805236816406,36.08397674560547,192.416015625,12.512482643127441,260.6344909667969,2.299999952316284,97.64189147949219,77.8717041015625
2020-11-03,76.58000183105469,152.42050170898438,15.593125343322754,353.95111083984375,31.38266944885254,28.4310245513916,81.50740814208984,7.865916728973389,40.25275802612305,262.7831115722656,36.37742614746094,196.31509399414062,12.948853492736816,265.1428527832031,2.321000099182129,99.4828109741211,79.67066955566406
2020-11-04,81.3499984741211,162.05799865722656,15.90250015258789,364.3587341308594,32.34696960449219,28.652023315429688,86.46968078613281,7.44392728805542,41.015628814697266,284.6536865234375,38.30438995361328,205.78704833984375,13.719399452209473,276.97845458984375,2.8380000591278076,102.96082305908203,81.26969146728516
2020-11-05,83.0,166.10000610351562,16.0625,378.80938720703125,33.78764724731445,29.7017879486084,87.2943344116211,7.832159519195557,41.29587173461914,291.8843994140625,40.573699951171875,212.3489990234375,14.083168983459473,284.1996154785156,2.86899995803833,107.58538818359375,82.16004943847656
2020-11-06,85.87999725341797,165.56849670410156,16.4375,386.4675598144531,33.76547622680664,29.738622665405273,87.15714263916016,7.756200313568115,41.03371047973633,290.62652587890625,44.14393997192383,212.7579345703125,14.482987403869629,284.41192626953125,2.796999931335449,109.3403091430664,83.05046081542969
2020-11-09,83.12000274658203,157.18699645996094,16.354999542236328,386.55322265625,33.31481170654297,29.57747459411621,87.2408447265625,8.211954116821289,41.223548889160156,276.1253662109375,41.287742614746094,207.6891326904297,13.556788444519043,278.60028076171875,2.7699999809265137,108.06631469726562,80.8880844116211
2020-11-10,77.98999786376953,151.75100708007812,16.087499618530273,379.8653869628906,32.21390914916992,29.747825622558594,86.06700897216797,8.36386775970459,41.07891082763672,269.84552001953125,39.43904495239258,200.6707000732422,12.700709342956543,273.609375,2.7780001163482666,104.82402038574219,79.64337158203125
2020-11-11,81.27999877929688,156.8695068359375,16.575624465942383,397.70281982421875,33.34853744506836,29.87214469909668,86.53801727294922,8.397626876831055,41.90156936645508,273.85711669921875,41.346431732177734,205.93922424316406,13.345191955566406,279.7298889160156,2.8499999046325684,108.60138702392578,82.56891632080078
2020-11-12,81.83999633789062,155.51400756835938,16.693124771118164,392.6321716308594,32.841102600097656,29.66035270690918,86.31961059570312,8.161312103271484,40.63594055175781,272.4703674316406,40.691062927246094,204.88363647460938,13.383729934692383,278.4168701171875,2.8550000190734863,107.26051330566406,81.60584259033203
2020-11-13,81.43000030517578,156.4405059814453,17.116249084472656,399.1678161621094,33.133846282958984,30.438459396362305,87.77774047851562,8.55798625946045,41.09699630737305,274.3226318359375,42.31481170654297,205.9011688232422,13.22485065460205,280.85931396484375,2.953000068664551,108.57591247558594,84.6949234008789
2020-11-16,83.7300033569336,156.55299377441406,17.078750610351562,405.7511291503906,33.782325744628906,31.00938606262207,87.86540222167969,8.971532821655273,41.75692367553711,276.3135681152344,42.36370849609375,206.58590698242188,13.441914558410645,283.05078125,2.9489998817443848,111.27679443359375,90.1916275024414
2020-11-17,83.36000061035156,156.7830047607422,17.361249923706055,405.7225036621094,33.76369094848633,31.244182586669922,87.25273132324219,8.84493637084961,41.16026306152344,272.3911437988281,42.03113555908203,203.95167541503906,13.349416732788086,282.1529235839844,2.950000047683716,110.35950469970703,86.95721435546875
2020-11-18,82.54000091552734,155.2729949951172,17.001874923706055,403.1824951171875,33.76547622680664,31.124481201171875,86.21162414550781,8.86181926727295,40.73537826538086,269.3898620605469,42.14853286743164,201.26283264160156,13.355884552001953,280.0676574707031,2.9560000896453857,109.53778076171875,88.06563568115234
2020-11-19,85.54000091552734,155.8509979248047,17.05437469482422,402.75433349609375,34.0945930480957,31.538869857788086,87.09967803955078,8.853379249572754,41.24163818359375,270.35064697265625,43.21470260620117,202.54049682617188,13.367321014404297,282.25909423828125,2.996000051498413,111.15575408935547,87.77490234375
2020-11-20,84.63999938964844,154.97000122070312,16.78125,402.9731750488281,34.00588607788086,31.465198516845703,86.00064849853516,8.836498260498047,41.03371047973633,267.14141845703125,42.99951171875,200.60491943359375,13.01673412322998,280.3283996582031,2.99399995803833,110.63661193847656,86.61194610595703
2020-11-23,85.30999755859375,154.91949462890625,16.778749465942383,406.35992431640625,34.33144760131836,31.94403648376465,85.56380462646484,9.342886924743652,41.63941192626953,265.8834533691406,43.62553024291992,200.33790588378906,13.068702697753906,280.3380126953125,2.936000108718872,112.21317291259766,89.15589904785156
2020-11-24,85.06999969482422,155.9029998779297,17.01937484741211,403.6200866699219,34.79541778564453,32.381439208984375,87.36366271972656,9.731119155883789,42.49822235107422,274.2929382324219,43.860286712646484,203.9134979248047,12.88744068145752,284.2767639160156,2.9089999198913574,112.82469177246094,87.80215454101562
2020-11-25,86.70999908447266,159.2534942626953,16.909374237060547,402.86846923828125,34.671207427978516,31.930227279663086,87.37506866455078,9.48636531829834,42.53438949584961,272.9755554199219,43.62553024291992,203.92303466796875,13.162936210632324,286.0240783691406,2.930999994277954,112.57626342773438,88.57440185546875
2020-11-27,87.19000244140625,159.76699829101562,17.03499984741211,416.462890625,35.036712646484375,32.14662551879883,88.50878143310547,9.469487190246582,42.89600372314453,275.17449951171875,44.1243896484375,205.21975708007812,13.189292907714844,288.65960693359375,2.9649999141693115,113.91714477539062,89.7101058959961
2020-11-30,92.66000366210938,158.40199279785156,16.918750762939453,416.4248962402344,35.62487030029297,31.782882690429688,86.89315032958984,9.3175687789917,43.709617614746094,274.3424072265625,45.278602600097656,204.11370849609375,13.328780174255371,289.24847412109375,2.821000099182129,115.23570251464844,88.14739227294922
2020-12-01,92.62999725341797,161.00399780273438,17.0625,427.37469482421875,35.890113830566406,32.46891784667969,88.92184448242188,9.452606201171875,44.803497314453125,283.83154296875,45.620948791503906,206.1542510986328,13.317344665527344,292.95556640625,2.88700008392334,117.13713836669922,91.63623046875
2020-12-02,93.73999786376953,160.17649841308594,16.9737491607666,429.049072265625,35.815608978271484,32.46891784667969,90.3884048461914,9.722681045532227,45.110862731933594,284.7923278808594,44.62324142456055,205.353271484375,13.471009254455566,293.33209228515625,2.9140000343322754,117.4811019897461,90.43693542480469
2020-12-03,92.30999755859375,159.3365020751953,16.85562515258789,430.8565673828125,35.46696090698242,32.64849090576172,90.23336791992188,9.798637390136719,46.096248626708984,279.1761474609375,44.52543640136719,204.27581787109375,13.32724666595459,293.74713134765625,2.9670000076293945,117.6340103149414,90.40059661865234
2020-12-04,94.04000091552734,158.12899780273438,16.881874084472656,441.78729248046875,36.52085494995117,33.19638442993164,90.3284683227539,10.414746284484863,47.000274658203125,277.0465393066406,42.43218231201172,204.39027404785156,13.488667488098145,294.9442443847656,3.062999963760376,120.84127807617188,94.24375915527344
2020-12-07,94.06999969482422,157.89999389648438,17.225624084472656,446.8675231933594,37.33789825439453,32.404457092285156,89.99513244628906,10.195310592651367,45.3820686340332,282.8707580566406,43.17557907104492,204.32350158691406,13.53691577911377,296.6143493652344,3.0950000286102295,121.45278930664062,96.6604995727539
2020-12-08,92.91999816894531,158.864501953125,17.731250762939453,445.7639465332031,37.56144714355469,33.090484619140625,89.71280670166016,10.314655303955078,45.825042724609375,280.7114562988281,42.72563171386719,205.96347045898438,13.28148365020752,297.6183776855469,3.0920000076293945,121.84454345703125,95.97908782958984
2020-12-09,89.83000183105469,155.2100067138672,17.349374771118164,430.8471374511719,36.92361068725586,32.93394470214844,88.05509185791016,10.340228080749512,45.264549255371094,275.2834777832031,41.630104064941406,201.94931030273438,12.86438274383545,290.8800354003906,3.0339999198913574,118.41114044189453,94.87066650390625
2020-12-10,91.66000366210938,155.07449340820312,17.27312469482422,435.5180358886719,36.3753776550293,33.22400665283203,87.54940032958984,10.33170223236084,45.43630599975586,274.49102783203125,41.97245788574219,200.72885131835938,12.905673027038574,292.0481262207031,3.0429999828338623,118.24552917480469,94.69803619384766
2020-12-11,91.6500015258789,155.8209991455078,17.333749771118164,430.5997314453125,36.00100326538086,32.98460006713867,87.90353393554688,10.220882415771484,44.95718002319336,270.954833984375,42.00179672241211,203.34141540527344,12.946462631225586,291.40142822265625,2.992000102996826,117.09573364257812,94.51631927490234
2020-12-14,94.77999877929688,157.84849548339844,17.155000686645508,430.9422302246094,36.531497955322266,33.34832763671875,86.78716278076172,10.118593215942383,45.62615203857422,271.58880615234375,43.36143112182617,204.23770141601562,13.240447998046875,293.5155334472656,2.9240000247955322,118.40328979492188,94.08930206298828
2020-12-15,97.12000274658203,158.25599670410156,17.474374771118164,446.4584045410156,37.08683776855469,33.951480865478516,87.2239990234375,10.374324798583984,45.80696105957031,272.9359130859375,44.17328643798828,204.17095947265625,13.291930198669434,296.65301513671875,2.990000009536743,120.05326843261719,95.47937774658203
2020-12-16,96.8499984741211,162.04800415039062,17.856250762939453,448.5798645019531,37.69363021850586,34.01132583618164,87.03133392333984,10.365799903869629,46.213768005371094,273.05474853515625,44.32001495361328,209.08143615722656,13.174537658691406,298.28448486328125,2.993000030517578,120.12348175048828,95.57933807373047
2020-12-17,96.83999633789062,161.8040008544922,17.83562469482422,454.0689697265625,37.80007553100586,34.39809036254883,86.20518493652344,10.382848739624023,45.788875579833984,271.8760681152344,46.0709114074707,209.21490478515625,13.27277946472168,300.234619140625,2.994999885559082,120.34368896484375,94.79650115966797
2020-12-18,95.91999816894531,160.08250427246094,17.982500076293945,454.0118713378906,38.87906265258789,33.57393264770508,85.49742889404297,10.33170223236084,42.90504455566406,273.7778015136719,46.47195053100586,208.4235382080078,13.203886032104492,299.3271179199219,3.0490000247955322,119.62879943847656,95.1432113647461
2020-12-21,93.2300033569336,160.3090057373047,17.953750610351562,449.2743225097656,38.37089157104492,33.63838195800781,85.91050720214844,9.948099136352539,41.91061782836914,270.2021179199219,46.217620849609375,212.23745727539062,13.263824462890625,298.7672119140625,2.996999979019165,119.0958251953125,95.64501953125
2020-12-22,93.16000366210938,160.3260040283203,18.176250457763672,453.00347900390625,38.748443603515625,33.4864501953125,85.20027160644531,9.896952629089355,41.73884582519531,264.5561828613281,46.17845153808594,213.5247039794922,13.210103034973145,299.5794982910156,2.9800000190734863,118.9202880859375,94.83302307128906
2020-12-23,91.55000305175781,159.2635040283203,17.905624389648438,451.51934814453125,38.064918518066406,33.7949333190918,85.59698486328125,10.016295433044434,42.10045623779297,265.56646728515625,45.45369338989258,210.74049377441406,12.942481994628906,298.07073974609375,3.0190000534057617,118.02668762207031,94.66876983642578
2020-12-24,91.80999755859375,158.63450622558594,18.052499771118164,459.57720947265625,38.601707458496094,33.60615539550781,85.89069366455078,10.024821281433105,42.55247116088867,264.86328125,46.08051300048828,212.39007568359375,12.9270601272583,299.38604736328125,3.052000045776367,119.07987976074219,96.68512725830078
2020-12-28,91.5999984741211,164.197998046875,18.18375015258789,456.8658752441406,38.6392822265625,33.54170227050781,87.86192321777344,10.050395965576172,42.55247116088867,274.37213134765625,46.0119514465332,214.4972381591797,12.833795547485352,302.4035339355469,3.052999973297119,118.94900512695312,96.84938049316406
2020-12-29,90.62000274658203,166.10000610351562,17.96875,460.4524230957031,38.385196685791016,32.920143127441406,87.05956268310547,9.948099136352539,44.64980697631836,274.15423583984375,45.277408599853516,213.72496032714844,12.87682056427002,302.67431640625,3.052999973297119,118.64264678955078,96.31103515625
2020-12-30,92.29000091552734,164.29249572753906,18.059999465942383,466.0652160644531,38.903221130371094,33.38055419921875,85.99420166015625,9.956624031066895,44.07123947143555,269.2908020019531,46.521236419677734,211.3697967529297,13.078282356262207,302.6839904785156,3.046999931335449,120.63092041015625,99.35842895507812
2020-12-31,91.70999908447266,162.84649658203125,18.160625457763672,463.9818115234375,39.17341613769531,33.74427795410156,86.80598449707031,10.101543426513672,45.038543701171875,270.56854248046875,46.560401916503906,212.0753631591797,12.987997055053711,303.4287109375,3.1659998893737793,121.01390838623047,99.48614501953125
2021-01-04,92.30000305175781,159.3314971923828,17.697500228881836,475.6641540527344,38.04344177246094,33.37595748901367,85.49298858642578,9.862855911254883,44.902931213378906,266.3886413574219,45.35575866699219,207.5653839111328,13.046198844909668,299.1443786621094,3.1050000190734863,120.5064468383789,101.91307830810547
2021-01-05,92.7699966430664,160.92550659179688,17.875625610351562,480.7633361816406,38.30110549926758,33.82255554199219,86.18241882324219,10.041871070861816,45.752723693847656,268.3993225097656,46.628971099853516,207.765625,13.33595085144043,301.6105041503906,3.115999937057495,122.97025299072266,102.88935089111328
2021-01-06,90.33000183105469,156.91900634765625,17.86687469482422,466.36016845703125,38.064918518066406,34.10341262817383,85.3320083618164,10.263506889343262,46.19568634033203,260.8119812011719,45.551639556884766,202.37838745117188,12.549759864807129,297.43243408203125,3.188999891281128,122.57134246826172,105.4804916381836
2021-01-07,95.16000366210938,158.10800170898438,18.498125076293945,477.0245056152344,39.669063568115234,35.14857864379883,87.88075256347656,10.20383358001709,47.18107604980469,266.19049072265625,48.00992202758789,208.1374969482422,13.275513648986816,304.6279296875,3.2190001010894775,127.19577026367188,110.79055786132812
2021-01-08,94.58000183105469,159.13499450683594,19.13249969482422,483.9787292480469,39.87035369873047,35.553741455078125,89.04418182373047,10.127117156982422,46.69291305541992,265.0316162109375,48.068687438964844,209.4056396484375,13.208609580993652,308.54486083984375,3.187999963760376,127.26275634765625,108.29064178466797
2021-01-11,97.25,155.7104949951172,18.934999465942383,483.2272644042969,39.88109588623047,34.8216667175293,86.98676300048828,10.20383358001709,46.593467712402344,254.40338134765625,49.20478439331055,207.37466430664062,13.551589965820312,304.0864562988281,3.2100000381469727,128.55213928222656,111.85803985595703
2021-01-12,95.36000061035156,156.04150390625,19.767499923706055,488.9161376953125,40.20586395263672,35.337345123291016,86.05262756347656,10.3487548828125,48.13031005859375,248.70794677734375,49.596534729003906,204.93373107910156,13.415541648864746,303.6027526855469,3.240999937057495,129.3308563232422,112.2230224609375
2021-01-13,91.77999877929688,158.29449462890625,19.35187530517578,489.03985595703125,40.36870193481445,32.79581069946289,86.53901672363281,10.374324798583984,51.4842414855957,249.2527313232422,49.20478439331055,206.2781524658203,13.462301254272461,305.6531677246094,3.253999948501587,129.54147338867188,108.78334045410156
2021-01-14,90.79000091552734,156.37350463867188,19.568750381469727,518.1409301757812,40.44564437866211,33.72587203979492,85.730224609375,10.638585090637207,53.563499450683594,243.30966186523438,50.25271987915039,203.1125946044922,13.132503509521484,304.0186462402344,3.2669999599456787,132.28614807128906,115.37073516845703
2021-01-15,88.20999908447266,155.21249389648438,19.816875457763672,501.82568359375,39.88915252685547,34.190895080566406,85.5667724609375,10.68973159790039,52.05377197265625,248.9753875732422,49.72385787963867,202.75979614257812,12.793500900268555,301.6105041503906,3.234999895095825,129.59571838378906,114.25761413574219
2021-01-19,89.44999694824219,156.03799438476562,19.872499465942383,522.7548217773438,41.08980178833008,34.4671516418457,88.38249206542969,10.493670463562012,52.42442321777344,258.62298583984375,52.70122146606445,206.37351989746094,12.958399772644043,306.0109558105469,3.246999979019165,134.0414581298828,119.79579162597656
2021-01-20,88.75,163.16900634765625,19.653125762939453,522.6406860351562,41.32331848144531,35.475467681884766,93.11742401123047,10.519242286682129,53.039161682128906,264.9425048828125,52.96564865112305,213.90611267089844,13.29715347290039,313.12896728515625,3.368000030517578,133.56271362304688,119.193603515625
2021-01-21,91.52999877929688,165.34950256347656,19.478750228881836,542.9609375,41.76528549194336,35.40640640258789,93.31948852539062,10.45104694366455,56.465415954589844,270.2812805175781,52.387813568115234,214.50680541992188,13.796326637268066,315.63385009765625,3.375999927520752,135.49359130859375,122.40520477294922
2021-01-22,92.79000091552734,164.6114959716797,19.450624465942383,541.7337036132812,41.60424041748047,34.96440887451172,93.73602294921875,10.3487548828125,51.222076416015625,271.8958435058594,51.535736083984375,215.44122314453125,13.642125129699707,314.724853515625,3.4210000038146973,133.19569396972656,117.82502746582031
2021-01-25,94.12999725341797,164.6999969482422,19.23062515258789,539.9833984375,41.58367156982422,34.84469223022461,93.82122039794922,10.485143661499023,50.11915969848633,275.3726501464844,53.308448791503906,218.85472106933594,13.58317756652832,317.326416015625,3.4700000286102295,133.38722229003906,119.08412170410156
2021-01-26,94.70999908447266,166.30650329589844,19.1875,522.2791748046875,41.5013542175293,35.01044464111328,94.49828338623047,10.416946411132812,49.91123580932617,279.374267578125,52.88730239868164,221.52447509765625,13.366297721862793,317.7906494140625,3.378999948501587,131.22023010253906,115.55319213867188
2021-01-27,88.83999633789062,161.62899780273438,19.10562515258789,499.0953674316406,39.7862663269043,34.0067253112793,90.08973693847656,11.141529083251953,48.446712493896484,269.55828857421875,50.086238861083984,222.06793212890625,12.85145378112793,308.93170166015625,3.2239999771118164,124.40963745117188,111.07341003417969
2021-01-28,87.5199966430664,161.88099670410156,19.33562469482422,520.585693359375,40.41611862182617,34.034358978271484,91.7865982055664,10.706781387329102,50.688697814941406,262.4859924316406,51.104801177978516,227.81752014160156,12.984018325805664,310.7595520019531,3.180000066757202,127.1383056640625,114.8050537109375
2021-01-29,85.63999938964844,160.30999755859375,19.22249984741211,508.16162109375,40.30518341064453,33.56011962890625,90.50677490234375,10.519242286682129,50.18244171142578,255.87921142578125,50.399635314941406,221.1716766357422,12.923084259033203,304.22174072265625,3.0999999046325684,124.9202651977539,110.87266540527344
2021-02-01,87.66000366210938,167.1439971923828,19.762500762939453,527.4068603515625,41.75812911987305,34.04816436767578,93.76129150390625,10.553340911865234,51.24919891357422,259.5244140625,51.780582427978516,228.5040283203125,13.169066429138184,311.82342529296875,3.1540000438690186,129.85423278808594,115.56232452392578
2021-02-02,88.86000061035156,169.0,19.776874542236328,526.560302734375,42.66532897949219,35.530723571777344,95.05152130126953,10.5277681350708,52.433467864990234,264.5462646484375,51.77078628540039,228.3705291748047,13.487173080444336,316.9106140136719,3.174999952316284,131.9606170654297,117.18636322021484
2021-02-03,87.88999938964844,165.62649536132812,19.797500610351562,516.485595703125,41.619449615478516,35.79776382446289,101.97364807128906,10.84317398071289,52.1441764831543,264.120361328125,50.05685806274414,231.69822692871094,13.461057662963867,315.6532287597656,3.302999973297119,129.27980041503906,116.32872772216797
2021-02-04,87.83999633789062,166.5500030517578,19.998750686645508,528.4058837890625,42.10616683959961,36.51603317260742,101.71361541748047,11.047760963439941,53.470245361328125,263.9618835449219,49.26354217529297,230.75428771972656,13.594120025634766,319.3864440917969,3.2899999618530273,130.33935546875,116.92176818847656
2021-02-05,87.9000015258789,167.6074981689453,20.119375228881836,525.90380859375,41.69281768798828,36.654151916503906,103.45703125,11.201202392578125,52.915443420410156,265.55657958984375,49.01869201660156,230.9354705810547,13.521245956420898,320.4696350097656,3.194999933242798,129.44894409179688,116.58417510986328
2021-02-08,91.47000122070312,166.14700317382812,20.005624771118164,536.549072265625,42.291358947753906,36.80609130859375,103.24356842041016,11.508085250854492,53.8067741394043,264.0509948730469,50.53675842285156,231.19288635253906,14.364645004272461,322.61663818359375,3.380000114440918,133.33294677734375,120.93627166748047
2021-02-09,90.91000366210938,165.25,19.999374389648438,537.9761352539062,42.46403503417969,36.644935607910156,102.79136657714844,11.593329429626465,53.461151123046875,266.893798828125,50.193965911865234,232.43246459960938,14.190046310424805,322.5490417480469,3.390000104904175,132.94039916992188,121.05485534667969
2021-02-10,92.3499984741211,164.32899475097656,19.909374237060547,539.2984619140625,42.05427169799805,36.64033126831055,103.34063720703125,11.900214195251465,53.53392028808594,269.2908020019531,49.54756164550781,231.52659606933594,14.68847370147705,321.8138732910156,3.371999979019165,133.20208740234375,121.97635650634766
2021-02-11,92.66000366210938,163.10650634765625,19.878124237060547,562.72021484375,42.80043029785156,36.6035041809082,103.45307922363281,12.096275329589844,55.171043395996094,267.8248596191406,51.03624725341797,233.118896484375,15.172480583190918,323.5838623046875,3.421999931335449,137.813720703125,126.96712493896484
2021-02-12,93.7699966430664,163.885498046875,20.20687484741211,568.8848266601562,43.50991439819336,36.85673522949219,103.76411437988281,12.258241653442383,56.216976165771484,267.9337463378906,52.71100997924805,233.59568786621094,14.884464263916016,325.3923034667969,3.194999933242798,139.51795959472656,125.96346282958984
2021-02-16,91.45999908447266,163.44749450683594,19.916250228881836,573.7840576171875,43.76130676269531,36.57587432861328,104.54022979736328,12.190046310424805,56.81725311279297,271.3709411621094,51.849143981933594,232.3656768798828,15.251569747924805,324.5123291015625,3.193000078201294,140.22010803222656,127.77913665771484
2021-02-17,89.94000244140625,165.4320068359375,19.513124465942383,558.9815063476562,43.16636276245117,36.493003845214844,104.93251037597656,11.934309005737305,56.25335693359375,270.9747619628906,49.361488342285156,233.378662109375,14.829496383666992,322.9552307128906,3.1530001163482666,137.8169708251953,124.33031463623047
2021-02-18,88.63999938964844,166.4114990234375,19.303125381469727,554.1296997070312,43.23613357543945,36.690975189208984,104.29801940917969,11.883164405822754,56.035064697265625,266.8343811035156,49.43004608154297,232.98683166503906,14.752894401550293,321.5431213378906,3.1630001068115234,136.39990234375,122.83401489257812
2021-02-19,89.58000183105469,162.4949951171875,19.434375762939453,565.4695434570312,43.83556365966797,37.18824768066406,103.4560317993164,12.045129776000977,57.308387756347656,259.0786437988281,50.820770263671875,230.29177856445312,14.849892616271973,320.1408386230469,3.1679999828338623,139.6871337890625,124.68616485595703
2021-02-22,85.37000274658203,159.03700256347656,18.260000228881836,550.3433227539062,42.61882400512695,37.18824768066406,101.74483489990234,12.334962844848633,55.21651840209961,257.86029052734375,48.666114807128906,224.11807250976562,14.282073020935059,311.8427429199219,3.177999973297119,134.62548828125,121.86688995361328
2021-02-23,84.73999786376953,159.72500610351562,17.9424991607666,548.0316772460938,42.21978759765625,37.091556549072266,102.03504943847656,12.334962844848633,55.589412689208984,263.3377990722656,47.8336296081543,222.9330291748047,14.06942081451416,310.9143981933594,3.2639999389648438,133.6138153076172,117.78853607177734
2021-02-24,86.94000244140625,157.97650146484375,17.897499084472656,566.0498657226562,43.02320861816406,37.61182403564453,103.2083969116211,12.650369644165039,57.47209548950195,261.8025207519531,48.24496841430664,224.15631103515625,14.42458724975586,313.47723388671875,3.369999885559082,137.9477996826172,120.70816040039062
2021-02-25,82.41999816894531,152.85800170898438,17.516250610351562,532.525146484375,40.90103530883789,36.68638229370117,99.8473892211914,12.352014541625977,54.934566497802734,252.2738037109375,45.60060119628906,218.84271240234375,13.239202499389648,302.54864501953125,3.25,130.09043884277344,114.96015167236328
2021-02-26,84.51000213623047,154.64649963378906,17.489999771118164,539.48876953125,42.038169860839844,37.32636642456055,100.14257049560547,12.411684036254883,55.28017807006836,255.176025390625,47.28515625,222.0824432373047,13.644113540649414,303.8155822753906,3.263000011444092,133.05531311035156,114.90541076660156
2021-03-01,86.38999938964844,157.3070068359375,17.99625015258789,555.1475830078125,43.80156326293945,38.25641632080078,102.507568359375,12.445780754089355,57.190155029296875,262.3968505859375,48.49961853027344,226.44039916992188,13.770709991455078,312.95501708984375,3.427000045776367,137.29672241210938,117.81591796875
2021-03-02,84.12999725341797,154.72650146484375,17.768749237060547,535.73095703125,42.990108489990234,38.081451416015625,102.2509994506836,12.360538482666016,55.69855499267578,256.5429382324219,46.84444046020508,223.5064697265625,13.337447166442871,307.9354553222656,3.4079999923706055,133.17971801757812,114.96015167236328
2021-03-03,80.86000061035156,150.25,17.43375015258789,517.1420288085938,41.42889404296875,38.49123001098633,99.62252807617188,12.411684036254883,54.47981262207031,252.9869842529297,44.621212005615234,217.47607421875,12.739032745361328,298.9992980957031,3.361999988555908,129.10423278808594,112.12264251708984
2021-03-04,77.75,148.8784942626953,16.953750610351562,485.6531066894531,39.68696212768555,38.122894287109375,100.7379150390625,11.968408584594727,53.051876068115234,255.19583129882812,39.27371597290039,216.682861328125,12.306761741638184,294.1055603027344,3.26200008392334,122.89049530029297,105.4622573852539
2021-03-05,78.5199966430664,150.0229949951172,17.06624984741211,501.387939453125,40.27297592163086,39.296966552734375,103.86516571044922,12.275289535522461,55.243797302246094,261.77276611328125,40.65465545654297,221.33702087402344,12.397544860839844,298.5349426269531,3.3910000324249268,126.57662963867188,110.21575164794922
2021-03-08,73.95999908447266,147.59750366210938,16.7393741607666,477.74755859375,37.68825149536133,39.18648147583008,99.42886352539062,12.624795913696289,54.43433380126953,252.88792419433594,39.23454666137695,217.31358337402344,11.533750534057617,290.082275390625,3.4549999237060547,119.74688720703125,103.94768524169922
2021-03-09,78.52999877929688,153.1425018310547,17.251874923706055,513.2606201171875,39.6878547668457,39.82184600830078,101.05638122558594,12.770895957946777,56.9991569519043,263.2189636230469,42.95623779296875,223.42044067382812,12.460291862487793,301.5234375,3.431999921798706,127.18622589111328,106.18303680419922
2021-03-10,77.5199966430664,152.8820037841797,17.005624771118164,497.8586120605469,39.150150299072266,40.369747161865234,100.84984588623047,13.020126342773438,56.617164611816406,262.3869934082031,41.95725631713867,222.1206817626953,12.40854263305664,300.6627502441406,3.569999933242798,124.78618621826172,103.85646057128906
2021-03-11,81.2300033569336,155.67950439453125,17.2237491607666,517.9031982421875,40.590576171875,40.802547454833984,104.03702545166016,13.320920944213867,57.58124542236328,271.28173828125,45.34596252441406,226.6220245361328,12.931276321411133,307.58746337890625,3.5810000896453857,130.0393829345703,110.0150375366211
2021-03-12,81.05000305175781,154.47450256347656,17.475624084472656,511.46258544921875,40.36512756347656,40.89463424682617,101.53382110595703,13.587339401245117,57.20834732055664,265.853759765625,46.18824768066406,225.30311584472656,12.794435501098633,305.0921325683594,3.6459999084472656,128.66702270507812,107.934814453125
2021-03-15,82.5,154.08399963378906,17.91437530517578,520.5571899414062,42.118690490722656,41.115631103515625,101.75374603271484,13.793599128723145,58.01781463623047,271.15301513671875,47.363521575927734,224.40478515625,13.128080368041992,308.3514099121094,3.7100000381469727,131.3798065185547,108.6464614868164
2021-03-16,82.75,154.59300231933594,17.939374923706055,522.6406860351562,42.78165054321289,41.01433181762695,103.21236419677734,13.527180671691895,58.9182243347168,276.6304931640625,46.97175979614258,227.17633056640625,13.227599143981934,310.0439758300781,3.7139999866485596,133.07760620117188,108.89280700683594
2021-03-17,82.62999725341797,156.7864990234375,18.0831241607666,532.3347778320312,43.26566696166992,42.02726745605469,103.1296615600586,13.776411056518555,59.82774353027344,281.3156433105469,47.10887145996094,226.53598022460938,13.277360916137695,311.3206787109375,3.8299999237060547,134.75315856933594,108.76275634765625
2021-03-18,78.12000274658203,151.39950561523438,17.737499237060547,512.9466552734375,41.52640914916992,40.5677375793457,100.11434936523438,13.389676094055176,57.96323013305664,275.97674560546875,44.611412048339844,220.4960479736328,12.661571502685547,301.7845458984375,3.822999954223633,129.17767333984375,104.86137390136719
2021-03-19,79.05999755859375,153.7480010986328,17.826250076293945,520.7761840820312,42.7806396484375,40.34672927856445,100.3927001953125,13.13184928894043,57.99052429199219,287.35772705078125,46.03153991699219,220.1424560546875,12.784232139587402,302.8485107421875,3.8550000190734863,130.7734375,104.06459045410156
2021-03-22,80.30000305175781,155.5435028076172,18.140625,547.9554443359375,42.85456848144531,40.21781539916992,100.57744598388672,13.183416366577148,59.691307067871094,290.75518798828125,46.68772888183594,225.53250122070312,13.123103141784668,308.5278625488281,3.8919999599456787,133.54037475585938,107.31576538085938
2021-03-23,78.37999725341797,156.875,17.875625610351562,531.6687622070312,41.842891693115234,39.48114013671875,101.10440826416016,12.684955596923828,57.73585510253906,287.8728332519531,45.199058532714844,227.05201721191406,13.008156776428223,307.181884765625,3.7660000324249268,130.02981567382812,105.21854400634766
2021-03-24,76.4800033569336,154.35350036621094,17.778749465942383,550.4194946289062,41.23066711425781,39.75738525390625,100.66856384277344,12.684955596923828,56.42616271972656,279.46337890625,44.317596435546875,225.02601623535156,12.582451820373535,302.0011291503906,3.739000082015991,128.24575805664062,99.78772735595703
2021-03-25,76.22000122070312,152.31300354003906,18.25,555.5758056640625,41.630104064941406,39.591644287109375,100.66510009765625,13.183416366577148,56.4079704284668,276.0956726074219,43.827903747558594,222.0442352294922,12.475218772888184,301.47821044921875,3.7060000896453857,128.38198852539062,101.15229797363281
2021-03-26,77.41000366210938,152.60150146484375,19.454374313354492,595.2175903320312,43.4640998840332,40.9729118347168,100.2822494506836,13.759222030639648,59.00008773803711,280.33502197265625,46.002159118652344,226.0007781982422,12.777764320373535,306.00042724609375,3.816999912261963,134.71937561035156,106.74796295166016
2021-03-29,77.13999938964844,153.7864990234375,19.23062515258789,578.4075927734375,42.614723205566406,40.61376953125,101.3253173828125,13.458427429199219,58.6635627746582,288.0610656738281,45.551639556884766,224.8157501220703,12.88624095916748,305.91326904296875,3.746999979019165,132.65377807617188,104.7606201171875
2021-03-30,76.0,152.76449584960938,18.678749084472656,572.024169921875,41.13058090209961,40.78873825073242,101.35900115966797,13.561558723449707,57.999629974365234,285.267822265625,46.35474395751953,221.5759735107422,12.81010913848877,304.3736572265625,3.7939999103546143,132.3372802734375,105.38337707519531
2021-03-31,78.5,154.70399475097656,18.868125915527344,587.3121337890625,41.806827545166016,40.58615493774414,102.1539306640625,13.527180671691895,58.20881271362305,291.7358703613281,47.97074890136719,225.32225036621094,13.284327507019043,309.0313720703125,3.9059998989105225,135.56993103027344,108.32318115234375
2021-04-01,81.08999633789062,158.0500030517578,19.252500534057617,606.091064453125,42.91497802734375,41.01433181762695,105.48522186279297,13.492807388305664,58.709049224853516,295.8266906738281,48.6367301940918,231.61068725585938,13.745606422424316,314.29931640625,3.9600000381469727,140.55474853515625,114.29432678222656
2021-04-05,81.43000030517578,161.3365020751953,19.47624969482422,609.3162231445312,44.04478073120117,41.14326477050781,109.90220642089844,13.6732816696167,60.51897430419922,305.9793701171875,50.01767349243164,238.0328826904297,13.920512199401855,320.57421875,4.0,143.3909454345703,114.01956176757812
2021-04-06,81.44000244140625,161.1909942626953,19.24187469482422,597.4341430664062,43.62910461425781,41.19851303100586,109.42176818847656,13.681875228881836,59.62764358520508,303.3545227050781,49.802207946777344,236.87649536132812,13.79511833190918,320.3514404296875,3.936000108718872,141.78903198242188,112.13299560546875
2021-04-07,82.19999694824219,163.96949768066406,19.238750457763672,596.064208984375,43.50196075439453,42.13316345214844,110.896240234375,13.664688110351562,60.25521469116211,310.1197509765625,49.32230758666992,238.8260498046875,14.075767517089844,321.12615966796875,3.934000015258789,141.69625854492188,109.79764556884766
2021-04-08,83.3499984741211,164.96499633789062,19.453125,608.7359619140625,43.77427673339844,42.62581253051758,111.46087646484375,13.527180671691895,60.98283004760742,310.0504455566406,49.400753021240234,242.02767944335938,14.248437881469727,324.47662353515625,3.9579999446868896,143.31094360351562,113.03962707519531
2021-04-09,82.76000213623047,168.61000061035156,19.721874237060547,603.446533203125,43.73910903930664,43.224369049072266,112.46333312988281,13.570151329040527,62.08332443237305,309.4956970214844,48.63590621948242,244.51242065429688,14.331038475036621,326.4423828125,3.9679999351501465,142.86334228515625,112.46268463134766
2021-04-12,78.58000183105469,168.96949768066406,19.625625610351562,599.745849609375,43.611061096191406,43.02638626098633,111.17310333251953,13.595932006835938,59.49123001098633,308.58453369140625,48.684940338134766,244.5697784423828,15.136163711547852,326.0163269042969,4.002999782562256,141.3285675048828,110.72262573242188
2021-04-13,80.19000244140625,170.0,19.6456241607666,598.4996337890625,43.72738265991211,42.60279083251953,111.65898132324219,13.467020034790039,59.318416595458984,306.8214111328125,47.802433013916016,247.035400390625,15.604410171508789,329.8219909667969,3.953000068664551,141.10476684570312,111.06146240234375
2021-04-14,78.55000305175781,166.64999389648438,19.529375076293945,600.278564453125,43.03670120239258,42.681068420410156,111.03889465332031,13.561558723449707,58.381622314453125,299.9472351074219,47.13564682006836,244.2639617919922,15.203838348388672,325.86138916015625,3.927999973297119,139.55398559570312,110.66767883300781
2021-04-15,83.01000213623047,168.95449829101562,19.677499771118164,610.8384399414062,43.280155181884766,45.544883728027344,113.18546295166016,13.61312198638916,59.13650894165039,304.8997802734375,47.83184814453125,248.00067138671875,16.05997085571289,330.7999572753906,3.933000087738037,141.8913116455078,108.38726806640625
2021-04-16,82.1500015258789,169.9720001220703,19.7918758392334,614.26318359375,43.17106246948242,46.695945739746094,113.0616455078125,13.707658767700195,58.89094161987305,303.2752990722656,46.978759765625,249.18572998046875,15.836297035217285,331.1874084472656,3.9170000553131104,141.22622680664062,108.8360366821289
2021-04-19,81.11000061035156,168.60049438476562,19.67562484741211,599.4414672851562,41.65715789794922,47.61677932739258,113.4088363647461,13.716251373291016,57.87229537963867,299.3726501464844,45.74324035644531,247.2744140625,15.288183212280273,328.1564636230469,3.8559999465942383,137.5139617919922,105.68560791015625
2021-04-20,79.2699966430664,166.7344970703125,19.345624923706055,586.9124755859375,41.22976303100586,46.72357177734375,112.87640380859375,13.535773277282715,57.02643966674805,299.77880859375,44.94899368286133,246.81565856933594,15.098596572875977,325.76458740234375,3.7829999923706055,135.55393981933594,105.27348327636719
2021-04-21,81.61000061035156,168.1009979248047,19.7762508392334,623.586181640625,41.45787811279297,46.691341400146484,112.84370422363281,13.742034912109375,57.93595504760742,298.6099853515625,46.557125091552734,249.03282165527344,15.28693962097168,328.5534973144531,3.8499999046325684,139.10951232910156,107.51724243164062
2021-04-22,79.05999755859375,165.45199584960938,19.5518741607666,615.5950317382812,41.03590393066406,46.26774597167969,111.56439208984375,13.750629425048828,56.908206939697266,293.7070007324219,44.233184814453125,245.77394104003906,14.779133796691895,324.5928955078125,3.7790000438690186,136.0814971923828,105.6123275756836
2021-04-23,82.76000213623047,167.04400634765625,19.915000915527344,638.2554931640625,42.029541015625,46.691341400146484,113.91253662109375,14.111583709716797,53.87953186035156,298.2732238769531,45.20393753051758,249.57757568359375,15.192145347595215,328.6793212890625,3.825000047683716,138.562744140625,108.65287017822266
2021-04-26,85.41000366210938,170.4499969482422,20.066875457763672,637.8084716796875,42.54530334472656,46.21711349487305,114.40782928466797,13.948293685913086,53.442970275878906,300.16510009765625,46.40022277832031,249.95982360839844,15.403876304626465,330.8194274902344,3.865999937057495,141.1015167236328,111.2904281616211
2021-04-27,85.20999908447266,170.8715057373047,19.938749313354492,640.0631713867188,42.049381256103516,46.36903381347656,113.4692611694336,13.922513961791992,52.724449157714844,300.6900939941406,45.03725051879883,250.3612060546875,15.308090209960938,329.3861999511719,3.8499999046325684,140.0431671142578,111.06146240234375
2021-04-28,84.0199966430664,172.9250030517578,20.047500610351562,632.956787109375,41.404693603515625,45.77509689331055,116.8401870727539,13.879542350769043,52.40612030029297,304.1866149902344,45.89033889770508,243.27960205078125,15.20358943939209,328.27264404296875,3.813999891281128,137.91683959960938,109.58699798583984
2021-04-29,83.91000366210938,173.5655059814453,20.156875610351562,630.23583984375,42.043975830078125,46.042144775390625,118.51028442382812,14.068613052368164,53.00639343261719,326.384033203125,46.341392517089844,241.32044982910156,15.251359939575195,329.4541015625,3.809999942779541,138.81214904785156,109.07412719726562
2021-04-30,81.62000274658203,173.37100219726562,19.6981258392334,616.5558471679688,41.134185791015625,45.27323532104492,116.56580352783203,13.767815589904785,52.32426452636719,321.9959716796875,44.33124542236328,241.00506591796875,14.937621116638184,327.2945251464844,3.7019999027252197,134.94317626953125,106.91281127929688
2021-05-03,78.55000305175781,169.32449340820312,19.669374465942383,624.3792724609375,40.587772369384766,45.02000427246094,116.0497055053711,13.767815589904785,52.078697204589844,319.5197448730469,43.448734283447266,240.69923400878906,14.765695571899414,325.55157470703125,3.7260000705718994,133.53948974609375,106.1801528930664
2021-05-04,78.61000061035156,165.593505859375,19.096250534057617,600.1171264648438,40.08283996582031,44.43987274169922,114.25428771972656,13.638904571533203,51.75126647949219,315.3397521972656,43.6252326965332,236.80958557128906,14.282525062561035,319.6930236816406,3.6579999923706055,131.28851318359375,105.64897918701172
2021-05-05,77.83000183105469,163.52699279785156,19.796249389648438,612.4055786132812,40.01881790161133,45.30546569824219,114.6475601196289,13.716251373291016,51.7057991027832,312.03143310546875,43.91940689086914,235.548095703125,14.389260292053223,318.6180725097656,3.625999927520752,132.11021423339844,105.66728210449219
2021-05-06,77.88999938964844,165.31849670410156,20.453750610351562,614.7526245117188,40.44712448120117,45.93623733520508,115.76591491699219,14.068613052368164,52.335391998291016,316.9840393066406,44.65483474731445,238.66363525390625,14.453450202941895,321.0195617675781,3.617000102996826,133.19419860839844,107.15093231201172
2021-05-07,78.80999755859375,164.58050537109375,20.532499313354492,628.3292846679688,40.80779266357422,46.530189514160156,116.488037109375,14.16314697265625,52.77465057373047,316.0529479980469,45.0666618347168,241.27267456054688,14.741316795349121,323.62451171875,3.6389999389648438,135.02313232421875,106.99522399902344
2021-05-10,75.98999786376953,159.52450561523438,20.387500762939453,598.4569702148438,39.32183074951172,45.894805908203125,113.50738525390625,14.102988243103027,51.218955993652344,303.06732177734375,43.45854187011719,236.22662353515625,14.197432518005371,315.4516296386719,3.5169999599456787,129.0182647705078,102.85572052001953
2021-05-11,76.83000183105469,161.19549560546875,20.421249389648438,601.7008666992188,39.679786682128906,45.03841781616211,112.4331283569336,13.896729469299316,50.367897033691406,303.6219787597656,43.36048126220703,235.31871032714844,14.237737655639648,315.0158386230469,3.4189999103546143,129.19091796875,103.35025024414062
2021-05-12,74.63999938964844,157.5970001220703,19.735624313354492,574.2423095703125,38.08473205566406,43.3210563659668,108.97551727294922,13.475617408752441,49.06843948364258,299.6796569824219,40.70316696166992,228.40911865234375,13.692610740661621,306.8622741699219,3.365000009536743,123.9278793334961,99.1008529663086
2021-05-13,73.08999633789062,158.07350158691406,19.86750030517578,594.4783935546875,38.8259162902832,44.38462829589844,110.40145111083984,13.81078815460205,49.425331115722656,302.3641052246094,40.791404724121094,232.26055908203125,13.599809646606445,309.2347106933594,3.4570000171661377,125.50741577148438,99.59541320800781
2021-05-14,74.58999633789062,161.14500427246094,20.39875030517578,618.0155639648438,39.81956100463867,45.31928253173828,112.8451919555664,13.974076271057129,50.65158462524414,312.9427490234375,42.51719284057617,237.1536102294922,14.174792289733887,316.0616149902344,3.625999927520752,129.39239501953125,102.99309539794922
2021-05-17,74.6500015258789,163.51950073242188,20.361875534057617,606.1754150390625,39.66806411743164,45.30086898803711,113.36723327636719,14.214714050292969,50.63328552246094,312.46728515625,41.9778938293457,234.3152618408203,14.097661972045898,314.144287109375,3.61299991607666,128.2635955810547,100.55701446533203
2021-05-18,74.44000244140625,161.61399841308594,20.354999542236328,603.1605834960938,39.109031677246094,45.190364837646484,112.05719757080078,14.034235000610352,50.18487548828125,307.0194396972656,41.62488555908203,232.3083038330078,13.948630332946777,312.0235290527344,3.5950000286102295,127.23089599609375,101.50945281982422
2021-05-19,76.2300033569336,161.58999633789062,20.223125457763672,601.8153686523438,39.82856750488281,44.568790435791016,112.50443267822266,13.853758811950684,50.660736083984375,310.61505126953125,43.64484405517578,232.883056640625,13.998390197753906,312.3819580078125,3.5799999237060547,129.71212768554688,102.93814849853516
2021-05-20,78.05999755859375,162.38400268554688,20.995624542236328,618.9791870117188,41.025978088378906,45.40215301513672,114.26023864746094,13.84516429901123,51.200653076171875,315.5873718261719,45.3608283996582,236.10153198242188,14.542521476745605,318.4244384765625,3.5899999141693115,133.1238250732422,103.74404907226562
2021-05-21,77.16999816894531,160.1540069580078,20.75812530517578,609.8677978515625,40.686954498291016,45.33769989013672,113.62527465820312,13.948293685913086,51.319618225097656,313.22998046875,45.32161331176758,234.8467559814453,14.919958114624023,316.6620178222656,3.565999984741211,132.388427734375,102.43444061279297
2021-05-24,77.44000244140625,162.24949645996094,21.028749465942383,628.6918334960938,41.403778076171875,46.10661315917969,116.93924713134766,14.060017585754395,52.12492370605469,321.55029296875,46.694400787353516,240.2205047607422,15.537232398986816,321.9880065917969,3.5929999351501465,135.73297119140625,104.06459045410156
2021-05-25,77.86000061035156,162.95249938964844,21.143749237060547,641.419189453125,41.435340881347656,45.81653594970703,117.02986907958984,13.793599128723145,52.04255676269531,324.6803283691406,47.096431732177734,241.1209259033203,15.572813034057617,322.4333801269531,3.546999931335449,136.13583374023438,104.65988159179688
2021-05-26,78.33999633789062,163.25799560546875,21.153749465942383,635.1986694335938,41.520999908447266,45.88560104370117,117.8936538696289,13.956888198852539,52.088314056396484,324.551513671875,47.67496109008789,240.90060424804688,15.624814987182617,323.55670166015625,3.565999984741211,136.50035095214844,106.23509979248047
2021-05-27,78.41999816894531,161.5054931640625,21.06999969482422,634.5498046875,42.16930389404297,45.904014587402344,117.02047729492188,14.042826652526855,52.82955551147461,329.5932312011719,47.42001724243164,238.81240844726562,15.413827896118164,322.3462829589844,3.5980000495910645,137.07589721679688,106.02445220947266
2021-05-28,80.08000183105469,161.15350341796875,21.21125030517578,644.4531860351562,42.58858108520508,45.41597366333008,116.73171997070312,13.716251373291016,52.271331787109375,325.6114501953125,47.36117935180664,239.1668243408203,16.166704177856445,323.36309814453125,3.4739999771118164,138.34852600097656,107.4806137084961
2021-06-01,80.80999755859375,160.9324951171875,20.92937469482422,640.9517822265625,42.22610092163086,47.354347229003906,117.93673706054688,13.827974319458008,52.060855865478516,326.00762939453125,46.82185745239258,236.9828338623047,16.186607360839844,322.2882080078125,3.5209999084472656,137.96163940429688,108.5338134765625
2021-06-02,81.97000122070312,161.69949340820312,20.8856258392334,643.1365966796875,42.714813232421875,46.405879974365234,117.41223907470703,13.81078815460205,52.600772857666016,326.02734375,46.59634017944336,236.88702392578125,16.697900772094727,322.91754150390625,3.628000020980835,138.8025360107422,108.9367446899414
2021-06-03,80.27999877929688,159.35049438476562,21.49187469482422,635.31298828125,41.90962219238281,46.80644607543945,116.27257537841797,13.664688110351562,51.46603775024414,322.9468994140625,46.2629508972168,235.364013671875,16.88848304748535,319.55743408203125,3.6410000324249268,136.41720581054688,106.98607635498047
2021-06-04,81.58000183105469,160.31100463867188,21.895000457763672,651.923583984375,42.82931900024414,47.66742706298828,118.5504150390625,13.93970012664795,52.50011444091797,327.2160339355469,47.75339889526367,240.23011779785156,17.494068145751953,324.98016357421875,3.6689999103546143,139.72982788085938,109.44962310791016
2021-06-07,81.3499984741211,159.90049743652344,22.031875610351562,650.6642456054688,41.81765365600586,47.349735260009766,118.9827880859375,13.664688110351562,52.2438850402832,333.38690185546875,47.33177185058594,243.12295532226562,17.534618377685547,325.9486389160156,3.700000047683716,138.64268493652344,108.2682113647461
2021-06-08,80.88999938964844,163.20550537109375,22.170000076293945,649.4716796875,41.795101165771484,47.84239196777344,118.79161071777344,13.750629425048828,52.161521911621094,330.514404296875,49.74394989013672,241.9351806640625,17.3734073638916,326.1035461425781,3.684999942779541,137.8496856689453,106.16182708740234
2021-06-09,79.95999908447266,164.0574951171875,22.483125686645508,651.2462768554688,41.831172943115234,47.86540985107422,119.26213836669922,13.449835777282715,52.161521911621094,327.1169738769531,49.3713264465332,242.9121856689453,17.279081344604492,326.18096923828125,3.63100004196167,137.17181396484375,107.26997375488281
2021-06-10,81.55999755859375,167.4824981689453,23.072500228881836,667.7996215820312,42.25857162475586,47.78714370727539,120.60881805419922,13.432645797729492,52.50926208496094,329.3060302734375,50.793148040771484,246.4085693359375,17.34553337097168,329.5798645019531,3.6410000324249268,138.74752807617188,108.2865219116211
2021-06-11,81.30999755859375,167.3415069580078,22.749374389648438,665.023193359375,42.44159698486328,47.87461853027344,120.36463928222656,13.656095504760742,52.939369201660156,328.1174011230469,51.08731460571289,247.0312042236328,17.74395179748535,330.441650390625,3.6649999618530273,139.44857788085938,108.29570007324219
2021-06-14,81.55000305175781,169.19349670410156,22.806249618530273,676.7584228515625,42.9041633605957,47.3036994934082,121.29132843017578,13.509993553161621,53.25050735473633,333.57513427734375,52.754276275634766,248.9469757080078,17.93657112121582,333.60833740234375,3.624000072479248,141.43023681640625,110.8050537109375
2021-06-15,80.47000122070312,169.156494140625,22.608749389648438,669.55517578125,42.445213317871094,47.35893630981445,120.27500915527344,13.535974502563477,53.067481994628906,333.5553283691406,52.5483512878418,247.48133850097656,17.707365036010742,331.429443359375,3.618000030517578,140.27133178710938,109.39468383789062
2021-06-16,80.11000061035156,170.7624969482422,22.991249084472656,666.9503784179688,41.99528503417969,47.30830001831055,119.63410186767578,13.475350379943848,52.36284637451172,327.9390563964844,53.058250427246094,246.54263305664062,17.729019165039062,330.2190246582031,3.5759999752044678,138.95242309570312,108.08503723144531
2021-06-17,84.55999755859375,174.46200561523438,23.127500534057617,666.7405395507812,42.483985900878906,45.88100051879883,120.59595489501953,12.773872375488281,52.326236724853516,333.317626953125,54.04861831665039,249.91439819335938,18.57215690612793,334.4120178222656,3.5390000343322754,140.4506072998047,109.51094818115234
2021-06-18,84.6500015258789,174.34500122070312,22.681875228881836,640.2553100585938,41.79240417480469,45.383731842041016,118.97883605957031,12.514063835144043,50.944419860839844,326.5326232910156,53.21514129638672,248.50625610351562,18.553741455078125,331.7877197265625,3.4260001182556152,137.08921813964844,106.44953918457031
2021-06-21,82.58999633789062,172.697998046875,23.09375,649.3955078125,42.22041702270508,46.042144775390625,120.6642837524414,12.756549835205078,51.12744140625,329.13763427734375,53.75444412231445,251.571533203125,18.34320640563965,333.849853515625,3.493000030517578,137.59506225585938,104.93264770507812
2021-06-22,83.58000183105469,175.27200317382812,22.771875381469727,654.3184814453125,42.20587158203125,45.931640625,121.17742156982422,12.652627944946289,51.12744140625,335.81365966796875,53.30339431762695,254.3302764892578,18.80061149597168,336.96185302734375,3.4019999504089355,138.2449188232422,105.10734558105469
2021-06-23,83.81999969482422,175.1909942626953,22.788124084472656,650.3494262695312,42.406707763671875,45.683006286621094,120.975830078125,12.522724151611328,50.5692253112793,337.3588562011719,53.470088958740234,254.100341796875,18.970327377319336,337.12664794921875,3.434000015258789,138.82115173339844,106.68860626220703
2021-06-24,86.0999984741211,172.45399475097656,22.71875,663.0865478515625,42.71567153930664,45.618553161621094,121.34530639648438,12.66128921508789,51.31047058105469,339.9242248535156,55.048797607421875,255.4606475830078,19.117904663085938,339.2110900878906,3.5369999408721924,141.1804962158203,107.78257751464844
2021-06-25,85.62000274658203,170.072998046875,22.638750076293945,654.699951171875,42.00140380859375,45.81193542480469,121.3537368774414,12.765210151672363,51.1640510559082,338.1315002441406,55.20568084716797,253.8608856201172,18.94420051574707,338.794189453125,3.6010000705718994,140.79638671875,107.1298599243164
2021-06-28,87.08000183105469,172.1945037841797,22.676250457763672,671.778076171875,42.96466064453125,45.927032470703125,121.38097381591797,12.583345413208008,52.600772857666016,352.2660827636719,57.46097183227539,257.4051513671875,19.893856048583984,342.91448974609375,3.552999973297119,144.1576690673828,109.96142578125
2021-06-29,89.5199966430664,172.40699768066406,22.735000610351562,671.36767578125,43.359962463378906,47.05506896972656,121.11995697021484,12.583345413208008,51.932743072509766,348.5516662597656,57.61786651611328,259.9722900390625,19.935415267944336,344.15533447265625,3.5390000343322754,145.28775024414062,110.53140258789062
2021-06-30,93.93000030517578,172.00799560546875,22.64437484741211,659.117431640625,43.33179473876953,45.890193939208984,120.9386978149414,12.626646995544434,51.37451934814453,344.4113464355469,57.19622802734375,259.4933166503906,19.911273956298828,343.61248779296875,3.5179998874664307,145.409423828125,110.4670639038086
2021-07-01,93.30999755859375,171.64849853515625,22.711875915527344,648.1168212890625,42.67749786376953,45.43899154663086,121.29033660888672,12.730567932128906,51.255558013916016,351.0279846191406,56.27449417114258,260.1638488769531,20.119821548461914,343.7481994628906,3.5460000038146973,143.3253936767578,108.86741638183594
2021-07-02,94.69999694824219,175.5489959716797,22.849374771118164,655.9689331054688,42.54391860961914,45.752079010009766,124.07682800292969,12.739230155944824,51.94189453125,351.3349914550781,56.30390930175781,265.9591064453125,20.393558502197266,347.6939697265625,3.5409998893737793,144.1992950439453,109.3178939819336
2021-07-06,94.47000122070312,183.78700256347656,23.433124542236328,654.3756103515625,43.008277893066406,45.291664123535156,125.00053405761719,12.427459716796875,51.328773498535156,349.4332275390625,56.38235855102539,265.9687194824219,20.60409927368164,349.19671630859375,3.4600000381469727,143.95285034179688,110.36590576171875
2021-07-07,90.54000091552734,184.82899475097656,23.409374237060547,658.487548828125,42.66841506958008,45.80732727050781,125.2818603515625,12.505403518676758,51.209808349609375,347.1650085449219,55.57829284667969,268.1430358886719,20.278841018676758,349.9334411621094,3.427999973297119,141.77273559570312,108.71112060546875
2021-07-08,89.73999786376953,186.57049560546875,23.135000228881836,642.7550048828125,42.755653381347656,45.581722259521484,123.86534118652344,12.384159088134766,50.68819046020508,342.3708801269531,55.23473358154297,265.7388916015625,19.811979293823242,347.82000732421875,3.380000114440918,139.9512176513672,108.3617935180664
2021-07-09,90.9000015258789,185.9669952392578,23.626874923706055,659.6135864257812,43.635311126708984,46.15724563598633,124.33536529541016,12.626646995544434,51.23725891113281,347.095703125,55.95130920410156,266.2369384765625,19.958805084228516,349.99169921875,3.4560000896453857,142.2337188720703,110.83477783203125
2021-07-12,90.80999755859375,185.92750549316406,23.181249618530273,675.30810546875,44.14146423339844,44.72073745727539,125.77863311767578,12.531386375427246,51.91444396972656,349.80963134765625,56.27523422241211,265.64306640625,20.4189510345459,351.3586120605469,3.3589999675750732,144.05844116210938,112.73780059814453
2021-07-13,90.26000213623047,183.8679962158203,23.123750686645508,673.9819946289062,43.98334503173828,43.16911315917969,126.14117431640625,11.916504859924316,52.04255676269531,348.749755859375,55.72554016113281,269.1489562988281,20.157642364501953,351.3586120605469,3.2950000762939453,143.48219299316406,113.90534973144531
2021-07-14,89.05000305175781,184.08399963378906,23.078125,683.608642578125,43.76343536376953,43.003360748291016,127.02824401855469,12.133012771606445,51.722267150878906,344.33209228515625,54.97951126098633,270.6145324707031,19.75101089477539,351.9888610839844,3.444999933242798,142.81954956054688,114.35581970214844
2021-07-15,86.93000030517578,181.55999755859375,23.003124237060547,671.6156616210938,43.37722396850586,43.11386489868164,125.80784606933594,12.184974670410156,51.07254409790039,341.1921691894531,54.67522048950195,269.1968078613281,18.879749298095703,349.5166320800781,3.4549999237060547,139.6503143310547,108.04917907714844
2021-07-16,85.88999938964844,178.68150329589844,22.715625762939453,655.8543701171875,42.53483581542969,42.4922981262207,125.77318572998047,12.003108024597168,50.3038330078125,337.9234619140625,52.97705841064453,268.92864990234375,18.07816505432129,346.68572998046875,3.4140000343322754,136.61544799804688,106.40357971191406
2021-07-19,86.58000183105469,177.47950744628906,22.63249969482422,652.591552734375,42.316734313964844,42.763938903808594,123.40373992919922,11.838562965393066,50.00185012817383,333.7534484863281,53.791786193847656,265.3460998535156,18.69409942626953,343.84515380859375,3.493000030517578,136.47781372070312,106.04505157470703
2021-07-20,87.11000061035156,178.6595001220703,22.73062515258789,652.6392211914062,42.58208465576172,43.91038513183594,125.01984405517578,12.098373413085938,50.55092239379883,338.4187316894531,55.51940155029297,267.558837890625,18.527111053466797,347.83941650390625,3.4830000400543213,138.33773803710938,107.0103530883789
2021-07-21,89.41000366210938,179.25999450683594,22.9481258392334,687.8924560546875,43.52989959716797,44.297149658203125,126.34672546386719,12.323537826538086,51.45689010620117,342.9454040527344,57.256839752197266,269.55120849609375,19.321470260620117,350.5248718261719,3.513000011444092,142.5858612060547,108.3617935180664
2021-07-22,91.20999908447266,181.90150451660156,23.33562469482422,696.4028930664062,43.285438537597656,44.17283248901367,127.21099853515625,12.14167308807373,51.209808349609375,347.8583068847656,56.913272857666016,274.0916442871094,19.504636764526367,352.84197998046875,3.441999912261963,141.7439727783203,107.15744018554688
2021-07-23,92.1500015258789,182.83200073242188,23.811250686645508,713.7863159179688,43.905189514160156,44.45368194580078,131.7611846923828,12.210954666137695,48.501068115234375,366.2818908691406,57.83597946166992,277.4730224609375,19.468801498413086,356.96221923828125,3.509999990463257,142.46746826171875,107.36888885498047
2021-07-26,91.81999969482422,184.99099731445312,23.58562469482422,719.463134765625,43.8224983215332,44.41225051879883,132.77159118652344,12.496743202209473,49.69986343383789,368.9265441894531,57.86542892456055,276.8791198730469,19.206005096435547,357.243408203125,3.5280001163482666,142.51226806640625,106.32085418701172
2021-07-27,91.02999877929688,181.3195037841797,23.41437530517578,711.3629150390625,43.197303771972656,44.24650192260742,130.6566925048828,12.418800354003906,48.665794372558594,364.3206481933594,56.913272857666016,274.474853515625,19.12039566040039,353.3072814941406,3.496999979019165,139.89678955078125,104.38106536865234
2021-07-28,97.93000030517578,181.51600646972656,23.565624237060547,724.9680786132812,43.4053955078125,44.14981460571289,134.81118774414062,12.522724151611328,48.56512451171875,369.73876953125,57.90468978881836,274.1682434082031,19.414047241210938,354.66455078125,3.571000099182129,142.1824951171875,105.78765869140625
2021-07-29,102.94999694824219,179.99600219726562,23.813125610351562,730.5496215820312,43.992431640625,44.56418228149414,134.4976348876953,12.600666046142578,49.14164352416992,354.920654296875,59.200416564941406,274.4365234375,19.572322845458984,355.29473876953125,3.734999895095825,145.08285522460938,106.78050994873047
2021-07-30,106.19000244140625,166.37950134277344,23.774375915527344,731.5321655273438,44.109649658203125,44.48591995239258,133.45655822753906,12.557365417480469,49.15994644165039,352.9198303222656,59.396728515625,272.9134216308594,19.410064697265625,353.4429931640625,3.803999900817871,146.27056884765625,107.23100280761719
2021-08-02,108.62999725341797,166.57400512695312,23.573749542236328,734.3084106445312,44.04423904418945,44.333980560302734,133.58338928222656,12.548707008361816,49.12334442138672,348.6111145019531,59.45561981201172,272.8271789550781,19.659921646118164,353.4720458984375,3.746000051498413,147.1957550048828,107.4332504272461
2021-08-03,112.55999755859375,168.31199645996094,23.6981258392334,743.7349243164062,44.2359733581543,45.31928253173828,134.35154724121094,12.8604736328125,49.47108459472656,347.9078063964844,60.21145248413086,275.0304260253906,19.724626541137695,355.6146545410156,3.7880001068115234,148.3162078857422,108.85821533203125
2021-08-04,118.7699966430664,167.73599243164062,23.88249969482422,758.9525146484375,44.32775115966797,44.84043502807617,133.851806640625,12.695926666259766,49.324668884277344,355.5149841308594,60.7513427734375,274.4460754394531,20.181535720825195,356.1285095214844,3.7799999713897705,149.8271942138672,109.1615982055664
2021-08-05,112.3499984741211,168.79949951171875,23.787500381469727,758.2557983398438,44.31593704223633,45.27785110473633,134.96719360351562,12.72191047668457,49.635982513427734,359.52655029296875,59.92679214477539,277.32928466796875,20.54288101196289,358.3873291015625,3.859999895095825,149.8528594970703,109.60286712646484
2021-08-06,110.11000061035156,167.2469940185547,23.600000381469727,747.3126831054688,44.112388610839844,45.369930267333984,134.45901489257812,12.877792358398438,49.66361999511719,360.06146240234375,59.42618179321289,277.2718200683594,20.273113250732422,356.8168640136719,3.8949999809265137,149.10691833496094,108.6743392944336
2021-08-09,107.58000183105469,167.093505859375,23.46875,752.4647216796875,44.04423904418945,45.35151672363281,135.62246704101562,12.747888565063477,49.783355712890625,358.179443359375,59.36727523803711,276.18939208984375,20.202436447143555,357.47601318359375,3.890000104904175,148.6011199951172,108.68354797363281
2021-08-10,106.4800033569336,166.03399658203125,23.231250762939453,753.0467529296875,43.82432174682617,45.31467819213867,135.51742553710938,12.834492683410645,49.682037353515625,357.7040710449219,58.65071487426758,274.3790283203125,19.845077514648438,355.643798828125,3.8570001125335693,146.87559509277344,106.97357940673828
2021-08-11,107.68000030517578,164.60549926757812,23.068750381469727,752.9799194335938,43.94154357910156,46.212493896484375,134.9944610595703,13.154918670654297,49.86624526977539,356.54510498046875,58.689964294433594,274.8675537109375,19.609155654907227,355.03302001953125,3.881999969482422,146.37301635742188,106.63343048095703
2021-08-12,106.5,165.1750030517578,22.936874389648438,745.2042846679688,44.006065368652344,46.27695083618164,135.9008331298828,13.172243118286133,49.31361389160156,359.2095947265625,58.758689880371094,277.6070861816406,19.814220428466797,356.3126525878906,3.8329999446868896,144.8011474609375,106.3668212890625
2021-08-13,110.55000305175781,164.69850158691406,22.754375457763672,752.7317504882812,44.17873001098633,46.05595779418945,136.4292755126953,12.973055839538574,49.2675666809082,359.73455810546875,59.27893829345703,280.51922607421875,20.095922470092773,357.5633544921875,3.630000114440918,145.71034240722656,106.18293762207031
2021-08-16,107.4800033569336,164.94949340820312,22.844375610351562,751.19580078125,44.35865020751953,45.88100051879883,137.0057830810547,12.990379333496094,49.249141693115234,363.0824890136719,58.07156753540039,282.1953125,19.8590087890625,357.7184143066406,3.7060000896453857,145.16932678222656,105.38312530517578
2021-08-17,107.55999755859375,162.09800720214844,22.78937530517578,740.9013671875,43.499900817871094,45.03841781616211,135.3733367919922,12.921095848083496,48.53071212768555,355.0494384765625,57.44334030151367,280.7393493652344,19.3692569732666,354.5676574707031,3.6570000648498535,142.3585662841797,102.14708709716797
2021-08-18,103.44000244140625,160.06100463867188,22.629375457763672,736.9800415039062,42.61663055419922,44.642459869384766,134.17225646972656,12.739230155944824,48.07017517089844,352.0779113769531,56.77584457397461,279.02154541015625,18.95316505432129,351.1549987792969,3.562000036239624,140.4762420654297,101.54032897949219
2021-08-19,103.69999694824219,159.3874969482422,22.927499771118164,745.6239013671875,43.03099822998047,44.3017463684082,134.4010772705078,12.453441619873047,48.300445556640625,351.7510681152344,57.894874572753906,284.8182373046875,19.707704544067383,352.8515319824219,3.4760000705718994,141.628662109375,101.60466003417969
2021-08-20,104.6500015258789,159.99749755859375,23.116249084472656,751.987548828125,43.18001937866211,45.35151672363281,136.1340789794922,12.626646995544434,47.90439224243164,355.9607238769531,58.74887466430664,292.1025695800781,20.72106170654297,356.5065612792969,3.563999891281128,142.6915283203125,99.39828491210938
2021-08-23,108.7699966430664,163.2935028076172,23.140625,774.3513793945312,43.84157943725586,46.09739303588867,138.72146606445312,12.730567932128906,49.02808380126953,359.9029541015625,60.85931396484375,292.3809509277344,21.857852935791016,361.8387145996094,3.5929999351501465,146.70913696289062,102.00917053222656
2021-08-24,107.6500015258789,165.28900146484375,23.528125762939453,768.6172485351562,43.7488899230957,46.38285446166992,139.9299774169922,12.851814270019531,49.56229782104492,362.04248046875,61.39919662475586,290.43267822265625,21.693607330322266,362.94384765625,3.5490000247955322,146.70913696289062,103.06643676757812
2021-08-25,108.30000305175781,164.95899963378906,23.38249969482422,770.7734985351562,43.92881393432617,46.99060821533203,140.73976135253906,13.085638999938965,49.56229782104492,364.89520263671875,62.0372428894043,289.8471374511719,22.1116943359375,363.36077880859375,3.559000015258789,147.826416015625,107.58954620361328
2021-08-26,107.2699966430664,165.8000030517578,23.076875686645508,773.7025756835938,44.14055252075195,46.755794525146484,140.10728454589844,13.09429931640625,48.935977935791016,360.9231262207031,62.07650375366211,287.04486083984375,21.96735382080078,361.05340576171875,3.496999979019165,147.9640655517578,108.57323455810547
2021-08-27,111.4000015258789,167.48150634765625,23.303749084472656,794.67333984375,45.06745910644531,44.637855529785156,142.6466522216797,13.354106903076172,49.635982513427734,369.0949401855469,60.21145248413086,287.6495056152344,22.532760620117188,364.5628662109375,3.572999954223633,150.78761291503906,108.9317626953125
2021-08-30,111.31999969482422,171.07850646972656,23.256250381469727,801.0369873046875,45.33552932739258,45.190364837646484,143.22760009765625,13.258846282958984,49.682037353515625,377.0486755371094,60.82004928588867,291.3636169433594,22.584522247314453,368.6541748046875,3.549999952316284,151.08851623535156,109.39142608642578
2021-08-31,110.72000122070312,173.5395050048828,23.095624923706055,794.787841796875,45.182865142822266,44.872676849365234,143.33358764648438,13.388747215270996,49.792564392089844,375.7808837890625,60.06421661376953,289.72247314453125,22.28683090209961,368.35357666015625,3.6540000438690186,149.88162231445312,109.40982055664062
2021-09-01,109.98999786376953,173.9499969482422,22.4737491607666,803.4985961914062,44.8148307800293,44.5457649230957,143.84671020507812,13.284826278686523,49.433349609375,378.425537109375,59.60285949707031,289.6744079589844,22.34259033203125,368.96435546875,3.753999948501587,149.06533813476562,110.74283599853516
2021-09-02,109.19999694824219,173.156005859375,22.744375228881836,821.7310180664062,44.70033645629883,44.69310760498047,141.93638610839844,13.328128814697266,49.488616943359375,371.71978759765625,60.191829681396484,289.0218505859375,22.29779052734375,368.78985595703125,3.7839999198913574,149.622314453125,111.04623413085938
2021-09-03,109.91999816894531,173.90249633789062,22.69499969482422,818.7064819335938,45.2255859375,44.72533416748047,142.38461303710938,13.4060697555542,49.285980224609375,372.69049072265625,60.378326416015625,289.01226806640625,22.742820739746094,369.92413330078125,3.799999952316284,150.74276733398438,113.96969604492188
2021-09-07,109.1500015258789,175.46449279785156,22.466249465942383,822.198486328125,45.126522064208984,44.20505905151367,142.92051696777344,13.007697105407715,49.41493225097656,378.5542907714844,60.11329650878906,288.0909729003906,22.5626220703125,370.4476318359375,3.671999931335449,150.18899536132812,114.64081573486328
2021-09-08,106.16999816894531,176.27499389648438,22.47249984741211,818.5921630859375,44.925697326660156,43.68939208984375,142.33656311035156,12.592007637023926,49.34124755859375,373.9880676269531,59.259300231933594,288.1197204589844,22.241037368774414,369.15826416015625,3.632999897003174,148.26498413085938,112.05750274658203
2021-09-09,106.1500015258789,174.20799255371094,22.38312530517578,814.3082275390625,44.84482192993164,44.375404357910156,142.18797302246094,12.695926666259766,49.18466567993164,374.41400146484375,60.12311553955078,285.27899169921875,22.079748153686523,367.88824462890625,3.6480000019073486,148.78680419921875,112.78376007080078
2021-09-10,105.19999694824219,173.45750427246094,21.9325008392334,819.4315795898438,45.268287658691406,43.85053634643555,139.54811096191406,12.495100021362305,49.58993911743164,375.0974426269531,60.04458236694336,283.8009033203125,22.37942886352539,365.0960693359375,3.6589999198913574,149.9680633544922,113.05036926269531
2021-09-13,104.80000305175781,172.85850524902344,22.393749237060547,831.233642578125,45.341896057128906,45.53107833862305,140.99090576171875,12.486368179321289,50.64915084838867,372.93817138671875,61.232330322265625,285.0293884277344,22.054859161376953,364.8440856933594,3.7130000591278076,151.40542602539062,113.64794158935547
2021-09-14,105.7300033569336,172.5,22.360000610351562,847.2907104492188,45.60633087158203,44.863460540771484,141.20086669921875,12.006120681762695,50.21625900268555,372.9579162597656,61.15379333496094,287.7166748046875,22.144466400146484,363.80670166015625,3.6070001125335693,151.411865234375,113.16068267822266
2021-09-15,105.5999984741211,173.7895050048828,22.43000030517578,848.492919921875,46.321502685546875,46.244728088378906,143.068115234375,11.997389793395996,50.76888656616211,370.3727111816406,61.310848236083984,292.5440673828125,22.24302864074707,366.5115051269531,3.6440000534057617,152.28260803222656,111.69894409179688
2021-09-16,106.22000122070312,174.41200256347656,22.808124542236328,846.565673828125,46.10431671142578,46.68673324584961,142.25631713867188,11.927536010742188,50.50178146362305,369.52081298828125,62.08632278442383,292.927978515625,22.144466400146484,366.763671875,3.6429998874664307,152.5738983154297,111.50232696533203
2021-09-17,103.87999725341797,173.12600708007812,22.44562530517578,820.3665771484375,45.98163604736328,46.286170959472656,139.4728240966797,11.831488609313965,49.97677993774414,361.25994873046875,60.95748519897461,287.7934265136719,21.80396270751953,362.4203796386719,3.7249999046325684,150.1409454345703,108.69609069824219
2021-09-20,101.55000305175781,167.7864990234375,22.123125076293945,802.13427734375,44.96567916870117,46.442710876464844,137.41192626953125,11.59572982788086,48.797821044921875,352.3255615234375,59.5635986328125,282.44769287109375,21.020410537719727,354.9316101074219,3.631999969482422,146.4242401123047,105.88059997558594
2021-09-21,102.81999969482422,167.18150329589844,21.971250534057617,815.481689453125,44.94462966918945,45.738258361816406,137.72247314453125,11.359975814819336,48.69650650024414,354.088623046875,59.90715026855469,282.9276123046875,21.152830123901367,355.3682556152344,3.6670000553131104,146.8563995361328,106.12061309814453
2021-09-22,104.37999725341797,169.00250244140625,21.885000228881836,825.0320434570312,45.82341003417969,45.706031799316406,138.96119689941406,11.490951538085938,49.27677917480469,339.95404052734375,61.516990661621094,286.55535888671875,21.84477996826172,358.68768310546875,3.7739999294281006,149.90406799316406,106.96062469482422
2021-09-23,106.1500015258789,170.8000030517578,22.369375228881836,839.381591796875,46.16300582885742,47.28068161010742,139.88490295410156,11.735437393188477,49.764930725097656,342.6778869628906,62.27281188964844,287.4959411621094,22.383411407470703,361.9971923828125,3.75,151.9016571044922,107.25601959228516
2021-09-24,105.80000305175781,171.2760009765625,22.509374618530273,828.9248046875,46.21976852416992,47.828575134277344,140.8744659423828,11.709242820739746,49.93994140625,349.6115417480469,62.439701080322266,287.29437255859375,21.984167098999023,362.3369140625,3.7300000190734863,151.7274169921875,106.74832153320312
2021-09-27,108.16000366210938,170.2899932861328,22.299375534057617,796.9535522460938,46.213356018066406,48.28439712524414,139.7422637939453,12.22441577911377,50.3452033996582,350.2256164550781,61.909629821777344,282.322998046875,21.565013885498047,359.44464111328125,3.7880001068115234,151.3583526611328,107.21910095214844
2021-09-28,101.5199966430664,165.79800415039062,21.6612491607666,744.3455200195312,44.94736862182617,48.47777557373047,134.5496368408203,12.381586074829102,49.737300872802734,337.4183349609375,59.63230895996094,272.1018371582031,20.60822868347168,349.27325439453125,3.7300000190734863,145.43748474121094,103.29589080810547
2021-09-29,100.3499984741211,165.05599975585938,21.623750686645508,715.9616088867188,44.8064079284668,48.51921463012695,133.0870819091797,12.30300235748291,49.2675666809082,336.38818359375,59.04335403442383,272.5626220703125,20.42702865600586,348.7005615234375,3.6700000762939453,143.1429901123047,103.03742218017578
2021-09-30,102.9000015258789,164.2519989013672,21.477500915527344,710.8954467773438,44.3899040222168,47.90224838256836,132.41595458984375,12.442708015441895,49.07413864135742,336.1702880859375,59.200416564941406,270.5663146972656,20.625154495239258,347.4194030761719,3.6570000648498535,143.08523559570312,103.06509399414062
2021-10-01,102.44999694824219,164.16299438476562,21.905000686645508,707.7468872070312,44.611427307128906,48.703372955322266,135.2559356689453,12.765785217285156,49.60835647583008,339.7559509277344,58.7292366027832,277.4571228027344,20.651039123535156,349.5741882324219,3.734999895095825,143.17825317382812,102.98204040527344
2021-10-04,100.33999633789062,159.48899841308594,21.482500076293945,680.20263671875,43.5678825378418,48.45475769042969,132.39962768554688,12.966611862182617,49.249141693115234,323.1351013183594,56.53044128417969,271.7083740234375,19.64547348022461,342.23675537109375,3.687999963760376,139.49099731445312,100.63733673095703
2021-10-05,101.80999755859375,161.0500030517578,22.059375762939453,699.2174682617188,44.43475341796875,48.77244186401367,134.7408447265625,13.123783111572266,49.691246032714844,329.80126953125,58.297332763671875,277.1308898925781,20.361318588256836,346.8565673828125,3.7279999256134033,141.6025848388672,100.85887908935547
2021-10-06,103.63999938964844,163.10049438476562,22.094999313354492,698.8642578125,44.74232864379883,48.574462890625,136.26832580566406,12.844368934631348,49.71887969970703,330.474853515625,62.577117919921875,281.3056335449219,20.609228134155273,349.07916259765625,3.6519999504089355,142.1545867919922,100.93273162841797
2021-10-07,106.44999694824219,165.1215057373047,22.75749969482422,712.5269165039062,45.21282958984375,49.288116455078125,137.91265869140625,12.896758079528809,49.90309524536133,326.0967102050781,64.01161193847656,282.97552490234375,20.982580184936523,352.2819519042969,3.7300000190734863,143.81690979003906,102.30815887451172
2021-10-08,105.05999755859375,164.43099975585938,23.2450008392334,696.7369384765625,45.11488723754883,48.37186813354492,138.46788024902344,12.949150085449219,49.56229782104492,326.9188537597656,63.49086380004883,282.97552490234375,20.739648818969727,350.5252685546875,3.687999963760376,142.3439178466797,101.57892608642578
2021-10-11,104.68000030517578,162.31500244140625,23.599374771118164,688.7415771484375,45.06820297241211,48.43632888793945,137.60458374023438,12.975343704223633,49.22150421142578,322.362548828125,62.331478118896484,282.380615234375,20.604246139526367,347.8369140625,3.6989998817443848,141.39083862304688,101.781982421875
2021-10-12,105.04000091552734,162.3665008544922,23.434375762939453,691.7564697265625,44.421939849853516,47.76873016357422,135.16281127929688,12.835634231567383,48.0517578125,320.698486328125,62.47886276245117,281.08489990234375,20.580352783203125,346.6236267089844,3.5880000591278076,139.62582397460938,100.8034896850586
2021-10-13,109.16000366210938,164.21400451660156,23.993125915527344,710.237060546875,44.39723205566406,47.736488342285156,136.28515625,12.853099822998047,48.13465881347656,321.461181640625,62.311832427978516,284.37677001953125,20.84717559814453,349.3994445800781,3.5799999237060547,140.43130493164062,101.52350616455078
2021-10-14,111.98999786376953,164.9929962158203,24.701875686645508,742.5518798828125,45.54969787597656,48.8046760559082,139.82052612304688,13.141247749328613,49.645198822021484,325.4132995605469,64.1491470336914,290.557373046875,21.650638580322266,355.8341369628906,3.5959999561309814,144.78924560546875,103.9051513671875
2021-10-15,112.12000274658203,170.4510040283203,24.361249923706055,753.1517333984375,46.06689453125,49.59199142456055,140.03546142578125,13.22856616973877,50.16099166870117,321.67901611328125,64.50286102294922,291.9586181640625,21.766130447387695,358.07623291015625,3.5439999103546143,145.75521850585938,106.0282974243164
2021-10-18,116.43000030517578,172.33700561523438,23.982500076293945,752.0257568359375,46.076961517333984,50.02479553222656,141.4321746826172,13.193634986877441,50.170204162597656,332.1586608886719,65.99629974365234,294.91461181640625,22.12455177307129,361.6768798828125,3.496999979019165,146.9297637939453,106.47138214111328
2021-10-19,116.33000183105469,172.20750427246094,24.352500915527344,764.180908203125,46.720489501953125,51.01930236816406,141.88682556152344,13.420661926269531,50.85178756713867,336.7645568847656,66.66441345214844,295.8167419433594,22.1922550201416,364.4139099121094,3.5239999294281006,148.73007202148438,107.96681213378906
2021-10-20,116.38999938964844,170.7530059814453,24.669374465942383,732.4481201171875,46.628944396972656,51.396846771240234,140.4326934814453,13.525442123413086,50.9991569519043,337.5470886230469,66.01596069335938,295.0297546386719,22.006072998046875,363.93829345703125,3.5350000858306885,148.42201232910156,106.7021713256836
2021-10-21,119.33000183105469,171.75050354003906,24.717500686645508,751.3961181640625,47.06466293334961,52.01841735839844,140.548583984375,13.525442123413086,51.57942199707031,338.63665771484375,65.8980712890625,298.2447814941406,22.592487335205078,366.1608581542969,3.5369999408721924,149.9174346923828,107.34833526611328
2021-10-22,119.81999969482422,166.77749633789062,24.407499313354492,764.1902465820312,47.18000793457031,52.736671447753906,136.2698211669922,13.411932945251465,45.55567932128906,321.5304260253906,65.15132904052734,296.7093200683594,22.626338958740234,363.08428955078125,3.5299999713897705,148.23585510253906,105.44674682617188
2021-10-25,122.36000061035156,166.01849365234375,24.127500534057617,752.2359008789062,47.78965377807617,51.700714111328125,136.1514434814453,13.455587387084961,45.5096321105957,325.5718078613281,66.48757934570312,295.72076416015625,23.064411163330078,366.80145263671875,3.5329999923706055,149.25314331054688,104.902099609375
2021-10-26,122.93000030517578,168.80349731445312,25.224374771118164,754.897705078125,48.86980438232422,50.743038177490234,137.99537658691406,12.99280834197998,44.46883010864258,312.81402587890625,66.54652404785156,297.6210632324219,24.608606338500977,367.9563903808594,3.5450000762939453,149.36550903320312,105.40058898925781
2021-10-27,122.27999877929688,169.62449645996094,25.174375534057617,764.2189331054688,47.88486099243164,49.90507507324219,144.83924865722656,12.730855941772461,44.10961151123047,309.258056640625,66.51705169677734,310.15509033203125,24.343769073486328,368.8105163574219,3.5309998989105225,148.29368591308594,105.00364685058594
2021-10-28,121.16000366210938,172.32850646972656,25.440000534057617,775.84912109375,48.47618865966797,50.683189392089844,144.47425842285156,12.888029098510742,44.28461837768555,313.91339111328125,67.2834243774414,311.28753662109375,24.831628799438477,372.90625,3.5439999103546143,151.63755798339844,107.0898666381836
2021-10-29,120.2300033569336,168.6215057373047,25.60562515258789,775.5536499023438,48.668434143066406,50.641746520996094,146.65052795410156,12.791977882385254,45.13199996948242,320.5003356933594,67.30307006835938,318.2646789550781,25.454879760742188,374.7405090332031,3.5390000343322754,152.31466674804688,104.95746612548828
2021-11-01,125.2300033569336,165.90550231933594,25.535625457763672,770.3728637695312,48.337059020996094,51.341590881347656,142.14437866210938,13.062661170959473,45.638580322265625,326.8495178222656,67.75501251220703,316.1053466796875,25.713743209838867,376.0216979980469,3.6649999618530273,154.7985076904297,105.34519958496094
2021-11-02,127.62999725341797,165.6374969482422,30.74187469482422,776.7377319335938,49.16273880004883,49.608341217041016,144.06166076660156,13.307147979736328,45.924110412597656,324.967529296875,68.68844604492188,319.7138977050781,26.285219192504883,377.59405517578125,3.7060000896453857,156.72398376464844,105.33596801757812
2021-11-03,130.52999877929688,169.1999969482422,32.11249923706055,793.9556274414062,49.64788818359375,50.144309997558594,145.2161865234375,13.342076301574707,46.41227340698242,328.4739990234375,68.03996276855469,320.54888916015625,26.48135757446289,381.60235595703125,4.186999797821045,158.5307159423828,105.24366760253906
2021-11-04,137.5,173.85000610351562,32.741249084472656,813.5360717773438,50.22001266479492,49.57201385498047,146.86993408203125,13.333345413208008,46.66083908081055,332.663818359375,70.2899398803711,322.89068603515625,29.67031478881836,386.4939880371094,4.697000026702881,163.8643035888672,108.73302459716797
2021-11-05,136.33999633789062,175.94949340820312,33.158748626708984,810.1978759765625,51.162864685058594,51.19807815551758,147.44891357421875,13.499246597290039,47.22658157348633,337.8937683105469,70.60435485839844,322.5260314941406,29.62152862548828,386.86279296875,4.6579999923706055,165.6838836669922,108.74224090576172
2021-11-08,150.16000366210938,174.44900512695312,32.901248931884766,813.0003662109375,51.16559982299805,50.44407653808594,147.62623596191406,13.481782913208008,47.81089401245117,335.40753173828125,71.72442626953125,323.41851806640625,30.668920516967773,386.33868408203125,4.504000186920166,167.92388916015625,111.61311340332031
2021-11-09,148.9199981689453,178.81149291992188,33.209999084472656,813.1152954101562,51.06032943725586,50.943721771240234,147.51478576660156,13.560369491577148,47.48627853393555,332.18841552734375,71.66548919677734,322.4204406738281,30.522554397583008,383.679443359375,4.484000205993652,167.92388916015625,112.41620635986328
2021-11-10,139.8699951171875,174.1024932861328,32.6349983215332,782.314453125,50.233734130859375,51.434261322021484,144.51829528808594,13.726274490356445,47.078189849853516,324.5317687988281,69.72991180419922,317.4777526855469,29.329814910888672,378.0404357910156,4.381999969482422,162.97215270996094,109.11148834228516
2021-11-11,146.00999450683594,173.625,32.5881233215332,797.1792602539062,50.84064865112305,51.04364013671875,144.3925018310547,13.918371200561523,46.8648796081543,324.6307678222656,72.13709259033203,319.0421447753906,30.256732940673828,379.08868408203125,4.431000232696533,166.41873168945312,109.10224914550781
2021-11-12,147.88999938964844,176.25750732421875,32.86249923706055,814.626708984375,51.55647659301758,50.87104415893555,147.27655029296875,12.783246994018555,46.66083908081055,337.65606689453125,72.19603729248047,323.15936279296875,30.256732940673828,383.07763671875,4.36899995803833,168.0458221435547,109.56378936767578
2021-11-15,146.49000549316406,177.28399658203125,33.010623931884766,819.4953002929688,51.78990173339844,51.50693130493164,147.05267333984375,12.835634231567383,46.670108795166016,344.26275634765625,71.64583587646484,322.5355529785156,29.893329620361328,382.99029541015625,4.309000015258789,167.920654296875,109.03764343261719
2021-11-16,152.4499969482422,177.03500366210938,32.954376220703125,823.158935546875,52.06451416015625,51.50693130493164,146.48211669921875,12.730855941772461,46.93907165527344,339.7064208984375,72.53010559082031,325.8370056152344,30.070545196533203,385.71759033203125,4.401000022888184,170.4365997314453,109.00071716308594
2021-11-17,151.33999633789062,177.4499969482422,33.02000045776367,822.116455078125,52.1441535949707,50.87104415893555,146.65150451660156,12.704659461975098,46.58663558959961,337.5372009277344,72.35326385498047,326.0580749511719,29.132680892944336,385.9213562011719,4.25,169.2492218017578,109.90534973144531
2021-11-18,155.02000427246094,184.80299377441406,33.13750076293945,840.9221801757812,52.617401123046875,50.78020095825195,148.42613220214844,12.757050514221191,46.0765266418457,335.47686767578125,73.83686065673828,328.1253356933594,31.53609275817871,389.9200134277344,4.285999774932861,172.0796661376953,113.90242004394531
2021-11-19,155.41000366210938,183.82850646972656,32.2400016784668,819.926025390625,52.059932708740234,49.98080062866211,147.52272033691406,12.564953804016113,45.928138732910156,342.0242004394531,73.2768325805664,329.89447021484375,32.840354919433594,392.0940856933594,4.2179999351501465,172.5578155517578,114.70552062988281
2021-11-22,152.52000427246094,178.6284942626953,32.040000915527344,789.8712158203125,50.646568298339844,50.08072280883789,144.92295837402344,12.896758079528809,46.21564865112305,337.77490234375,71.47882843017578,326.7407531738281,31.815860748291016,387.54217529296875,4.2170000076293945,170.0579071044922,115.1578369140625
2021-11-23,149.9199981689453,179.0019989013672,31.627500534057617,772.3948974609375,50.81501007080078,49.66285705566406,144.40785217285156,12.931686401367188,45.538597106933594,334.0505676269531,71.94061279296875,324.67364501953125,31.606786727905273,385.77581787109375,4.177999973297119,169.3743896484375,112.02849578857422
2021-11-24,157.8000030517578,179.02049255371094,31.94499969482422,767.526123046875,51.14546585083008,52.051979064941406,144.74264526367188,12.975343704223633,46.150726318359375,337.8244323730469,72.56941986083984,324.8948059082031,32.53070831298828,387.01812744140625,4.196000099182129,171.23568725585938,111.4284896850586
2021-11-26,154.80999755859375,175.22799682617188,31.24250030517578,748.041015625,50.034183502197266,51.0345573425293,140.84278869628906,12.59988021850586,45.24180221557617,329.9597473144531,70.73207092285156,316.9817810058594,31.36484718322754,379.6806640625,4.043000221252441,166.47012329101562,108.08683776855469
2021-11-29,161.91000366210938,178.07850646972656,31.649999618530273,779.5977172851562,51.659000396728516,52.29724884033203,144.15872192382812,12.757050514221191,46.37331771850586,334.8231506347656,73.70913696289062,323.6640625,33.229644775390625,387.9207458496094,4.063000202178955,172.86911010742188,110.10845184326172
2021-11-30,158.3699951171875,175.35350036621094,31.014999389648438,757.118896484375,50.68318557739258,51.29800033569336,140.55999755859375,12.530024528503418,45.631343841552734,321.38189697265625,69.92642211914062,317.8566589355469,32.53269577026367,382.2235412597656,4.139999866485596,169.83969116210938,108.14221954345703
2021-12-01,149.11000061035156,172.18600463867188,30.34749984741211,769.0661010742188,50.78205871582031,50.5985221862793,139.72195434570312,12.407783508300781,45.074867248535156,307.6533508300781,69.71025848388672,317.3663024902344,31.30097770690918,375.7208557128906,4.243000030517578,168.48223876953125,111.3546371459961
2021-12-02,150.67999267578125,171.8679962158203,30.81999969482422,755.0814208984375,50.57060241699219,51.91571807861328,141.618408203125,13.088855743408203,45.909584045410156,307.44537353515625,69.78886413574219,316.799072265625,31.989030838012695,378.4286193847656,4.283999919891357,168.7261199951172,112.34235382080078
2021-12-03,144.00999450683594,169.489501953125,30.299999237060547,737.9974365234375,51.089630126953125,53.123905181884766,140.66297912597656,13.2460298538208,45.67772674560547,303.92901611328125,82.12939453125,310.56866455078125,30.562149047851562,371.848388671875,4.322999954223633,168.29934692382812,110.15457916259766
2021-12-06,139.05999755859375,171.36849975585938,30.412500381469727,723.5248413085938,51.71759033203125,53.36917495727539,141.8055877685547,13.202367782592773,47.29151153564453,314.8544006347656,83.937255859375,313.6261291503906,29.9089412689209,374.82794189453125,4.269999980926514,168.08428955078125,109.97919464111328
2021-12-07,144.85000610351562,176.1645050048828,31.577499389648438,770.9888305664062,54.04450225830078,53.5145149230957,145.88134765625,13.507980346679688,48.75690460205078,319.74755859375,89.91100311279297,322.01995849609375,32.288753509521484,386.1154479980469,4.388000011444092,176.5660400390625,112.91468048095703
2021-12-08,145.24000549316406,176.1580047607422,31.3700008392334,768.9896850585938,53.87606430053711,53.05123519897461,146.78968811035156,13.60402774810791,47.99638366699219,327.424072265625,89.69485473632812,322.0679931640625,31.690311431884766,387.84307861328125,4.373000144958496,175.41717529296875,112.4346694946289
2021-12-09,138.10000610351562,174.17100524902344,32.165000915527344,739.0401000976562,53.405555725097656,52.36991882324219,146.24685668945312,13.533632278442383,46.818504333496094,326.6910400390625,88.45685577392578,320.2699890136719,30.360008239746094,382.1362609863281,4.24399995803833,171.38331604003906,110.31151580810547
2021-12-10,138.5500030517578,172.21200561523438,32.67250061035156,747.8690795898438,57.82321548461914,52.32448959350586,146.60647583007812,13.384041786193848,46.92052459716797,326.6216735839844,87.46451568603516,329.3464050292969,30.069252014160156,386.2901306152344,4.2870001792907715,173.0006866455078,109.969970703125
2021-12-13,133.8000030517578,169.5675048828125,33.04499816894531,731.2537231445312,56.906002044677734,50.616695404052734,144.45193481445312,13.0144624710083,46.37331771850586,331.3167419433594,85.07697296142578,326.3273010253906,28.040935516357422,380.7094421386719,4.190999984741211,168.3922882080078,107.46834564208984
2021-12-14,135.60000610351562,169.0915069580078,32.779998779296875,721.6116943359375,56.28812026977539,49.626522064208984,142.55052185058594,12.82087230682373,46.09508514404297,330.5738220214844,83.79967498779297,315.6933898925781,28.216184616088867,376.7690124511719,4.163000106811523,167.58229064941406,107.34833526611328
2021-12-15,146.5,173.31500244140625,34.665000915527344,757.7980346679688,58.5720100402832,50.90737533569336,145.0606231689453,13.0144624710083,46.994720458984375,338.4187316894531,86.82588195800781,321.76031494140625,30.329143524169922,385.35845947265625,4.23799991607666,173.73452758789062,111.14231872558594
2021-12-16,138.63999938964844,168.87100219726562,32.53499984741211,722.1951293945312,56.816307067871094,49.95355224609375,143.08346557617188,13.155253410339355,47.14310836791992,331.7228698730469,82.12939453125,312.3858642578125,28.265975952148438,375.4490661621094,4.159999847412109,166.1551513671875,108.05194091796875
2021-12-17,137.75,170.0175018310547,33.75749969482422,717.2880859375,58.123470306396484,49.64468765258789,140.3891143798828,13.269647598266602,46.94834518432617,330.6234130859375,82.56170654296875,311.3282165527344,27.682470321655273,373.575927734375,4.093999862670898,165.7630157470703,107.82020568847656
2021-12-20,135.8000030517578,167.07899475097656,33.58250045776367,720.1671752929688,59.045257568359375,48.690860748291016,140.272216796875,13.067258834838867,46.0023307800293,322.362548828125,82.69925689697266,307.58807373046875,27.600820541381836,369.9520568847656,4.127999782562256,164.46441650390625,106.5410385131836
2021-12-21,144.25,170.41700744628906,34.477500915527344,749.016845703125,59.534446716308594,50.37141799926758,142.12013244628906,13.568830490112305,47.087467193603516,331.0295104980469,84.79205322265625,314.683837890625,28.951038360595703,378.2318115234375,4.263000011444092,170.39804077148438,108.85836791992188
2021-12-22,143.8800048828125,171.03700256347656,34.88249969482422,757.702392578125,60.35987854003906,50.298744201660156,145.03489685058594,13.68322467803955,47.27296447753906,327.31512451171875,86.74725341796875,320.3662414550781,29.274654388427734,382.8380126953125,4.258999824523926,172.1691131591797,112.43630981445312
2021-12-23,146.13999938964844,171.06849670410156,35.462501525878906,766.5887451171875,61.244266510009766,50.76203918457031,145.5316619873047,13.868012428283691,47.58830642700195,332.0596008300781,86.1479263305664,321.7987060546875,29.513633728027344,385.72430419921875,4.271999835968018,173.83419799804688,111.8615951538086
2021-12-27,154.36000061035156,169.66949462890625,36.709999084472656,776.1732788085938,62.117610931396484,51.41609191894531,146.5123291015625,14.008806228637695,48.172603607177734,342.8958435058594,89.2232437133789,329.2598571777344,30.813074111938477,392.0992431640625,4.47599983215332,178.5977783203125,113.73401641845703
2021-12-28,153.14999389648438,170.66099548339844,36.22249984741211,769.802734375,61.63119888305664,51.73403549194336,145.30433654785156,14.052802085876465,48.00566864013672,342.93548583984375,86.4525146484375,328.1061706542969,30.192729949951172,390.281982421875,4.416999816894531,176.6273956298828,113.1407699584961
2021-12-29,148.25999450683594,169.2010040283203,36.4275016784668,767.1338500976562,61.96376419067383,51.82487869262695,145.27261352539062,14.140798568725586,48.07058334350586,339.68658447265625,86.9928970336914,328.7791442871094,29.873090744018555,390.22369384765625,4.554999828338623,176.89743041992188,112.53828430175781
2021-12-30,145.14999389648438,168.64450073242188,35.787498474121094,765.4501953125,61.27006912231445,51.33433151245117,144.82240295410156,13.982406616210938,47.987117767333984,341.09307861328125,85.91212463378906,326.25042724609375,29.45986557006836,389.05755615234375,4.4679999351501465,174.89593505859375,111.62060546875
2021-12-31,143.89999389648438,166.7169952392578,35.9375,761.5476684570312,61.30047607421875,51.02547836303711,143.48660278320312,13.876814842224121,47.76451110839844,333.15911865234375,85.96127319335938,323.3660888671875,29.285608291625977,386.6280517578125,4.394999980926514,174.36866760253906,111.5186538696289
2022-01-03,150.24000549316406,170.4044952392578,35.560001373291016,762.8390502929688,61.10793685913086,51.761287689208984,143.62481689453125,14.202393531799316,49.350486755371094,335.3283386230469,87.86736297607422,321.8564758300781,29.992584228515625,390.35003662109375,4.561999797821045,177.8346710205078,119.38827514648438
2022-01-04,144.4199981689453,167.52200317382812,34.665000915527344,745.3340454101562,61.808074951171875,53.132991790771484,143.0384063720703,14.809560775756836,49.28556823730469,333.33740234375,86.82588195800781,316.3375549316406,29.165130615234375,385.2869873046875,4.714000225067139,177.2880859375,123.65213012695312
2022-01-05,136.14999389648438,164.35699462890625,33.287498474121094,713.2705078125,59.235958099365234,52.66969680786133,136.476318359375,14.86235523223877,49.962615966796875,321.0946960449219,82.650146484375,304.1940612792969,27.48631477355957,373.4505920410156,4.535999774932861,171.26596069335938,117.77539825439453
2022-01-06,136.22999572753906,163.25399780273438,33.16749954223633,729.9623413085938,58.685977935791016,52.724205017089844,136.44908142089844,14.932750701904297,50.09245681762695,329.3060302734375,84.0954818725586,301.79022216796875,28.05786895751953,373.1880798339844,4.510000228881836,172.59703063964844,119.0823745727539
2022-01-07,132.0,162.5540008544922,32.369998931884766,723.2474365234375,57.038795471191406,52.67877960205078,135.72547912597656,15.073545455932617,49.56380081176758,328.6423645019531,81.716064453125,301.9441833496094,27.130834579467773,369.1455383300781,4.4079999923706055,167.59091186523438,114.47554779052734
2022-01-10,132.0,161.48599243164062,32.8849983215332,695.5743408203125,57.22396469116211,54.39567565917969,137.36241149902344,14.959152221679688,51.205421447753906,324.9576721191406,80.8311767578125,302.1651916503906,27.28318214416504,369.388427734375,4.418000221252441,167.6519775390625,115.87520599365234
2022-01-11,137.30999755859375,165.36199951171875,33.29499816894531,697.4779052734375,57.305965423583984,54.73178482055664,138.41883850097656,14.99435043334961,51.85464859008789,331.1978759765625,84.78373718261719,302.8479919433594,27.69840431213379,374.9374084472656,4.491000175476074,170.80616760253906,119.7312240600586
2022-01-12,137.47000122070312,165.20700073242188,33.26250076293945,709.9226684570312,57.301361083984375,54.45927429199219,140.0973663330078,15.091141700744629,51.69697189331055,330.09844970703125,83.51537322998047,306.01123046875,27.8796329498291,376.42425537109375,4.484000205993652,172.06011962890625,122.56761932373047
2022-01-13,132.74000549316406,161.21400451660156,32.79999923706055,698.358154296875,55.01573944091797,54.65911865234375,137.28067016601562,15.390324592590332,50.95500183105469,323.38275146484375,77.33087921142578,293.06005859375,26.461702346801758,367.00750732421875,4.5289998054504395,168.04425048828125,129.01904296875
2022-01-14,136.8800048828125,162.13800048828125,32.435001373291016,712.1800537109375,54.94020080566406,54.98614501953125,138.16575622558594,15.451925277709961,51.65987777709961,328.7513122558594,81.60791778564453,298.2520446777344,26.827136993408203,369.2912292480469,4.557000160217285,172.06651306152344,130.38162231445312
2022-01-18,131.92999267578125,158.91749572753906,31.772499084472656,684.1531982421875,53.2285270690918,54.032310485839844,134.71609497070312,15.240735054016113,50.788055419921875,315.13177490234375,76.3673095703125,290.9928283691406,25.79256248474121,360.09808349609375,4.617000102996826,164.3756866455078,124.05069732666016
2022-01-19,128.27000427246094,156.2989959716797,31.327499389648438,668.4561157226562,51.955379486083984,52.65153121948242,133.84288024902344,14.730361938476562,49.730751037597656,316.55810546875,75.60039520263672,291.6466979980469,24.960126876831055,356.1429138183594,4.215000152587891,159.5399627685547,121.43677520751953
2022-01-20,121.88999938964844,151.66749572753906,30.485000610351562,675.7643432617188,50.458351135253906,52.14281463623047,132.0509490966797,14.668768882751465,48.26535415649414,313.5567932128906,72.56224060058594,289.9832763671875,24.047035217285156,351.5171813964844,4.230000019073486,154.5370635986328,118.9526138305664
2022-01-21,118.80999755859375,142.64300537109375,29.657499313354492,664.5438232421875,49.12346649169922,50.48042678833008,129.122802734375,14.202393531799316,48.26535415649414,300.2939147949219,71.33318328857422,284.62786865234375,23.274349212646484,341.7701110839844,4.10099983215332,151.96490478515625,115.4302749633789
2022-01-24,116.52999877929688,144.54400634765625,30.3799991607666,657.551513671875,49.89271545410156,50.34416198730469,129.571044921875,14.167198181152344,48.172603607177734,305.7812805175781,70.88090515136719,284.9547119140625,23.272357940673828,343.3346862792969,4.093999862670898,153.7010498046875,116.75577545166016
2022-01-25,111.12999725341797,139.98599243164062,29.237499237060547,620.3896484375,49.207298278808594,50.36233901977539,125.73851013183594,13.982406616210938,47.30078125,297.3025207519531,65.89591979980469,277.37823486328125,22.22882652282715,335.3757019042969,3.944999933242798,147.9651336669922,113.53008270263672
2022-01-26,110.70999908447266,138.87249755859375,29.487499237060547,624.8758544921875,51.3243293762207,50.2714958190918,128.01486206054688,13.938411712646484,47.94073486328125,291.8348693847656,66.52519989013672,285.2816162109375,22.67491340637207,334.8509216308594,3.9010000228881836,150.2383270263672,114.08622741699219
2022-01-27,102.5999984741211,139.6374969482422,29.479999542236328,607.0840454101562,49.9599609375,50.37141799926758,127.78900146484375,13.912012100219727,44.564754486083984,291.84478759765625,63.80165481567383,288.2911071777344,21.85044288635254,331.4787902832031,3.881999969482422,143.5506134033203,107.87580871582031
2022-01-28,105.23999786376953,143.97799682617188,30.047500610351562,616.9459228515625,51.59885025024414,51.08905792236328,132.0940399169922,14.193594932556152,44.26796340942383,298.8477478027344,65.20767974853516,296.38677978515625,22.74262809753418,341.87701416015625,4.014999866485596,146.30282592773438,109.01593780517578
2022-01-31,114.25,149.57350158691406,31.077499389648438,647.7757568359375,53.97381591796875,51.60686492919922,134.0281219482422,14.369585037231445,45.27891159057617,310.28814697265625,70.20248413085938,299.0019836425781,24.381603240966797,352.8096008300781,4.052000045776367,154.160888671875,113.66910552978516
2022-02-01,116.77999877929688,151.19349670410156,31.075000762939453,651.86962890625,54.603946685791016,53.20565414428711,136.3465576171875,14.791960716247559,45.399478912353516,315.97369384765625,71.20537567138672,296.8675231933594,24.532962799072266,355.2099609375,4.170000076293945,155.44375610351562,114.05842590332031
2022-02-02,122.76000213623047,150.6125030517578,31.40250015258789,656.9107055664062,55.590599060058594,53.959632873535156,146.60498046875,14.985551834106445,45.91885757446289,319.93572998046875,72.83753204345703,301.386474609375,25.13438606262207,358.0961608886719,4.38100004196167,159.3695526123047,115.07804107666016
2022-02-03,120.08000183105469,138.8455047607422,30.55500030517578,617.8643798828125,53.51042938232422,53.77796173095703,141.74122619628906,14.82715892791748,44.778076171875,235.50439453125,67.47892761230469,289.646728515625,23.845897674560547,343.57763671875,3.930999994277954,152.43426513671875,111.08297729492188
2022-02-04,123.5999984741211,157.63949584960938,30.579999923706055,624.4453735351562,54.36811065673828,53.360084533691406,141.9423065185547,14.818358421325684,44.86685562133789,234.8407745361328,69.90750122070312,294.1561279296875,24.215314865112305,347.9118957519531,3.819999933242798,153.30889892578125,112.17676544189453
2022-02-07,123.66999816894531,157.9355010986328,30.542499542236328,621.7860717773438,54.13503646850586,53.5599365234375,137.88890075683594,14.89755630493164,45.025726318359375,222.7763214111328,70.36961364746094,289.3583068847656,24.622575759887695,345.113037109375,3.8010001182556152,153.22206115722656,113.37248992919922
2022-02-08,128.22999572753906,161.4134979248047,30.84000015258789,625.0767211914062,55.29487609863281,54.45927429199219,138.0850067138672,15.047147750854492,45.61448669433594,218.09117126464844,75.21692657470703,292.82928466796875,25.000957489013672,348.9905090332031,3.8499999046325684,157.096435546875,114.67020416259766
2022-02-09,132.85000610351562,161.1894989013672,32.36000061035156,650.8079223632812,56.31930160522461,55.20417404174805,140.2573699951172,15.223137855529785,46.6424674987793,229.79905700683594,76.4361343383789,299.22314453125,26.591142654418945,356.38580322265625,3.865000009536743,162.25038146972656,116.34793090820312
2022-02-10,125.7699966430664,159.0034942626953,31.767499923706055,628.3385009765625,54.47865676879883,55.15874481201172,137.31338500976562,15.267133712768555,45.66120910644531,225.90635681152344,72.6015396118164,290.7332458496094,25.71390151977539,348.32000732421875,3.8570001125335693,157.19284057617188,115.59713745117188
2022-02-11,113.18000030517578,153.2935028076172,30.229999542236328,600.9429321289062,52.82595443725586,54.0595703125,133.0167694091797,15.13514232635498,44.5117301940918,217.4671630859375,66.84968566894531,283.67596435546875,23.846891403198242,337.2705993652344,3.805999994277954,149.19334411621094,112.1675033569336
2022-02-14,114.2699966430664,155.16700744628906,30.704999923706055,600.6271362304688,53.30131530761719,53.232913970947266,134.24851989746094,14.844759941101074,44.46501159667969,215.6347198486328,66.61369323730469,283.6376037597656,24.163545608520508,337.68853759765625,3.806999921798706,149.33480834960938,111.01811218261719
2022-02-15,121.47000122070312,156.510498046875,32.48500061035156,627.8887939453125,55.52980422973633,54.34116744995117,135.32083129882812,15.293534278869629,45.26870346069336,218.90341186523438,72.92601776123047,288.89678955078125,26.382043838500977,346.0848388671875,3.9730000495910645,157.575439453125,115.42100524902344
2022-02-16,117.69000244140625,158.10049438476562,33.11000061035156,635.0152587890625,55.01759719848633,54.768131256103516,136.43968200683594,15.522318840026855,45.07245635986328,214.4857177734375,70.89071655273438,288.55963134765625,26.39797019958496,345.99737548828125,3.9760000705718994,157.6269073486328,114.56825256347656
2022-02-17,112.37000274658203,154.65249633789062,32.307498931884766,622.1687622070312,53.34000778198242,53.83246612548828,131.28970336914062,15.170340538024902,44.455665588378906,205.73948669433594,66.41705322265625,280.1099853515625,24.40251350402832,335.70611572265625,3.884999990463257,151.7076873779297,111.00883483886719
2022-02-18,113.83000183105469,152.60150146484375,31.479999542236328,619.681640625,53.43120574951172,53.50543212890625,129.173828125,15.249533653259277,42.09130096435547,204.20420837402344,66.2105712890625,277.41229248046875,23.54120445251465,331.87725830078125,3.9159998893737793,150.01321411132812,110.59172821044922
2022-02-22,115.6500015258789,150.19749450683594,30.457500457763672,612.4503784179688,53.19812774658203,51.897544860839844,128.5898895263672,14.906356811523438,41.76420974731445,200.1628875732422,65.58128356933594,277.2099304199219,23.290279388427734,328.5438537597656,3.9179999828338623,149.10008239746094,108.36711120605469
2022-02-23,109.76000213623047,144.82699584960938,29.542499542236328,604.28125,52.06776428222656,51.57960510253906,126.3853530883789,14.62476921081543,41.726837158203125,196.5673065185547,63.73283386230469,270.0321044921875,22.291553497314453,320.1282653808594,3.9030001163482666,145.54727172851562,107.43091583251953
2022-02-24,116.61000061035156,151.35800170898438,30.21500015258789,628.3004150390625,53.432132720947266,50.7256965637207,131.4402313232422,14.299188613891602,43.66131591796875,205.6305389404297,66.65301513671875,283.8289794921875,23.646751403808594,330.885986328125,3.9189999103546143,150.87168884277344,103.70465087890625
2022-02-25,121.05999755859375,153.7884979248047,30.875,638.1336669921875,54.1700439453125,46.746849060058594,133.19210815429688,14.096799850463867,44.58649444580078,208.4832305908203,67.59690856933594,286.4495544433594,24.05401039123535,336.0169982910156,4.017000198364258,153.38601684570312,103.1021728515625
2022-02-28,123.33999633789062,153.56300354003906,30.6825008392334,637.5499877929688,54.117530822753906,46.29264831542969,133.78396606445312,14.008806228637695,44.5771484375,209.02798461914062,67.1839599609375,287.8755798339844,24.281036376953125,337.0180358886719,3.928999900817871,152.45358276367188,99.19049835205078
2022-03-01,113.83000183105469,151.14199829101562,29.469999313354492,606.6533813476562,52.521934509277344,45.311553955078125,132.79782104492188,13.56003189086914,43.7547721862793,201.55953979492188,63.86066436767578,284.17584228515625,23.376907348632812,331.8577575683594,3.990000009536743,146.92660522460938,100.1545181274414
2022-03-02,118.27999877929688,152.05250549316406,30.760000228881836,626.8942260742188,53.96460723876953,48.690860748291016,133.30303955078125,14.950355529785156,45.67055892944336,206.13568115234375,66.53504180908203,289.22442626953125,24.120847702026367,337.42620849609375,4.2170000076293945,151.59835815429688,101.60051727294922
2022-03-03,111.9800033569336,147.89849853515625,30.084999084472656,603.3822021484375,53.30315399169922,47.773353576660156,132.6373748779297,14.739161491394043,44.79208755493164,201.0444793701172,64.10645294189453,285.1104431152344,23.616924285888672,332.6061096191406,4.210999965667725,148.41847229003906,100.84044647216797
2022-03-04,108.41000366210938,145.64100646972656,29.637500762939453,568.49658203125,54.90520095825195,47.2010612487793,130.6631317138672,14.448781967163086,44.92293167114258,198.16207885742188,62.34647750854492,279.2716979980469,22.842105865478516,327.7859191894531,4.1570000648498535,144.47979736328125,97.38299560546875
2022-03-07,102.94999694824219,137.4530029296875,28.612499237060547,549.3849487304688,52.57536697387695,44.811946868896484,125.18726348876953,13.876814842224121,44.55846405029297,185.69151306152344,60.14405059814453,268.7217712402344,21.264591217041016,315.6968078613281,4.044000148773193,137.23268127441406,92.03462982177734
2022-03-08,105.52999877929688,136.01449584960938,28.649999618530273,548.141357421875,53.059024810791016,45.63859176635742,125.90641784667969,14.15839672088623,44.390254974365234,188.4847412109375,63.42804718017578,265.7734680175781,21.425926208496094,314.22943115234375,4.047999858856201,139.86273193359375,92.69276428222656
2022-03-09,111.05000305175781,139.2790069580078,30.15250015258789,594.3427124023438,55.000083923339844,47.21922302246094,132.16236877441406,14.404784202575684,44.5117301940918,196.6168670654297,65.4338150024414,277.9613952636719,22.91978645324707,325.54107666015625,4.159999847412109,145.72410583496094,97.28105163574219
2022-03-10,106.45999908447266,146.8175048828125,30.227500915527344,573.9968872070312,54.14424133300781,47.21015548706055,131.1812286376953,14.50229263305664,43.60523986816406,193.35809326171875,64.15563201904297,275.1577453613281,22.565244674682617,321.9260559082031,4.118000030517578,142.73394775390625,96.36338806152344
2022-03-11,104.29000091552734,145.52450561523438,29.977500915527344,560.394775390625,53.23406219482422,47.246482849121094,128.64634704589844,14.6707181930542,42.8295783996582,185.83018493652344,62.0318489074707,269.83935546875,22.00952911376953,315.2498474121094,4.158999919891357,139.66981506347656,93.99972534179688
2022-03-14,102.25,141.85299682617188,28.81999969482422,552.4554443359375,52.30821228027344,46.09279251098633,124.7637710571289,14.466833114624023,41.49319839477539,184.8594970703125,59.239479064941406,266.34197998046875,21.24268341064453,309.195556640625,4.052000045776367,135.14920043945312,92.04390716552734
2022-03-15,109.33000183105469,147.3665008544922,30.290000915527344,570.7733154296875,54.607627868652344,47.31007385253906,127.98015594482422,14.65299129486084,41.87635803222656,190.208251953125,64.67672729492188,276.6607971191406,22.87895393371582,318.89410400390625,4.182000160217285,141.3610382080078,94.63004302978516
2022-03-16,115.37000274658203,153.10400390625,31.047500610351562,622.3600463867188,55.930538177490234,47.21015548706055,132.02420043945312,14.856870651245117,43.57719421386719,201.69821166992188,67.75424194335938,283.6363830566406,24.395723342895508,330.7208251953125,4.275000095367432,148.6403350830078,98.4394302368164
2022-03-17,111.69000244140625,157.23899841308594,31.5,625.6792602539062,55.52059555053711,45.88386154174805,132.5774383544922,14.821416854858398,44.05381393432617,205.86827087402344,68.245849609375,284.43597412109375,24.66461753845215,334.724609375,4.193999767303467,149.5566864013672,99.1845474243164
2022-03-18,113.45999908447266,161.25050354003906,32.8125,650.3197631835938,56.23362731933594,47.082969665527344,134.8423614501953,15.10507869720459,44.34352111816406,214.43617248535156,70.13362884521484,289.4556579589844,26.344707489013672,341.5756530761719,4.289000034332275,152.47605895996094,99.39878845214844
2022-03-21,115.91999816894531,161.4915008544922,32.98749923706055,653.2374267578125,55.76804733276367,47.5280876159668,134.818603515625,15.113941192626953,44.287445068359375,209.48361206054688,69.52404022216797,288.2320556640625,26.62455940246582,340.6260986328125,4.298999786376953,152.17388916015625,99.58505249023438
2022-03-22,114.77999877929688,164.88900756835938,34.005001068115234,658.8141479492188,56.70014190673828,48.1367301940918,138.5496063232422,15.18486213684082,45.22198486328125,214.59466552734375,70.18281555175781,292.95306396484375,26.415422439575195,347.3203125,4.295000076293945,153.0162811279297,99.69683837890625
2022-03-23,113.91999816894531,163.4080047607422,33.287498474121094,636.4500732421875,55.590877532958984,47.782440185546875,136.97210693359375,15.043025016784668,45.10983657836914,211.4349365234375,67.78372955322266,288.5499572753906,25.52906608581543,342.32879638671875,4.234000205993652,149.1612091064453,98.12277221679688
2022-03-24,120.52999877929688,163.64950561523438,34.91749954223633,660.5359497070312,58.09971237182617,48.609100341796875,140.23753356933594,15.113941192626953,48.24051284790039,217.48695373535156,72.52288818359375,292.9915466308594,28.034765243530273,349.9376525878906,4.250999927520752,156.69100952148438,100.51646423339844
2022-03-25,119.66999816894531,164.77349853515625,34.599998474121094,657.4942016601562,58.32600402832031,49.7718620300293,140.3376007080078,15.54830265045166,48.436767578125,219.7156219482422,73.12266540527344,292.58697509765625,27.578638076782227,349.6458740234375,4.198999881744385,156.3366241455078,99.4081039428711
2022-03-28,120.23999786376953,168.99049377441406,34.84749984741211,664.6394653320312,58.69792938232422,49.32674789428711,140.1221466064453,15.406466484069824,48.13771438598633,221.46884155273438,73.06366729736328,299.35052490234375,28.10348129272461,355.0556335449219,4.185999870300293,157.5510711669922,99.0355224609375
2022-03-29,123.2300033569336,169.31500244140625,35.20000076293945,678.3277587890625,59.49462890625,49.98988342285156,141.16224670410156,15.566031455993652,48.82927322387695,227.6793670654297,74.88262939453125,303.888427734375,28.5386905670166,361.166015625,4.248000144958496,161.1621856689453,101.75521850585938
2022-03-30,119.22000122070312,166.30099487304688,34.54750061035156,654.8157348632812,58.53190231323242,49.34490966796875,140.60060119628906,15.317826271057129,48.06295394897461,225.6884307861328,71.78547668457031,302.3950500488281,27.576642990112305,357.1766662597656,3.9579999446868896,156.00811767578125,99.4081039428711
2022-03-31,109.33999633789062,162.99749755859375,34.744998931884766,638.9083251953125,58.40113067626953,45.59317398071289,137.7566680908203,14.812551498413086,46.31538391113281,220.25051879882812,70.50726318359375,297.04779052734375,27.17430305480957,352.7496032714844,3.806999921798706,152.45819091796875,97.10755920410156
2022-04-01,108.19000244140625,163.55999755859375,34.869998931884766,638.717041015625,58.15071487426758,44.330474853515625,138.82943725585938,14.440242767333984,44.96031188964844,222.7169189453125,69.87800598144531,298.11724853515625,26.602645874023438,352.0782165527344,3.7920000553131104,149.50428771972656,95.73838806152344
2022-04-04,110.52999877929688,168.34649658203125,35.6875,651.248046875,58.880638122558594,44.85736083984375,141.6238555908203,14.466833114624023,45.978946685791016,231.671142578125,71.73631286621094,303.464599609375,27.247997283935547,359.32708740234375,3.7739999294281006,151.93312072753906,97.6011962890625
2022-04-05,106.81999969482422,164.05499267578125,35.26750183105469,618.3713989257812,56.957977294921875,44.20329666137695,139.2657928466797,14.00588321685791,44.979007720947266,229.64056396484375,67.1642837524414,299.5238952636719,25.824846267700195,351.34857177734375,3.640000104904175,144.939697265625,95.4682846069336
2022-04-06,103.66999816894531,158.75599670410156,33.002498626708984,601.2012329101562,55.83389663696289,42.804344177246094,135.26089477539062,13.802000045776367,44.42763137817383,221.18157958984375,65.38463592529297,288.55963134765625,24.307083129882812,343.72015380859375,3.5350000858306885,141.3350372314453,94.23883819580078
2022-04-07,103.72000122070312,157.7845001220703,33.20500183105469,598.130615234375,55.931270599365234,43.3221435546875,134.60760498046875,14.183172225952148,44.446319580078125,220.8349151611328,64.61705780029297,290.3613586425781,24.108896255493164,344.53759765625,3.5399999618530273,141.644287109375,93.6241226196289
2022-04-08,101.0,154.4604949951172,32.75749969482422,584.385009765625,54.44266891479492,43.049617767333984,132.03114318847656,14.27181625366211,43.941673278808594,220.22080993652344,62.146915435791016,286.1220397949219,23.024356842041016,339.72125244140625,3.5309998989105225,138.12982177734375,92.4784927368164
2022-04-11,97.37000274658203,151.1219940185547,31.790000915527344,571.7682495117188,53.85002136230469,42.649925231933594,127.60920715332031,14.01474666595459,43.5211296081543,214.406494140625,59.76534652709961,274.8398132324219,21.8272762298584,331.6843566894531,3.5190000534057617,135.2918701171875,90.8764877319336
2022-04-12,95.0999984741211,150.78750610351562,31.854999542236328,568.1905517578125,54.263671875,42.78618240356445,126.51065826416016,13.660168647766113,43.455718994140625,212.10850524902344,59.17489242553711,271.7566833496094,21.41596794128418,330.2831726074219,3.4830000400543213,134.87954711914062,90.75541687011719
2022-04-13,97.73999786376953,155.54100036621094,32.842498779296875,586.1354370117188,54.95649719238281,42.97694778442383,128.66961669921875,13.722219467163086,43.93232345581055,212.95042419433594,62.294532775878906,277.1136169433594,22.112110137939453,336.996826171875,3.559999942779541,137.7819061279297,94.5368881225586
2022-04-14,93.05999755859375,151.7064971923828,31.645000457763672,571.8924560546875,53.22304916381836,42.64082717895508,125.53545379638672,13.633573532104492,42.6800537109375,208.18606567382812,60.00154113769531,269.6081237792969,21.17097282409668,329.2906494140625,3.6519999504089355,133.9711151123047,91.6123046875
2022-04-18,93.88999938964844,152.78500366210938,31.549999237060547,579.2674560546875,54.39631271362305,43.09503936767578,126.47303009033203,13.926102638244629,43.5865478515625,208.77047729492188,60.74946594238281,270.2729187011719,21.693828582763672,329.54364013671875,3.6610000133514404,136.29046630859375,91.9941635131836
2022-04-19,96.93000030517578,158.11549377441406,32.209999084472656,590.3348999023438,55.427650451660156,43.9000358581543,128.7835235595703,14.280681610107422,44.79208755493164,215.24838256835938,62.7570686340332,274.8782958984375,22.107128143310547,336.9092102050781,4.465000152587891,139.2765655517578,92.62752532958984
2022-04-20,94.0199966430664,153.9980010986328,31.790000915527344,606.3666381835938,55.43692398071289,44.8239631652832,126.83308410644531,14.644124984741211,44.96031188964844,198.5186767578125,61.94024658203125,275.89959716796875,21.394054412841797,331.9955749511719,4.505000114440918,138.9673614501953,92.21770477294922
2022-04-21,89.8499984741211,148.29600524902344,30.047500610351562,593.0419921875,54.974124908447266,44.10129165649414,123.63800811767578,14.466833114624023,44.390254974365234,186.28579711914062,58.997745513916016,270.5522766113281,20.100374221801758,325.12628173828125,4.271999835968018,135.25961303710938,90.96034240722656
2022-04-22,88.13999938964844,144.35000610351562,29.424999237060547,581.2092895507812,54.43803787231445,42.87548828125,118.50780487060547,13.961559295654297,43.49309539794922,182.36338806152344,57.5117301940918,264.02001953125,19.435110092163086,316.6125793457031,4.236000061035156,132.2509307861328,89.11616516113281
2022-04-25,90.69000244140625,146.07400512695312,29.735000610351562,573.7577514648438,54.52428436279297,43.24141311645508,121.91389465332031,13.819726943969727,43.97905349731445,185.216064453125,59.72598648071289,270.4656066894531,19.82052993774414,320.6796875,4.2779998779296875,134.4864959716797,89.63773345947266
2022-04-26,85.16000366210938,139.39100646972656,28.809999465942383,536.0791625976562,51.94499969482422,42.546180725097656,117.53160858154297,13.536062240600586,42.539878845214844,179.23336791992188,57.029518127441406,260.34918212890625,18.711090087890625,308.5755920410156,4.125,128.52386474609375,86.4057846069336
2022-04-27,84.91000366210938,138.16700744628906,28.795000076293945,532.6835327148438,51.895835876464844,42.58277130126953,113.21715545654297,13.633573532104492,42.259521484375,173.29025268554688,55.81904602050781,272.874267578125,18.33961296081543,308.2059020996094,4.164000034332275,127.82164764404297,84.06798553466797
2022-04-28,89.63999938964844,144.59649658203125,30.227500915527344,564.881103515625,53.69513702392578,44.01897048950195,117.40531921386719,13.917236328125,43.77345657348633,203.7782745361328,60.090110778808594,279.0502014160156,19.701017379760742,319.1521301269531,4.297999858856201,134.86663818359375,88.68770599365234
2022-04-29,85.5199966430664,124.28150177001953,28.892499923706055,539.2742309570312,51.41818618774414,43.00355529785156,113.03388977050781,13.660168647766113,40.736228942871094,198.56817626953125,57.157440185546875,267.38250732421875,18.4710750579834,304.7906494140625,4.210000038146973,129.10369873046875,86.55479431152344
2022-05-02,89.83999633789062,124.5,29.565000534057617,546.2760620117188,53.45492172241211,43.45180130004883,115.48408508300781,13.633573532104492,42.01653289794922,209.12704467773438,59.115840911865234,274.0785827636719,19.453041076660156,309.87939453125,4.239999771118164,133.41380310058594,87.32786560058594
2022-05-03,91.12999725341797,124.25350189208984,28.50749969482422,549.635498046875,53.90195846557617,43.771968841552734,116.2280044555664,13.731083869934082,42.109989166259766,210.01849365234375,59.450435638427734,271.4869079589844,19.521757125854492,310.21026611328125,4.322999954223633,134.51870727539062,87.20677947998047
2022-05-04,99.41999816894531,125.92849731445312,29.447500228881836,570.78564453125,55.98784255981445,44.65016174316406,121.10855865478516,14.26294994354248,43.49309539794922,221.29055786132812,61.910728454589844,279.3874206542969,20.250757217407227,320.69921875,5.671999931335449,139.73724365234375,89.4048843383789
2022-05-05,93.87000274658203,116.40699768066406,27.7450008392334,543.3656005859375,53.792518615722656,43.23225021362305,115.4073257446289,14.138849258422852,42.00957107543945,206.3040771484375,57.364112854003906,267.2187194824219,18.766857147216797,304.5473937988281,5.303999900817871,132.9692840576172,85.82832336425781
2022-05-06,95.33999633789062,114.77249908447266,27.7450008392334,530.6812133789062,53.80270767211914,41.695430755615234,114.65547943115234,13.908371925354004,41.72699737548828,201.83688354492188,56.832679748535156,264.6944885253906,18.59855079650879,300.89874267578125,5.120999813079834,131.78384399414062,85.34398651123047
2022-05-09,86.36000061035156,108.78900146484375,25.6200008392334,493.7550354003906,52.20931625366211,41.33866500854492,111.4504623413086,14.041340827941895,40.56843948364258,194.34860229492188,52.87654113769531,254.91522216796875,16.880613327026367,289.1255187988281,4.916999816894531,125.07386779785156,81.31105041503906
2022-05-10,88.7300033569336,108.85900115966797,26.27750015258789,504.07012939453125,53.92237091064453,41.622257232666016,113.31670379638672,14.378190994262695,41.4538459777832,195.77491760253906,54.25430679321289,259.6554870605469,17.52297019958496,292.63800048828125,5.107999801635742,127.91828918457031,82.72676849365234
2022-05-11,87.91999816894531,105.37200164794922,25.727500915527344,502.0763854980469,52.59792709350586,40.62514114379883,112.53167724609375,13.810863494873047,40.34238052368164,186.949462890625,51.7054443359375,251.03237915039062,16.56192398071289,283.9588317871094,4.934999942779541,124.1396484375,81.8046646118164
2022-05-12,87.05999755859375,106.93049621582031,25.417499542236328,503.0972900390625,53.01158905029297,40.01225280761719,111.78031921386719,13.846321105957031,40.3517951965332,189.42575073242188,51.557830810546875,246.02239990234375,16.108783721923828,283.2874450683594,5.113999843597412,124.89344787597656,81.67427825927734
2022-05-13,95.12000274658203,113.05500030517578,27.162500381469727,528.1000366210938,54.55767822265625,41.247196197509766,114.95661163330078,14.138849258422852,41.067649841308594,196.73573303222656,56.65554428100586,251.5816650390625,17.633520126342773,293.78607177734375,5.235000133514404,131.26841735839844,84.71995544433594
2022-05-16,94.23999786376953,110.81050109863281,26.25,515.2230834960938,54.041072845458984,41.19231033325195,113.3662338256836,14.156578063964844,40.577857971191406,198.1422576904297,54.352718353271484,251.94776916503906,17.193330764770508,290.38067626953125,5.258999824523926,129.2711944580078,84.20770263671875
2022-05-17,102.47000122070312,115.36849975585938,26.842500686645508,540.919189453125,56.40428161621094,42.637664794921875,115.3751220703125,14.848007202148438,41.82118606567383,200.69778442382812,57.35426712036133,257.0733642578125,18.102588653564453,297.9018859863281,5.4079999923706055,135.54954528808594,86.91805267333984
2022-05-18,96.27999877929688,107.11250305175781,25.642499923706055,508.8182373046875,52.91883850097656,39.618896484375,110.84474182128906,13.970425605773926,39.890254974365234,190.41627502441406,54.13621139526367,245.36891174316406,16.868656158447266,283.2777404785156,5.236999988555908,128.71714782714844,84.31945037841797
2022-05-19,96.66999816894531,107.31900024414062,25.274999618530273,506.6031188964844,50.65951919555664,37.59724044799805,109.3435287475586,13.332180976867676,39.57000732421875,189.4752655029297,53.41780471801758,244.46115112304688,17.053897857666016,281.7598876953125,5.039000034332275,127.93759155273438,84.02141571044922
2022-05-20,93.5,107.59100341796875,25.65999984741211,513.1907958984375,50.37941360473633,36.6367301940918,107.88142395019531,12.552108764648438,39.230918884277344,191.70394897460938,53.21113204956055,243.9010467529297,16.625659942626953,280.8841552734375,4.97599983215332,127.86992645263672,84.55230712890625
2022-05-23,95.06999969482422,107.55699920654297,25.575000762939453,534.1580810546875,48.8184814453125,37.7070198059082,110.4371109008789,12.862364768981934,39.560585021972656,194.36839294433594,53.98859405517578,251.7136688232422,16.828826904296875,285.5545959472656,4.933000087738037,128.42079162597656,85.22291564941406
2022-05-24,91.16000366210938,104.0999984741211,24.922500610351562,526.2796630859375,48.61813735961914,37.395999908447266,104.97113037109375,12.906686782836914,39.249755859375,179.56019592285156,51.56766891479492,250.718994140625,16.087865829467773,279.4831237792969,4.744999885559082,125.29286193847656,82.63362884521484
2022-05-25,92.6500015258789,106.7750015258789,25.237499237060547,527.8688354492188,49.307254791259766,39.609745025634766,104.80768585205078,13.21694278717041,39.748966217041016,182.08602905273438,53.10288619995117,253.51956176757812,16.90550994873047,283.3945617675781,4.876999855041504,127.54782104492188,84.20770263671875
2022-05-26,98.75,111.07749938964844,25.927499771118164,539.416748046875,51.07223892211914,40.186058044433594,106.77645111083984,13.376504898071289,40.954620361328125,189.81202697753906,56.08476257324219,256.78363037109375,17.777923583984375,291.2465515136719,4.926000118255615,132.5311737060547,84.75720977783203
2022-05-27,102.26000213623047,115.14649963378906,26.467500686645508,561.8671875,54.09765625,45.35454177856445,111.25779724121094,13.997017860412598,41.96247482299805,193.27883911132812,59.85392379760742,263.87200927734375,18.73399543762207,300.75274658203125,4.947000026702881,137.98162841796875,87.33719635009766
2022-05-31,101.86000061035156,120.20950317382812,25.56999969482422,555.0386352539062,53.80550765991211,45.683841705322266,112.68968200683594,13.828593254089355,41.840030670166016,191.802978515625,58.210445404052734,262.54901123046875,18.59556007385254,299.95489501953125,5.00600004196167,137.2729034423828,88.76222229003906
2022-06-01,101.22000122070312,121.68399810791016,25.417499542236328,542.8744506835938,53.201725006103516,46.35164260864258,112.81844329833984,13.988152503967285,41.54803466796875,186.8504180908203,57.118080139160156,263.0801086425781,18.24500274658203,297.7364501953125,5.170000076293945,135.09535217285156,88.24994659423828
2022-06-02,108.58999633789062,125.51100158691406,26.53499984741211,559.1318969726562,53.491085052490234,46.90965270996094,116.51377868652344,13.261265754699707,42.23563766479492,196.9734344482422,60.4542350769043,265.1660461425781,19.511791229248047,305.89019775390625,5.548999786376953,139.80165100097656,89.73088836669922
2022-06-03,106.30000305175781,122.3499984741211,25.792499542236328,542.8648681640625,52.246421813964844,46.671817779541016,113.46133422851562,13.367637634277344,40.86985397338867,188.9700927734375,58.02346420288086,260.7624206542969,18.643367767333984,297.9310607910156,5.480999946594238,135.6204071044922,87.33719635009766
2022-06-06,105.6500015258789,124.79000091552734,25.877500534057617,550.608154296875,52.05258560180664,45.77533721923828,115.71935272216797,13.491743087768555,40.822750091552734,192.40719604492188,58.79108428955078,259.53594970703125,18.709096908569336,298.9234313964844,5.499000072479248,135.85556030273438,86.72245788574219
2022-06-07,105.27999877929688,123.0,26.075000762939453,555.7319946289062,53.143287658691406,46.79074478149414,116.04524230957031,13.598116874694824,41.00171661376953,193.79388427734375,60.05073928833008,263.1574401855469,18.848529815673828,301.50189208984375,5.61899995803833,136.941162109375,87.40237426757812
2022-06-08,101.9000015258789,121.18000030517578,25.762500762939453,546.5148315429688,52.43562316894531,46.04062271118164,116.0893325805664,13.27012825012207,38.83530807495117,194.77450561523438,58.40727996826172,261.1390380859375,18.57558822631836,299.3321838378906,5.427000045776367,134.02581787109375,87.0577392578125
2022-06-09,98.80000305175781,116.1500015258789,24.602500915527344,522.4078979492188,51.58790969848633,46.05891418457031,113.75305938720703,13.013060569763184,37.68616485595703,182.25442504882812,55.58285140991211,255.71173095703125,17.977916717529297,291.3146057128906,5.019000053405762,130.22154235839844,84.61749267578125
2022-06-10,94.81999969482422,109.6500015258789,23.739999771118164,502.2978515625,50.201332092285156,44.9703254699707,110.11369323730469,12.718121528625488,36.90437698364258,173.9044189453125,52.227027893066406,244.3162841796875,16.9080867767334,281.0398254394531,4.875,125.59521484375,82.59635925292969
2022-06-13,86.98999786376953,103.66999816894531,23.022499084472656,475.37860107421875,48.00786209106445,43.223106384277344,105.38965606689453,12.244427680969238,35.576271057128906,162.70167541503906,48.034698486328125,233.95413208007812,15.5862398147583,267.9726257324219,4.688000202178955,118.34919738769531,79.68109130859375
2022-06-14,86.98999786376953,102.30999755859375,22.982500076293945,473.0574951171875,48.24436950683594,43.31459045410156,105.7095947265625,12.21761703491211,35.72697448730469,162.1767120361328,47.74930191040039,236.10769653320312,15.774506568908691,268.4590148925781,4.642000198364258,119.00733947753906,81.20858001708984
2022-06-15,89.30000305175781,107.66999816894531,23.217500686645508,486.6953430175781,48.8509407043457,43.82685089111328,108.72985076904297,12.575119972229004,36.40515899658203,167.74342346191406,48.418495178222656,243.12843322753906,16.46282196044922,275.1629943847656,4.7210001945495605,121.052734375,83.0155029296875
2022-06-16,82.05000305175781,103.66000366210938,22.604999542236328,450.8863525390625,46.11211395263672,41.97901916503906,105.0340347290039,11.931617736816406,35.171241760253906,159.34385681152344,44.3245735168457,236.57122802734375,15.54041862487793,264.0611572265625,4.290999889373779,113.75833892822266,79.13639831542969
2022-06-17,81.56999969482422,106.22000122070312,22.735000610351562,455.89471435546875,46.24845504760742,43.53413391113281,106.13355255126953,11.994179725646973,34.82273864746094,162.18661499023438,45.30868911743164,239.15936279296875,15.818334579467773,267.27197265625,4.311999797821045,114.21971130371094,79.58580780029297
2022-06-21,83.79000091552734,108.68000030517578,23.457500457763672,476.1202087402344,47.11067199707031,45.034358978271484,110.49258422851562,12.423178672790527,35.53858947753906,155.56008911132812,46.28297424316406,245.0405731201172,16.50166893005371,274.0151062011719,4.502999782562256,117.21038818359375,81.41161346435547
2022-06-22,83.75,108.94999694824219,23.260000228881836,467.5965576171875,46.39339828491211,44.46720504760742,110.4366226196289,12.27124309539795,35.208919525146484,154.3715057373047,45.653133392333984,244.45147705078125,16.296472549438477,273.615478515625,4.3379998207092285,115.9876480102539,79.50154876708984
2022-06-23,82.43000030517578,112.44000244140625,23.84000015258789,467.5965576171875,46.438289642333984,44.860557556152344,111.18400573730469,12.172929763793945,35.237178802490234,157.24398803710938,45.52518844604492,249.98504638671875,16.16199493408203,277.6903381347656,4.164999961853027,115.20044708251953,78.76187896728516
2022-06-24,87.08000183105469,116.45999908447266,24.954999923706055,496.25921630859375,47.608177185058594,45.967437744140625,116.86296081542969,12.566183090209961,36.36748123168945,168.5457305908203,47.45406723022461,258.52203369140625,17.05949592590332,287.2051086425781,4.269999980926514,120.30427551269531,80.44721221923828
2022-06-27,86.16000366210938,113.22000122070312,24.717500686645508,489.3054504394531,47.292091369628906,45.95828628540039,114.74165344238281,12.628745079040527,36.386322021484375,167.88209533691406,46.893123626708984,255.8083038330078,16.803491592407227,285.0993347167969,4.328000068664551,119.9751968383789,80.39103698730469
2022-06-28,80.77999877929688,107.4000015258789,23.815000534057617,472.32550048828125,46.61316680908203,44.769081115722656,110.95171356201172,12.289116859436035,35.5856819152832,159.1556396484375,44.60013198852539,247.68663024902344,15.919939994812012,276.4133605957031,4.179999828338623,117.04905700683594,78.96785736083984
2022-06-29,77.98999786376953,108.91999816894531,23.732500076293945,466.74908447265625,45.861297607421875,43.35118103027344,110.64860534667969,11.9405517578125,35.12415313720703,162.38470458984375,43.616004943847656,251.3370819091797,15.481648445129395,276.666748046875,4.111999988555908,114.28744506835938,78.32179260253906
2022-06-30,76.47000122070312,106.20999908447266,23.434999465942383,458.3313293457031,45.43112564086914,42.27173614501953,107.9359130859375,11.851178169250488,35.237178802490234,159.7202606201172,42.83855438232422,248.02464294433594,15.100133895874023,273.23529052734375,4.034999847412109,112.79049682617188,76.54281616210938
2022-07-01,73.66999816894531,109.55999755859375,23.352500915527344,433.2419128417969,44.68579864501953,39.09748077392578,107.71255493164062,11.583052635192871,34.22932052612305,158.5118408203125,41.874122619628906,250.6803741455078,14.466604232788086,275.0387878417969,3.9130001068115234,108.79971313476562,72.09538269042969
2022-07-05,75.19999694824219,113.5,24.037500381469727,416.4546813964844,44.54178237915039,39.46338653564453,112.19537353515625,11.466864585876465,34.558998107910156,166.5944366455078,42.29729461669922,253.8382568359375,14.905891418457031,279.7474060058594,3.8989999294281006,109.65788269042969,71.26207733154297
2022-07-06,75.3499984741211,114.33000183105469,24.657499313354492,413.06451416015625,45.13187026977539,38.6035041809082,113.49205017089844,11.413240432739258,34.841575622558594,168.159423828125,43.12394332885742,257.0829772949219,15.071247100830078,281.54107666015625,3.9100000858306885,110.19343566894531,70.74710083007812
2022-07-07,79.30000305175781,116.33000183105469,25.49250030517578,435.23565673828125,46.621585845947266,39.280426025390625,117.6633529663086,11.654552459716797,35.92478561401367,170.55648803710938,45.92267608642578,259.1979675292969,15.796420097351074,287.56573486328125,4.038000106811523,115.12623596191406,75.51290130615234
2022-07-08,79.3499984741211,115.54000091552734,25.75,436.2469482421875,46.63560485839844,39.26212692260742,118.22846984863281,11.788616180419922,35.78349685668945,169.25888061523438,46.307003021240234,258.4833068847656,15.776496887207031,287.9264831542969,4.046000003814697,115.67471313476562,76.31813049316406
2022-07-11,76.94999694824219,111.75,25.424999237060547,422.8691101074219,45.155242919921875,38.85963439941406,114.58612060546875,11.672429084777832,35.03937530517578,161.33477783203125,44.543025970458984,255.44125366210938,15.093161582946777,281.7750549316406,4.035999774932861,113.00987243652344,74.07097625732422
2022-07-12,76.36000061035156,109.22000122070312,24.565000534057617,418.4676513671875,45.01591110229492,39.38105392456055,112.94573211669922,11.726053237915039,35.048797607421875,161.7211151123047,44.86822509765625,244.9729766845703,15.023432731628418,279.04541015625,4.067999839782715,113.32603454589844,74.06160736083984
2022-07-13,77.5199966430664,110.4000015258789,24.575000762939453,430.5259704589844,45.04956817626953,39.46338653564453,110.30387878417969,11.618802070617676,35.048797607421875,161.93899536132812,45.469364166259766,244.0555419921875,15.105113983154297,278.4702453613281,4.110000133514404,113.96483612060547,76.11213684082031
2022-07-14,78.5999984741211,110.62999725341797,24.774999618530273,440.0513000488281,45.32170867919922,39.06088638305664,109.32717895507812,11.627742767333984,35.519752502441406,156.5506134033203,46.42526626586914,245.36891174316406,15.312307357788086,279.46466064453125,4.105000019073486,116.3812484741211,78.34051513671875
2022-07-15,81.11000061035156,113.55000305175781,25.417499542236328,458.0905456542969,46.24003219604492,39.7561149597168,110.72386932373047,11.860116004943848,36.37690353393555,163.1375274658203,47.51912307739258,247.91842651367188,15.70079517364502,284.5339050292969,4.216000080108643,119.15896606445312,80.17567443847656
2022-07-18,81.43000030517578,113.76000213623047,25.145000457763672,456.01983642578125,45.92208480834961,39.24383544921875,108.00228881835938,11.76180362701416,36.46167755126953,165.64353942871094,47.91331481933594,245.5330810546875,16.03847885131836,282.12603759765625,4.25,118.77828979492188,78.25628662109375
2022-07-19,85.87999725341797,118.20999908447266,26.1875,479.9823913574219,47.59976577758789,40.598976135253906,112.73721313476562,12.315929412841797,37.883975982666016,174.11239624023438,51.32303237915039,250.63204956054688,16.926021575927734,290.80230712890625,4.375999927520752,124.01437377929688,80.66255950927734
2022-07-20,89.43000030517578,122.7699966430664,26.22249984741211,495.45013427734375,47.85879898071289,40.71882629394531,112.82638549804688,12.432116508483887,38.2042236328125,181.35305786132812,52.89977264404297,253.27810668945312,17.737852096557617,295.4134521484375,4.557000160217285,127.17601776123047,81.04644775390625
2022-07-21,91.08999633789062,124.62999725341797,26.487499237060547,522.2732543945312,48.41148376464844,41.16132736206055,113.26221466064453,12.566183090209961,38.251319885253906,181.4322967529297,53.776824951171875,255.75999450683594,17.97990608215332,299.654052734375,5.163000106811523,129.25372314453125,82.1980972290039
2022-07-22,88.0999984741211,122.41999816894531,25.594999313354492,514.5585327148438,47.92893981933594,39.953678131103516,106.88292694091797,12.306992530822754,36.9232177734375,167.66416931152344,51.263893127441406,251.43362426757812,17.25174903869629,294.3995361328125,5.072000026702881,126.06945037841797,80.82171630859375
2022-07-25,87.54000091552734,121.13999938964844,25.864999771118164,519.0949096679688,47.98411560058594,40.423828125,106.49662780761719,12.40530776977539,36.885536193847656,165.0690155029297,49.97294235229492,249.9560546875,16.9578914642334,292.72283935546875,5.248000144958496,125.27259826660156,80.80301666259766
2022-07-26,85.25,114.80999755859375,25.834999084472656,504.84051513671875,47.79521179199219,40.03663635253906,104.03009033203125,12.315929412841797,36.69715881347656,157.64016723632812,48.76081848144531,243.26365661621094,16.468795776367188,286.97113037109375,5.170000076293945,123.18523406982422,79.04277038574219
2022-07-27,89.81999969482422,120.97000122070312,27.274999618530273,526.0390014648438,49.356937408447266,40.82945251464844,111.99430084228516,12.503618240356445,37.846290588378906,167.9712371826172,52.21980285644531,259.5263366699219,17.720916748046875,299.0984191894531,5.138000011444092,128.8214111328125,82.04830932617188
2022-07-28,91.66999816894531,122.27999877929688,28.832500457763672,540.033203125,49.90119552612305,41.02304458618164,113.14336395263672,12.584056854248047,37.40359115600586,159.19528198242188,52.98845291137695,266.933349609375,17.91416358947754,302.02301025390625,5.313000202178955,130.40867614746094,82.96587371826172
2022-07-29,94.47000122070312,134.9499969482422,29.157499313354492,553.2568359375,50.07606887817383,41.53929138183594,115.22357177734375,12.727058410644531,34.201072692871094,157.59063720703125,54.870704650878906,271.1148986816406,18.092470169067383,307.53106689453125,5.401000022888184,131.41204833984375,82.84415435791016
2022-08-01,96.77999877929688,135.38999938964844,29.40250015258789,556.830078125,50.1593017578125,41.871158599853516,113.77732849121094,12.887934684753418,34.81331253051758,158.41278076171875,54.525779724121094,268.4784851074219,18.3693904876709,307.34576416015625,5.52400016784668,131.91854858398438,80.81238555908203
2022-08-02,99.29000091552734,134.16000366210938,29.28499984741211,544.74267578125,49.676761627197266,40.80179214477539,114.04478454589844,12.664493560791016,33.918495178222656,158.6702880859375,54.900272369384766,265.3978576660156,18.45405387878418,306.4294738769531,5.616000175476074,131.66685485839844,80.56892395019531
2022-08-03,98.08999633789062,139.52000427246094,30.424999237060547,562.329345703125,51.129058837890625,40.97694778442383,116.96697998046875,12.75386905670166,34.39887237548828,167.19862365722656,57.373783111572266,272.7854919433594,18.81963348388672,314.7742919921875,5.724999904632568,135.32540893554688,80.99964141845703
2022-08-04,103.91000366210938,142.57000732421875,30.764999389648438,568.1181640625,51.69577407836914,40.746482849121094,117.075927734375,12.771746635437012,33.927913665771484,168.95184326171875,56.51642608642578,273.9251708984375,19.140380859375,316.2463073730469,5.913000106811523,136.3029022216797,82.78797912597656
2022-08-05,102.30999755859375,140.8000030517578,31.670000076293945,557.3535766601562,51.5685920715332,41.861942291259766,116.36273193359375,12.834307670593262,33.6710319519043,165.524658203125,56.11238479614258,273.2104797363281,18.91526222229004,313.6629333496094,5.908999919891357,135.24154663085938,84.05199432373047
2022-08-08,100.06999969482422,139.41000366210938,31.177499771118164,552.9513549804688,51.01591491699219,41.89881134033203,116.1943359375,12.870059967041016,33.66151809692383,168.63485717773438,54.782012939453125,270.7092590332031,17.723905563354492,312.6490173339844,6.109000205993652,133.19606018066406,82.33855438232422
2022-08-09,95.54000091552734,137.8300018310547,30.24250030517578,522.4049072265625,49.825439453125,41.56694412231445,115.53065490722656,12.592995643615723,32.843284606933594,166.9311981201172,50.51493453979492,272.6213684082031,17.019651412963867,309.1103210449219,5.818999767303467,127.09217071533203,79.78244018554688
2022-08-10,99.05000305175781,142.69000244140625,31.86750030517578,546.4827880859375,51.472267150878906,43.539730072021484,118.57170104980469,12.968371391296387,33.652000427246094,176.64813232421875,54.19072723388672,279.24615478515625,18.0267276763916,317.7378845214844,6.373000144958496,132.366943359375,83.02205657958984
2022-08-11,98.12000274658203,140.63999938964844,31.50749969482422,542.9685668945312,51.006553649902344,43.88082504272461,117.71980285644531,13.111372947692871,33.86131286621094,175.8061981201172,52.9293327331543,277.1795349121094,17.87232780456543,315.934326171875,6.421999931335449,132.19598388671875,83.81790161132812
2022-08-12,100.83000183105469,143.5500030517578,31.71500015258789,556.05029296875,52.20356369018555,44.4523811340332,120.53305053710938,13.227560043334961,34.35605239868164,178.78761291503906,54.55533981323242,281.90191650390625,18.636350631713867,322.0857238769531,6.531000137329102,136.06417846679688,85.07256317138672
2022-08-15,101.01000213623047,143.17999267578125,32.185001373291016,555.0655517578125,52.271827697753906,44.52613067626953,120.92926025390625,13.281185150146484,34.57488250732422,179.17393493652344,54.67360305786133,283.4084167480469,18.95809555053711,324.6886291503906,6.703000068664551,136.5706787109375,85.7373275756836
2022-08-16,100.19999694824219,144.77999877929688,32.477500915527344,547.0910034179688,51.588233947753906,44.79347610473633,120.55284881591797,13.361621856689453,34.43217086791992,177.76739501953125,53.56003189086914,282.6744689941406,18.805686950683594,323.92822265625,6.611999988555908,135.17372131347656,84.22052001953125
2022-08-17,98.2699966430664,142.10000610351562,32.3650016784668,538.0160522460938,50.36690139770508,44.09285354614258,118.42312622070312,13.343749046325684,34.04208755493164,173.1912384033203,51.884735107421875,281.9293518066406,18.26380157470703,320.2335510253906,6.761000156402588,131.9088134765625,83.5182876586914
2022-08-18,100.44000244140625,142.3000030517578,33.185001373291016,541.89697265625,52.224143981933594,45.11613082885742,119.03727722167969,13.558248519897461,34.441680908203125,173.00303649902344,53.75712585449219,280.81640625,18.700098037719727,321.0036926269531,7.196000099182129,134.91566467285156,83.58380889892578
2022-08-19,95.94999694824219,138.22999572753906,32.5,526.41162109375,51.28710174560547,43.94536209106445,116.10517883300781,13.281185150146484,33.66151809692383,166.36659240722656,52.367618560791016,276.9259338378906,17.779691696166992,314.7449645996094,6.982999801635742,131.2732696533203,81.64567565917969
2022-08-22,92.83999633789062,133.22000122070312,31.78499984741211,502.09222412109375,49.44670867919922,43.180213928222656,113.1631851196289,12.878995895385742,32.196311950683594,161.50318908691406,50.189735412597656,268.7967529296875,16.967853546142578,306.45867919921875,6.795000076293945,126.3340072631836,79.81053161621094
2022-08-23,92.48999786376953,133.6199951171875,31.739999771118164,507.5760192871094,49.543033599853516,43.27239227294922,112.78675842285156,12.878995895385742,32.30097198486328,159.5815887451172,50.83029556274414,267.5289611816406,17.11428451538086,306.20526123046875,6.767000198364258,126.96310424804688,80.55020904541016
2022-08-24,92.7300033569336,133.8000030517578,31.407499313354492,507.2766418457031,49.642154693603516,42.977394104003906,112.61835479736328,12.834307670593262,32.2153434753418,161.71115112304688,51.48070526123047,266.8999938964844,17.155120849609375,307.0923767089844,7.0289998054504395,127.28248596191406,80.11015319824219
2022-08-25,97.18000030517578,137.27999877929688,31.622499465942383,521.082275390625,51.44607925415039,44.157386779785156,115.55046844482422,13.254372596740723,33.195316314697266,167.17880249023438,54.28927230834961,269.8612976074219,17.843442916870117,312.5223693847656,7.436999797821045,131.9475555419922,81.99211883544922
2022-08-26,91.18000030517578,130.75,30.75749969482422,492.3125305175781,48.708858489990234,38.19291305541992,109.29994201660156,12.298059463500977,31.73963165283203,160.24520874023438,49.44078826904297,259.4481506347656,16.19685935974121,299.71258544921875,6.98199987411499,124.46281433105469,79.34236907958984
2022-08-29,88.48999786376953,129.7899932861328,30.395000457763672,482.6001892089844,48.08416748046875,37.41854476928711,108.38859558105469,12.262307167053223,31.340030670166016,157.66000366210938,48.27793884277344,256.6803283691406,15.739640235900879,296.7586975097656,6.926000118255615,121.94962310791016,77.57276153564453
2022-08-30,86.94000244140625,128.72999572753906,30.274999618530273,475.9773254394531,47.355682373046875,36.5888671875,107.91313171386719,12.199742317199707,30.693058013916016,155.66908264160156,47.30232238769531,254.4931640625,15.407934188842773,293.4540100097656,6.460000038146973,120.53009796142578,77.51659393310547
2022-08-31,84.87000274658203,126.7699966430664,29.969999313354492,473.0038146972656,46.67488098144531,35.298248291015625,107.19991302490234,12.155055046081543,30.36957550048828,161.3843231201172,46.13948059082031,253.04156494140625,15.03538703918457,291.74798583984375,6.507999897003174,119.26866912841797,78.04090118408203
2022-09-01,82.33000183105469,127.81999969482422,29.31999969482422,453.67584228515625,46.01092529296875,34.70825958251953,108.7055892944336,11.949490547180176,30.21734619140625,163.791259765625,45.30183410644531,252.0060577392578,13.882878303527832,291.8746643066406,6.329999923706055,117.05551147460938,76.43983459472656
2022-09-02,80.23999786376953,127.51000213623047,29.325000762939453,451.0401611328125,46.7786979675293,34.83732604980469,106.83340454101562,11.833304405212402,29.703571319580078,158.79908752441406,45.09488296508789,247.80589294433594,13.594006538391113,287.7510070800781,6.453999996185303,115.77149200439453,75.7469711303711
2022-09-06,78.72000122070312,126.11000061035156,29.387500762939453,453.67584228515625,46.58978271484375,34.37638473510742,105.80320739746094,11.7528657913208,28.885345458984375,157.0359649658203,44.434627532958984,245.08648681640625,13.412713050842285,285.6842041015625,6.1579999923706055,114.43584442138672,74.93238830566406
2022-09-07,79.61000061035156,129.47999572753906,30.0674991607666,460.2021789550781,47.237850189208984,35.01247024536133,108.41832733154297,11.8779935836792,29.16126251220703,158.868408203125,46.08033752441406,249.77053833007812,13.664803504943848,291.45550537109375,6.330999851226807,116.37155151367188,74.85749053955078
2022-09-08,82.77999877929688,129.82000732421875,30.69499969482422,466.06231689453125,47.8737678527832,35.491844177246094,107.35841369628906,11.9405517578125,29.25640296936035,160.52255249023438,47.45014953613281,250.1865997314453,13.939817428588867,292.966552734375,6.498000144958496,118.33307647705078,75.1290054321289
2022-09-09,85.44999694824219,133.27000427246094,31.102500915527344,483.6814880371094,48.85287857055664,36.681053161621094,109.60700988769531,12.111907005310059,29.93191909790039,167.54531860351562,49.01704406738281,255.9351348876953,14.3353910446167,299.37139892578125,6.688000202178955,121.172119140625,76.33683013916016
2022-09-12,84.63999938964844,136.4499969482422,31.1875,487.47564697265625,49.4756965637207,37.15120315551758,109.8150405883789,12.409520149230957,30.02705955505371,167.3571319580078,49.519622802734375,258.05450439453125,14.452967643737793,302.9296569824219,6.665999889373779,121.76251983642578,76.9173583984375
2022-09-13,77.02999877929688,126.81999969482422,29.979999542236328,454.8150939941406,47.09945297241211,35.307464599609375,103.33667755126953,11.886443138122559,27.867319107055664,151.67726135253906,47.32203674316406,243.8671112060547,13.083897590637207,286.3179931640625,6.3420000076293945,114.20033264160156,73.79008483886719
2022-09-14,77.44999694824219,128.5500030517578,30.565000534057617,461.5730895996094,47.7634162902832,35.150760650634766,104.0102767944336,11.751166343688965,27.76266098022461,150.03305053710938,47.70637130737305,244.0896759033203,13.080907821655273,288.5893859863281,6.438000202178955,115.49725341796875,74.58595275878906
2022-09-15,76.66000366210938,126.27999877929688,29.235000610351562,449.553466796875,46.771202087402344,34.70825958251953,101.93997192382812,11.787237167358398,27.439176559448242,148.13125610351562,45.99165344238281,237.47018432617188,12.882621765136719,283.7832946777344,6.535999774932861,113.58090209960938,73.42589569091797
2022-09-16,76.51000213623047,123.52999877929688,28.9325008392334,451.09814453125,46.99190902709961,34.99402618408203,101.83101654052734,11.778219223022461,27.81974983215332,144.90216064453125,45.676300048828125,236.850830078125,13.150655746459961,282.0480651855469,6.230000019073486,114.26163482666016,73.3411636352539
2022-09-19,76.7699966430664,124.66000366210938,28.735000610351562,454.82476806640625,46.9301872253418,34.8649787902832,102.09846496582031,11.706070899963379,28.010034561157227,146.61573791503906,45.47922134399414,236.6378936767578,13.33399772644043,284.2444152832031,5.796999931335449,114.8616943359375,73.66130828857422
2022-09-20,75.25,122.19000244140625,28.517499923706055,445.9910583496094,46.10911178588867,34.062950134277344,100.18666076660156,11.50766372680664,27.553348541259766,144.70407104492188,44.631717681884766,234.6346435546875,13.128735542297363,281.9786682128906,5.579999923706055,113.33573150634766,73.58597564697266
2022-09-21,74.4800033569336,118.54000091552734,28.454999923706055,439.1944274902344,45.46598815917969,33.906227111816406,98.34419250488281,11.36336612701416,27.08715057373047,140.77171325683594,44.799251556396484,231.2474365234375,13.213431358337402,276.9295654296875,5.502999782562256,112.19042205810547,72.63494110107422
2022-09-22,69.5,117.30999755859375,28.137500762939453,425.794189453125,45.03880310058594,33.4453010559082,99.19608306884766,11.18299674987793,26.706575393676758,141.46510314941406,42.8874397277832,233.21202087402344,12.51594066619873,273.5212097167969,5.419000148773193,109.13848114013672,71.213134765625
2022-09-23,67.95999908447266,113.77999877929688,27.49250030517578,421.0635986328125,44.19670104980469,32.744686126708984,97.80928039550781,10.966551780700684,26.183292388916016,139.0779571533203,42.66079330444336,230.2506561279297,12.471100807189941,269.06781005859375,5.3429999351501465,107.67700958251953,69.55592346191406
2022-09-26,66.30000305175781,115.1500015258789,27.274999618530273,415.9178161621094,43.591285705566406,31.98874855041504,97.2446517944336,10.831274032592773,25.66000747680664,135.07626342773438,41.99067306518555,229.79576110839844,12.184137344360352,267.954345703125,5.215000152587891,106.06229400634766,68.74616241455078
2022-09-27,67.16999816894531,114.41000366210938,27.729999542236328,418.3120422363281,43.82609939575195,32.00719451904297,96.58096313476562,10.858329772949219,25.58388900756836,133.12496948242188,42.76919174194336,228.78932189941406,12.3684720993042,268.06195068359375,5.349999904632568,107.04837799072266,68.76496124267578
2022-09-28,68.36000061035156,118.01000213623047,29.172500610351562,425.97760009765625,43.9401969909668,32.532657623291016,99.10693359375,11.074775695800781,25.812236785888672,140.2665557861328,43.902462005615234,233.2991180419922,12.690314292907715,273.3941650390625,5.565000057220459,108.56642150878906,67.91754913330078
2022-09-29,64.13999938964844,114.80000305175781,28.6875,412.9925537109375,42.447425842285156,31.518592834472656,96.5017318725586,10.930475234985352,25.098661422729492,135.1159210205078,42.24688720703125,229.84417724609375,12.176167488098145,265.5129089355469,5.445000171661377,105.18974304199219,65.23400115966797
2022-09-30,63.36000061035156,113.0,28.22249984741211,400.9921569824219,41.87031555175781,31.500158309936523,94.7484130859375,10.804217338562012,24.518295288085938,134.39280700683594,42.28630828857422,225.39248657226562,12.095453262329102,261.0107727050781,5.506999969482422,103.38624572753906,64.5560302734375
2022-10-03,66.11000061035156,115.87999725341797,28.957500457763672,416.7577209472656,43.074520111083984,33.07655334472656,97.71022033691406,11.155941009521484,25.66000747680664,137.29501342773438,43.85319900512695,232.97975158691406,12.467119216918945,267.1341247558594,5.706999778747559,106.9607925415039,65.20574188232422
2022-10-04,67.9000015258789,121.08999633789062,30.202499389648438,449.0321044921875,45.25098419189453,34.533103942871094,100.68193054199219,11.58883285522461,26.35454750061035,138.94918823242188,46.35628890991211,240.85736083984375,13.119766235351562,275.5330505371094,6.0269999504089355,111.97879791259766,68.55783081054688
2022-10-05,67.94000244140625,120.94999694824219,30.337499618530273,453.06768798828125,45.716827392578125,34.901851654052734,100.47392272949219,11.679018020629883,26.297462463378906,137.66151428222656,47.65709686279297,241.16702270507812,13.161615371704102,275.38653564453125,6.046999931335449,112.89350891113281,70.13031005859375
2022-10-06,67.8499984741211,120.30000305175781,30.475000381469727,446.1647644042969,45.2170295715332,34.55153274536133,100.4640121459961,11.642943382263184,25.85980796813965,137.75067138671875,47.321624755859375,238.83470153808594,13.082900047302246,273.218505859375,6.144999980926514,112.44263458251953,70.00788879394531
2022-10-07,58.439998626708984,114.55999755859375,29.102500915527344,419.24853515625,43.42344284057617,31.896570205688477,97.74983978271484,11.237107276916504,24.470722198486328,132.1839599609375,41.78628921508789,226.68930053710938,12.03268051147461,262.80767822265625,5.89300012588501,105.69575500488281,65.67655181884766
2022-10-10,57.810001373291016,113.66999816894531,27.3700008392334,407.3061828613281,41.27527618408203,31.785938262939453,96.93756103515625,11.092811584472656,23.975980758666992,132.52076721191406,39.76358413696289,221.86013793945312,11.62813663482666,260.18060302734375,5.625,102.10173797607422,63.50144958496094
2022-10-11,57.630001068115234,112.20999908447266,26.762500762939453,385.7480163574219,40.62083435058594,31.223604202270508,96.26398468017578,11.01164436340332,23.823753356933594,127.32054901123047,38.14541244506836,218.1439208984375,11.544440269470215,256.606201171875,5.573999881744385,99.2310562133789,59.744468688964844
2022-10-12,57.849998474121094,112.9000015258789,25.912500381469727,384.5605773925781,40.60291290283203,31.131425857543945,96.64039611816406,11.137903213500977,24.09966278076172,126.29041290283203,37.47445297241211,218.47296142578125,11.458747863769531,256.5182800292969,5.242000102996826,98.2677001953125,60.36591339111328
2022-10-13,58.939998626708984,112.52999877929688,25.977500915527344,391.3861999511719,41.30073928833008,32.256099700927734,98.12626647949219,11.570794105529785,25.136722564697266,129.053955078125,38.609153747558594,226.68930053710938,11.917097091674805,262.5342712402344,5.514999866485596,101.09618377685547,62.72934341430664
2022-10-14,55.939998626708984,106.9000015258789,25.092500686645508,366.0243225097656,40.27568054199219,31.5831356048584,95.64982604980469,11.354348182678223,24.6514949798584,125.55745697021484,36.51737594604492,221.19236755371094,11.186725616455078,254.64320373535156,5.4019999504089355,96.88262939453125,60.187015533447266
2022-10-17,57.959999084472656,113.79000091552734,26.139999389648438,378.66180419921875,41.05555725097656,31.7767276763916,99.02769470214844,11.525700569152832,25.136722564697266,132.7683868408203,37.36592102050781,229.8732452392578,11.845355033874512,263.0518493652344,5.611999988555908,98.93589782714844,61.10036849975586
2022-10-18,57.91999816894531,116.36000061035156,26.56999969482422,385.19781494140625,41.004634857177734,32.16764450073242,99.82012939453125,11.606870651245117,24.61343765258789,131.5401611328125,37.23765563964844,230.81195068359375,11.924072265625,265.132080078125,5.535999774932861,99.2764892578125,59.98927688598633
2022-10-19,57.22999954223633,115.06999969482422,26.27750015258789,409.3625183105469,41.0489501953125,32.10248565673828,98.69087982177734,11.561775207519531,24.73712158203125,131.966064453125,37.59286117553711,228.85707092285156,12.007771492004395,264.1651611328125,5.559000015258789,99.91223907470703,59.942195892333984
2022-10-20,57.77000045776367,115.25,26.40999984741211,422.1545104980469,40.577457427978516,32.44688034057617,99.02769470214844,11.552756309509277,24.813236236572266,130.2821807861328,37.56326675415039,228.53773498535156,12.15025806427002,262.81744384765625,6.133999824523926,100.53179168701172,59.866878509521484
2022-10-21,58.81999969482422,119.31999969482422,27.6299991607666,446.25164794921875,42.40971374511719,34.299129486083984,100.17674255371094,12.147981643676758,25.66000747680664,128.776611328125,39.01369857788086,234.31524658203125,12.421283721923828,268.9798889160156,6.453000068664551,104.26854705810547,60.02694320678711
2022-10-24,58.70000076293945,119.81999969482422,27.684999465942383,456.6204528808594,43.05001449584961,34.69935989379883,101.55364227294922,12.319331169128418,25.85980796813965,128.48936462402344,37.87900161743164,239.27987670898438,12.553803443908691,271.9389953613281,6.301000118255615,104.71939849853516,57.710609436035156
2022-10-25,61.470001220703125,120.5999984741211,28.157499313354492,469.209716796875,43.38478088378906,35.127525329589844,103.49517822265625,12.490687370300293,26.078636169433594,136.2054443359375,40.06945037841797,242.57998657226562,13.213431358337402,277.5643310546875,6.703999996185303,107.11001586914062,57.569374084472656
2022-10-26,59.72999954223633,115.66000366210938,27.24250030517578,467.3560791015625,43.48945236206055,35.17406463623047,94.03518676757812,12.607926368713379,25.88834571838379,128.5884246826172,38.23421096801758,223.86341857910156,12.849740982055664,271.43121337890625,6.565000057220459,106.05579376220703,57.286888122558594
2022-10-27,58.599998474121094,110.95999908447266,29.782499313354492,458.0106506347656,42.944393157958984,35.146141052246094,91.3507308959961,12.689094543457031,24.994007110595703,97.01085662841797,39.52677536010742,219.4407196044922,13.128735542297363,266.4895324707031,6.682000160217285,104.1744613647461,57.39047622680664
2022-10-28,62.0099983215332,103.41000366210938,30.36750030517578,472.27008056640625,44.59464645385742,36.4492301940918,95.38237762451172,12.97768783569336,27.658004760742188,98.2589111328125,40.46412658691406,228.26675415039062,13.784374237060547,274.644287109375,6.872000217437744,108.25828552246094,58.38855743408203
2022-10-31,60.060001373291016,102.44000244140625,30.21500015258789,456.0895080566406,44.332489013671875,35.7418327331543,93.6191635131836,12.869464874267578,27.04909324645996,92.27622985839844,39.15183639526367,224.64730834960938,13.448583602905273,271.4507751464844,6.959000110626221,105.90010833740234,57.95542907714844
2022-11-01,59.65999984741211,96.79000091552734,31.927499771118164,458.9471740722656,44.12315368652344,36.439918518066406,89.61724090576172,12.950632095336914,26.92540168762207,94.29684448242188,39.21104049682617,220.81495666503906,13.494418144226074,268.67718505859375,7.185999870300293,106.75321197509766,57.98367691040039
2022-11-02,58.630001068115234,92.12000274658203,31.260000228881836,430.9013366699219,43.00380325317383,35.06236267089844,86.15022277832031,12.625964164733887,26.08814811706543,89.68106079101562,38.53021240234375,213.00511169433594,13.17158031463623,259.4676818847656,8.083999633789062,103.38298797607422,56.9855842590332
2022-11-03,60.11000061035156,89.30000305175781,30.5625,425.9918212890625,41.88068389892578,34.76451110839844,82.64359283447266,12.445592880249023,26.059608459472656,88.06652069091797,36.72458267211914,207.3436737060547,13.372855186462402,254.39906311035156,7.96999979019165,101.99793243408203,56.75959396362305
2022-11-04,62.189998626708984,90.9800033569336,32.76750183105469,453.91876220703125,43.877967834472656,36.30030059814453,85.76390075683594,12.851428031921387,27.19263458251953,89.92868041992188,38.451290130615234,214.25347900390625,14.105219841003418,258.4910583496094,7.663000106811523,106.71752166748047,58.831119537353516
2022-11-07,63.08000183105469,90.52999877929688,32.64500045776367,468.08551025390625,44.81342315673828,37.110076904296875,87.6558837890625,13.013761520385742,27.395130157470703,95.80242919921875,38.984092712402344,220.5246124267578,14.249701499938965,261.3329772949219,7.715000152587891,109.02377319335938,59.09476089477539
2022-11-08,63.849998474121094,89.9800033569336,32.27750015258789,487.6460266113281,45.463157653808594,37.62199783325195,88.0620346069336,13.004742622375488,27.462631225585938,95.55482482910156,39.260372161865234,221.4923858642578,14.549620628356934,263.2373352050781,7.830999851226807,111.42411041259766,61.22276306152344
2022-11-09,59.91999816894531,86.13999938964844,30.729999542236328,473.96337890625,44.27119445800781,36.60745620727539,86.49691772460938,12.761239051818848,26.536924362182617,100.50737762451172,36.22136688232422,217.27291870117188,13.726582527160645,257.1628723144531,7.64900016784668,107.8625259399414,61.203941345214844
2022-11-10,68.47000122070312,96.62999725341797,31.7450008392334,543.0350952148438,47.76974868774414,38.83201599121094,93.05452728271484,13.410576820373535,28.69690704345703,110.8087158203125,42.08229446411133,235.14755249023438,15.693501472473145,276.1385498046875,8.071999549865723,119.02407836914062,66.70288848876953
2022-11-11,72.37000274658203,100.79000091552734,32.13750076293945,558.189453125,48.8560791015625,39.725547790527344,95.50123596191406,13.789356231689453,29.342971801757812,111.94779205322266,42.772987365722656,239.14437866210938,16.268430709838867,281.22674560546875,8.347000122070312,122.66676330566406,69.51826477050781
2022-11-14,73.52999877929688,98.48999786376953,32.79999923706055,559.5258178710938,48.3968391418457,39.325321197509766,94.79793548583984,13.816410064697266,29.26582908630371,113.13640594482422,42.585506439208984,233.7636260986328,16.236547470092773,278.765625,8.192999839782715,121.3238525390625,68.54842376708984
2022-11-15,76.37000274658203,98.94000244140625,33.162498474121094,578.5536499023438,49.453006744384766,39.41840744018555,97.5121078491211,13.987765312194824,29.61297035217285,115.96929931640625,44.10501480102539,234.1700897216797,16.60621452331543,282.62322998046875,8.689000129699707,124.84001159667969,75.76107788085938
2022-11-16,72.69999694824219,97.12000274658203,32.67250061035156,558.4413452148438,48.2563362121582,38.32938766479492,97.9182357788086,13.735243797302246,28.47512435913086,112.15580749511719,41.6876220703125,234.59710693359375,15.852925300598145,278.765625,8.217000007629395,119.68580627441406,74.81005859375
2022-11-17,73.9000015258789,94.8499984741211,33.01499938964844,570.3809814453125,48.29216766357422,38.869239807128906,97.432861328125,14.014819145202637,28.8222599029541,110.39269256591797,43.34526443481445,234.548583984375,15.620763778686523,278.1502685546875,8.70199966430664,120.62322998046875,76.72148895263672
2022-11-18,73.56999969482422,94.13999938964844,33.869998931884766,574.3802490234375,48.57978439331055,39.12986373901367,96.51163482666016,14.222247123718262,28.802978515625,110.98700714111328,43.41433334350586,234.1021728515625,15.35372543334961,278.1601867675781,8.64900016784668,120.89244842529297,77.46536254882812
2022-11-21,72.45999908447266,92.45999908447266,33.65250015258789,561.9176025390625,48.7947998046875,38.22700500488281,94.69888305664062,14.02383804321289,27.906200408935547,108.81777954101562,40.996944427490234,234.90765380859375,15.262056350708008,275.29864501953125,8.390999794006348,118.88786315917969,75.26201629638672
2022-11-22,75.25,93.19999694824219,34.0099983215332,577.3335571289062,49.98391342163086,40.8145637512207,96.13521575927734,14.095988273620605,28.754764556884766,110.3827896118164,42.34870529174805,237.7997283935547,15.980469703674316,279.26373291015625,8.772000312805176,122.4299545288086,77.71959686279297
2022-11-23,76.4000015258789,94.12999725341797,34.29750061035156,584.7318115234375,50.32245635986328,41.5219612121582,97.53191375732422,14.24930191040039,28.610124588012695,111.17518615722656,43.09858703613281,240.2745361328125,16.459745407104492,282.06658935546875,9.121999740600586,123.90909576416016,77.18287658691406
2022-11-25,75.13999938964844,93.41000366210938,33.939998626708984,573.1019897460938,49.9707145690918,41.54058074951172,96.54134368896484,14.276358604431152,28.29191017150879,110.35307312011719,42.40790557861328,240.1871337890625,16.211639404296875,280.2110595703125,9.38700008392334,122.25804138183594,76.64617156982422
2022-11-28,73.19000244140625,93.94999694824219,33.42499923706055,564.87109375,49.244606018066406,40.563262939453125,95.1446304321289,14.02383804321289,27.70370101928711,107.74801635742188,42.102027893066406,234.62623596191406,15.770224571228027,276.0994873046875,9.25,119.20249938964844,74.59346771240234
2022-11-29,73.38999938964844,92.41999816894531,33.4275016784668,560.4942626953125,49.16727828979492,40.50741195678711,94.2927474975586,13.942670822143555,27.86762809753418,108.42158508300781,42.338836669921875,233.23843383789062,15.582901954650879,274.0095520019531,9.14900016784668,118.74188232421875,74.69706726074219
2022-11-30,77.62999725341797,96.54000091552734,34.82500076293945,588.8665161132812,51.962345123291016,41.689491271972656,100.03807067871094,15.133121490478516,28.995832443237305,116.97959899902344,45.900779724121094,247.6114044189453,16.866609573364258,286.5004577636719,9.02299976348877,125.86505126953125,78.13390350341797
2022-12-01,77.4800033569336,95.5,34.94499969482422,591.9070434570312,51.93592834472656,41.79188919067383,100.03807067871094,15.169195175170898,28.764406204223633,119.29739379882812,44.795692443847656,247.17469787597656,17.077898025512695,286.85198974609375,9.050999641418457,124.96004486083984,77.8514175415039
2022-12-02,74.9800033569336,94.12999725341797,33.7599983215332,586.532958984375,50.997650146484375,41.45680236816406,99.4932632446289,15.051952362060547,28.35940933227539,122.31847381591797,44.12474822998047,247.49497985839844,16.819765090942383,285.7093811035156,8.670000076293945,123.5490493774414,76.74034118652344
2022-12-05,73.62000274658203,91.01000213623047,33.20750045776367,581.7684936523438,50.03954315185547,40.088565826416016,98.54230499267578,14.619060516357422,28.12798309326172,121.2685317993164,42.39804458618164,242.8172149658203,16.554649353027344,280.9141845703125,8.331000328063965,121.98558044433594,76.85332489013672
2022-12-06,70.2699966430664,88.25,32.2599983215332,574.2735595703125,49.58502960205078,39.53010177612305,96.06586456298828,14.673173904418945,27.578344345092773,113.03736114501953,40.543060302734375,237.88706970214844,15.93372917175293,275.0935363769531,8.628000259399414,119.41981506347656,74.91362762451172
2022-12-07,70.13999938964844,88.45999908447266,31.690000534057617,582.3109130859375,48.89474105834961,39.01817321777344,94.04508972167969,14.483783721923828,27.317989349365234,112.84916687011719,39.87211608886719,237.1592254638672,16.066286087036133,273.9704284667969,8.609999656677246,119.1635513305664,74.61231231689453
2022-12-08,70.47000122070312,90.3499984741211,32.032501220703125,587.6754760742188,50.08104705810547,39.30670928955078,92.82669830322266,14.69121265411377,27.42405891418457,114.23588562011719,41.14494705200195,240.0998077392578,17.11178970336914,277.2127990722656,8.560999870300293,122.6083755493164,76.08122253417969
2022-12-09,68.58999633789062,89.08999633789062,31.975000381469727,578.7762451171875,51.3673095703125,38.93438720703125,91.9549789428711,14.564950942993164,27.231204986572266,114.80047607421875,40.947601318359375,238.1782684326172,16.944347381591797,275.44512939453125,8.402000427246094,121.47307586669922,75.9776382446289
2022-12-12,70.66999816894531,90.55000305175781,32.7400016784668,590.67724609375,52.490421295166016,39.902400970458984,92.4304428100586,14.754340171813965,27.665130615234375,113.62174987792969,42.01322937011719,245.0590057373047,17.476566314697266,278.9023742675781,8.916000366210938,123.62364959716797,75.73283386230469
2022-12-13,71.6500015258789,92.48999786376953,33.255001068115234,608.3786010742188,53.84929275512695,39.8837890625,94.72859191894531,14.76342487335205,27.70370101928711,119.01016998291016,42.930850982666016,249.33889770507812,18.01177978515625,281.9006042480469,9.00100040435791,125.74832153320312,75.80813598632812
2022-12-14,68.93000030517578,91.58000183105469,32.747501373291016,596.3615112304688,54.1699104309082,38.79478454589844,94.17387390136719,14.718003273010254,27.250490188598633,120.43648529052734,42.08229446411133,249.63002014160156,17.6151065826416,279.8105773925781,9.003999710083008,123.86174011230469,75.34675598144531
2022-12-15,66.52999877929688,88.44999694824219,31.395000457763672,567.7761840820312,52.61961364746094,36.65399932861328,90.00354766845703,14.31825065612793,26.18014144897461,115.04810333251953,39.4873046875,241.6623077392578,16.895511627197266,270.4155578613281,8.057999610900879,118.62157440185547,73.49171447753906
2022-12-16,65.41000366210938,87.86000061035156,30.915000915527344,556.1367797851562,52.42252731323242,36.532989501953125,89.40921020507812,14.209230422973633,25.958354949951172,118.29698181152344,38.47101593017578,237.4698028564453,16.515779495239258,267.83721923828125,8.072999954223633,117.72379302978516,72.2512435913086
2022-12-19,64.58999633789062,84.91999816894531,30.637500762939453,550.6075439453125,52.26277542114258,36.30030059814453,87.60635375976562,14.06386661529541,25.833003997802734,113.3939437866211,37.888877868652344,233.35487365722656,16.199832916259766,264.0732116699219,7.828999996185303,116.26654815673828,72.06183624267578
2022-12-20,65.05000305175781,85.19000244140625,30.4424991607666,545.3298950195312,51.729347229003906,36.25376892089844,88.18090057373047,14.227399826049805,25.495506286621094,115.97917938232422,37.306724548339844,234.6650390625,16.031402587890625,263.86761474609375,8.331000328063965,115.55744934082031,71.6073226928711
2022-12-21,67.68000030517578,86.7699966430664,30.832500457763672,562.5664672851562,53.36579513549805,36.4119873046875,88.7356185913086,14.33642292022705,25.871570587158203,118.62385559082031,38.35260772705078,237.21743774414062,16.446012496948242,267.6953430175781,8.38700008392334,118.15967559814453,73.0466537475586
2022-12-22,63.86000061035156,83.79000091552734,30.092500686645508,538.3483276367188,52.59177780151367,36.430606842041016,86.93276977539062,14.272825241088867,25.04229164123535,116.00890350341797,36.576576232910156,231.16156005859375,15.287885665893555,261.14617919921875,8.199999809265137,113.38462829589844,71.28534698486328
2022-12-23,64.5199966430664,85.25,29.9424991607666,533.9132690429688,52.529022216796875,36.4119873046875,88.38892364501953,14.309165000915527,25.158008575439453,116.92018127441406,36.694976806640625,231.68563842773438,15.155329704284668,261.7335205078125,8.218999862670898,113.48220825195312,70.9160385131836
2022-12-27,63.27000045776367,83.04000091552734,29.71500015258789,520.1724853515625,52.63457107543945,36.681922912597656,86.56625366210938,14.427274703979492,25.013364791870117,115.77118682861328,35.57014465332031,229.96788024902344,14.073944091796875,258.0330505371094,8.288999557495117,111.43296813964844,70.37628936767578
2022-12-28,62.56999969482422,81.81999969482422,29.792499542236328,514.807861328125,51.81206130981445,36.07691192626953,85.20915985107422,14.145634651184082,24.627656936645508,114.52313232421875,34.909061431884766,227.60955810546875,13.989227294921875,254.62628173828125,8.0600004196167,109.79033660888672,69.18315124511719
2022-12-29,64.81999969482422,84.18000030517578,30.469999313354492,534.0099487304688,53.04058837890625,37.063533782958984,87.61624908447266,14.463613510131836,25.27372169494629,119.11911010742188,36.270694732666016,233.89834594726562,14.554338455200195,260.8328552246094,8.190999984741211,113.29352569580078,71.96714782714844
2022-12-30,64.7699966430664,84.0,30.337499618530273,529.1007080078125,53.16610336303711,37.43584442138672,87.39835357666016,14.499954223632812,25.48586082458496,119.19835662841797,36.54698181152344,232.74349975585938,14.565303802490234,260.6762390136719,8.210000038146973,113.189453125,70.53726959228516
2023-01-03,64.0199966430664,85.81999969482422,30.227500915527344,532.1702270507812,52.62886428833008,38.06877517700195,88.27994537353516,14.590806007385254,25.775142669677734,123.5566177368164,35.51095199584961,232.5105438232422,14.26729679107666,258.9141540527344,8.38599967956543,112.08678436279297,70.10169219970703
2023-01-04,64.66000366210938,85.13999938964844,28.459999084472656,552.75732421875,53.27165222167969,38.10600280761719,87.24977111816406,14.917875289916992,26.69120979309082,126.16168212890625,36.12268829345703,222.33978271484375,14.699851036071777,260.1476135253906,8.225000381469727,114.97196960449219,72.27015686035156
2023-01-05,62.33000183105469,83.12000274658203,27.372499465942383,547.4215087890625,52.77530288696289,38.04085159301758,85.38748168945312,14.9451322555542,26.57549476623535,125.7357406616211,34.27455520629883,215.75013732910156,14.217466354370117,256.0751037597656,8.024999618530273,113.03331756591797,71.71147155761719
2023-01-06,63.959999084472656,86.08000183105469,28.112499237060547,576.9849853515625,55.95215606689453,39.48356246948242,86.5167236328125,15.544753074645996,27.70370101928711,128.78651428222656,35.677955627441406,218.2928466796875,14.809484481811523,263.1431884765625,8.439000129699707,118.29303741455078,73.92731475830078
2023-01-09,67.23999786376953,87.36000061035156,28.717500686645508,601.6582641601562,54.85485076904297,39.35324478149414,87.19032287597656,15.408472061157227,28.262981414794922,128.2417449951172,36.48835372924805,220.418212890625,15.575922012329102,264.8465881347656,8.47700023651123,120.47238159179688,76.0484390258789
2023-01-10,68.05000305175781,89.87000274658203,28.8075008392334,613.3365478515625,54.668487548828125,39.548709869384766,87.58655548095703,15.499326705932617,28.38833999633789,131.7283477783203,36.57731628417969,222.09719848632812,15.855986595153809,267.08837890625,7.836999893188477,122.03042602539062,76.95750427246094
2023-01-11,69.05999755859375,95.08999633789062,29.082500457763672,624.2689208984375,54.973716735839844,37.947776794433594,90.65733337402344,15.36304759979248,28.78369140625,131.6292724609375,37.9708366394043,228.81297302246094,15.947677612304688,271.7091064453125,7.560999870300293,123.60476684570312,77.44044494628906
2023-01-12,70.80000305175781,95.2699966430664,29.295000076293945,631.8995361328125,55.335052490234375,37.16592025756836,90.27100372314453,14.827021598815918,29.20797348022461,135.4130401611328,38.850425720214844,231.47213745117188,16.455982208251953,273.17755126953125,8.045000076293945,125.10757446289062,82.3834457397461
2023-01-13,71.0,98.12000274658203,28.75,638.8037109375,55.05548858642578,37.398616790771484,91.2516860961914,14.9451322555542,29.034406661987305,135.6804962158203,40.19452667236328,232.17088317871094,16.84269142150879,275.0570983886719,8.057999610900879,125.62474060058594,82.19406127929688
2023-01-17,71.58999633789062,96.05000305175781,29.075000762939453,637.351318359375,55.07830810546875,37.258995056152344,90.42951965332031,14.76342487335205,28.542621612548828,134.0758819580078,40.55031967163086,233.25784301757812,17.643014907836914,275.6150817871094,8.482999801635742,125.76786041259766,84.2678451538086
2023-01-18,70.52999877929688,95.45999908447266,28.75,631.6381225585938,54.60762405395508,37.24968719482422,90.2611083984375,14.608977317810059,27.780841827392578,131.758056640625,40.016632080078125,228.85177612304688,17.31909942626953,272.0320739746094,7.88700008392334,125.10757446289062,84.72238159179688
2023-01-19,67.70999908447266,93.68000030517578,27.877500534057617,610.2960205078125,53.55501174926758,36.72845458984375,92.17290496826172,14.363679885864258,27.404773712158203,134.8583526611328,38.11907958984375,225.08627319335938,16.70913314819336,269.35955810546875,7.085999965667725,121.59783172607422,83.70915222167969
2023-01-20,70.06999969482422,97.25,28.782499313354492,628.306884765625,54.273868560791016,37.47307586669922,97.09606170654297,14.490869522094727,28.17619514465332,138.04783630371094,39.018436431884766,233.13168334960938,17.779558181762695,276.7311096191406,7.197999954223633,125.40354919433594,86.19959259033203
2023-01-23,76.52999877929688,97.5199966430664,29.790000915527344,654.6264038085938,55.30556869506836,38.19908142089844,98.84937286376953,14.690742492675781,29.188688278198242,141.9108123779297,42.250205993652344,235.42201232910156,19.129043579101562,282.8788757324219,7.375,131.7008819580078,90.58391571044922
2023-01-24,74.69999694824219,96.31999969482422,30.4424991607666,648.796875,55.628868103027344,38.08648681640625,96.77908325195312,14.690742492675781,28.85118865966797,141.7820587158203,42.01301193237305,234.89797973632812,19.200803756713867,282.3013610839844,7.824999809265137,130.70553588867188,89.54228210449219
2023-01-25,74.91000366210938,97.18000030517578,30.385000228881836,659.9523315429688,55.690673828125,38.020809173583984,94.32245635986328,14.654401779174805,28.639053344726562,140.1575927734375,42.240318298339844,233.51016235351562,19.258607864379883,281.6748046875,7.730999946594238,131.06011962890625,87.50638580322266
2023-01-26,75.16000366210938,99.22000122070312,30.997499465942383,662.2471923828125,56.91730499267578,38.46181106567383,96.60078430175781,14.736170768737793,29.015117645263672,145.902587890625,43.87104034423828,240.68209838867188,19.736013412475586,287.166748046875,7.626999855041504,133.2687530517578,88.49118041992188
2023-01-27,75.4000015258789,102.23999786376953,31.514999389648438,646.2600708007812,56.195587158203125,37.823760986328125,98.43333435058594,14.66348934173584,27.15406036376953,150.30044555664062,43.73267364501953,240.83737182617188,20.297138214111328,290.02532958984375,7.429999828338623,132.4197540283203,88.34915161132812
2023-01-30,72.44999694824219,100.55000305175781,30.959999084472656,629.7206420898438,55.2884521484375,37.54225540161133,96.0262451171875,14.545381546020508,26.95156478881836,145.66485595703125,41.49909973144531,235.54823303222656,19.098146438598633,284.16143798828125,7.2129998207092285,128.90353393554688,88.18817138671875
2023-01-31,75.1500015258789,103.12999725341797,31.5049991607666,639.9174194335938,55.62696838378906,38.11463165283203,97.90831756591797,14.654401779174805,27.250490188598633,147.5567626953125,42.64553451538086,240.49771118164062,19.47190284729004,288.4197998046875,7.232999801635742,131.30734252929688,87.80940246582031
2023-02-01,84.63999938964844,105.1500015258789,32.630001068115234,657.0473022460938,57.31381607055664,38.687015533447266,99.48333740234375,14.636235237121582,28.03155517578125,151.66738891601562,45.580810546875,245.29193115234375,20.873212814331055,294.5872802734375,7.973999977111816,138.1543426513672,89.71273803710938
2023-02-02,88.30999755859375,112.91000366210938,33.36000061035156,674.4967651367188,57.60096740722656,39.803619384765625,106.72443389892578,14.908787727355957,29.111547470092773,186.97918701171875,48.18994140625,256.792236328125,21.636659622192383,305.1599426269531,8.187999725341797,141.35507202148438,91.5213851928711
2023-02-03,86.08999633789062,103.38999938964844,32.9900016784668,658.1028442382812,56.82601547241211,39.63471984863281,103.79234313964844,14.836106300354004,29.236902236938477,184.76040649414062,46.035438537597656,250.72671508789062,21.02968978881836,299.73651123046875,8.434000015258789,138.5967254638672,89.63697814941406
2023-02-06,83.68000030517578,102.18000030517578,32.42250061035156,642.4029541015625,57.17593002319336,38.43366241455078,101.93006896972656,14.636235237121582,28.002227783203125,184.29489135742188,44.503562927246094,249.19332885742188,21.018722534179688,297.2010498046875,8.321000099182129,136.34584045410156,86.9571533203125
2023-02-07,85.91000366210938,102.11000061035156,33.727500915527344,658.6578369140625,58.42633056640625,39.400142669677734,106.6253890991211,14.745253562927246,28.353595733642578,189.80213928222656,46.233097076416016,259.6649475097656,22.09911346435547,303.3586730957031,8.197999954223633,140.68179321289062,89.53280639648438
2023-02-08,84.69000244140625,100.05000305175781,34.1150016784668,643.1986694335938,57.21491622924805,39.25939178466797,98.43333435058594,14.545381546020508,27.563016891479492,181.6898193359375,44.57273483276367,258.8594970703125,22.131006240844727,297.96466064453125,8.522000312805176,137.65670776367188,89.27713775634766
2023-02-09,83.20999908447266,98.23999786376953,34.130001068115234,644.4991455078125,56.99622344970703,39.447052001953125,94.11444091796875,14.754340171813965,27.06524085998535,176.2321014404297,44.58262634277344,255.84117126464844,22.2625675201416,295.3312683105469,8.699999809265137,138.0080108642578,91.55924987792969
2023-02-10,81.4800033569336,97.61000061035156,33.317501068115234,636.9490966796875,56.41048049926758,40.085121154785156,93.67858123779297,14.936044692993164,27.133563995361328,172.49786376953125,44.0291633605957,255.33657836914062,21.194137573242188,293.3929138183594,9.001999855041504,135.81239318847656,90.30931091308594
2023-02-13,83.12999725341797,99.54000091552734,34.0,648.972900390625,57.1588249206543,40.723175048828125,93.71821594238281,15.135917663574219,27.865581512451172,177.72779846191406,45.06688690185547,263.31396484375,21.715396881103516,298.0918884277344,9.053000450134277,137.80955505371094,91.01002502441406
2023-02-14,85.94999694824219,99.69999694824219,35.3650016784668,657.4544677734375,57.27196502685547,40.375999450683594,93.78754425048828,15.026898384094238,27.95342445373535,177.77728271484375,46.65807342529297,264.13897705078125,22.89445686340332,300.2945556640625,9.288000106811523,140.31094360351562,92.76187133789062
2023-02-15,85.18000030517578,101.16000366210938,35.38249969482422,656.8043823242188,57.78353500366211,40.16017532348633,96.0262451171875,15.054150581359863,28.15839195251465,175.4792938232422,46.193572998046875,262.02764892578125,22.688140869140625,302.5950927734375,9.300000190734863,140.88343811035156,87.83780670166016
2023-02-16,80.08000183105469,98.1500015258789,35.41999816894531,636.8812866210938,57.103668212890625,40.085121154785156,94.60972595214844,14.954215049743652,27.52397346496582,170.8040771484375,45.15583419799805,255.0518035888672,21.928686141967773,296.9171447753906,9.588000297546387,137.42898559570312,86.00074005126953
2023-02-17,78.5,97.19999694824219,34.557498931884766,632.6597290039062,56.63298034667969,39.85991668701172,93.46063995361328,14.863362312316895,26.948116302490234,171.2399139404297,43.623958587646484,251.072509765625,21.31673240661621,294.82220458984375,9.197999954223633,135.28872680664062,85.3189468383789
2023-02-21,76.7699966430664,94.58000183105469,33.63249969482422,611.1644897460938,55.29701614379883,39.306304931640625,90.9247817993164,14.5181245803833,25.435274124145508,170.44749450683594,42.10195541381836,245.8284912109375,20.58617401123047,287.84228515625,8.805999755859375,130.9072265625,82.98948669433594
2023-02-22,76.61000061035156,95.79000091552734,33.8025016784668,605.7590942382812,54.78639602661133,39.23123550415039,90.78610229492188,14.309165000915527,24.859418869018555,169.4966278076172,42.4676399230957,244.6999053955078,20.68484115600586,288.0576171875,8.670999526977539,130.27944946289062,82.22247314453125
2023-02-23,79.75,95.81999969482422,34.209999084472656,619.228759765625,55.51190948486328,39.43767166137695,90.03328704833984,14.300081253051758,24.996063232421875,170.4078369140625,44.720985412597656,247.87161254882812,23.58514976501465,290.573486328125,9.427000045776367,134.56332397460938,85.30001831054688
2023-02-24,78.08999633789062,93.5,33.88249969482422,600.1014404296875,54.9366340637207,39.0435791015625,88.28985595703125,14.172889709472656,24.53732681274414,168.77354431152344,43.33735275268555,242.4718780517578,23.208402633666992,285.70819091796875,9.815999984741211,132.1530303955078,83.4345474243164
2023-02-27,78.7699966430664,93.76000213623047,34.5,613.3965454101562,55.66880416870117,38.471195220947266,89.02288818359375,14.209230422973633,24.303081512451172,167.9315948486328,43.791969299316406,243.38648986816406,23.422685623168945,287.7541198730469,10.11299991607666,132.8523712158203,82.66753387451172
2023-02-28,78.58000183105469,94.2300033569336,34.67499923706055,599.4705810546875,56.50938034057617,38.13340377807617,89.21109771728516,14.181974411010742,24.33236312866211,173.28038024902344,44.622154235839844,242.66650390625,23.13863754272461,287.3821716308594,9.79699993133545,133.30776977539062,82.44973754882812
2023-03-01,78.29000091552734,92.16999816894531,34.63999938964844,596.7728271484375,56.440914154052734,37.94573974609375,89.50826263427734,14.118377685546875,24.722774505615234,171.77481079101562,44.8297004699707,239.60179138183594,22.622365951538086,285.0718078613281,10.199999809265137,133.34353637695312,83.72809600830078
2023-03-02,80.44000244140625,92.12999725341797,34.14500045776367,605.7202758789062,56.92395782470703,37.6923942565918,91.13280487060547,14.082036972045898,25.57192039489746,172.874267578125,45.68953323364258,244.31069946289062,23.236309051513672,287.43109130859375,9.836999893188477,134.41046142578125,84.30572509765625
2023-03-03,81.5199966430664,94.9000015258789,35.16999816894531,618.539794921875,60.167381286621094,37.33583068847656,92.76725769042969,13.882161140441895,25.76712417602539,183.49253845214844,43.52513122558594,248.37754821777344,23.810388565063477,293.3732604980469,9.782999992370605,136.482421875,85.02540588378906
2023-03-06,81.16000366210938,93.75,35.64500045776367,602.6148071289062,60.18259048461914,36.66023635864258,94.23329162597656,13.764054298400879,25.366952896118164,183.14588928222656,41.77582550048828,249.9147491455078,23.47551727294922,293.7062072753906,9.829999923706055,134.8950958251953,84.82654571533203
2023-03-07,82.11000061035156,93.55000305175781,35.717498779296875,591.1054077148438,59.44376754760742,35.65623092651367,92.97528076171875,13.636860847473145,24.91798210144043,182.75958251953125,40.62937927246094,247.26841735839844,23.214340209960938,290.1036071777344,9.85099983215332,133.47364807128906,84.1352767944336
2023-03-08,85.37000274658203,93.91999816894531,37.099998474121094,601.09130859375,60.11983108520508,36.37873840332031,93.36160278320312,13.7186279296875,25.357192993164062,183.21522521972656,42.64553451538086,246.83059692382812,24.104516983032227,291.5524597167969,10.234999656677246,137.02239990234375,86.01020812988281
2023-03-09,84.02999877929688,92.25,37.162498474121094,586.8645629882812,59.19368362426758,35.46856689453125,91.44979095458984,13.364307403564453,25.806167602539062,179.96633911132812,40.431724548339844,245.48800659179688,23.36187171936035,286.5010986328125,9.855999946594238,134.2998504638672,84.1636734008789
2023-03-10,82.66999816894531,90.7300033569336,36.6150016784668,583.4390258789062,58.46246337890625,34.45518493652344,89.77571868896484,13.019070625305176,26.567466735839844,177.80702209472656,38.2277946472168,241.8589630126953,22.892362594604492,282.4775085449219,9.276000022888184,131.70413208007812,82.62016296386719
2023-03-13,82.01000213623047,92.43000030517578,36.717498779296875,586.903564453125,58.618412017822266,34.31443405151367,90.2511978149414,12.72834587097168,26.303939819335938,179.18382263183594,37.545867919921875,247.04461669921875,22.893356323242188,284.5724792480469,8.928000450134277,131.7431640625,83.08417510986328
2023-03-14,87.44999694824219,94.87999725341797,38.287498474121094,601.9647216796875,60.138851165771484,35.233985900878906,93.08424377441406,12.846452713012695,27.33852767944336,192.17938232421875,38.15861511230469,253.72862243652344,23.986886978149414,291.1119384765625,9.246999740600586,135.59446716308594,84.55191802978516
2023-03-15,89.68000030517578,96.19999694824219,38.45000076293945,588.7570190429688,59.52838897705078,35.196449279785156,95.20406341552734,12.637491226196289,27.72893714904785,195.87396240234375,37.180179595947266,258.25274658203125,24.1513671875,292.6391296386719,9.175000190734863,134.0135955810547,82.099365234375
2023-03-16,96.5999984741211,100.04000091552734,40.66999816894531,611.9214477539062,60.523006439208984,35.703147888183594,99.37438201904297,13.114033699035645,29.456506729125977,202.98583984375,39.888145446777344,268.72137451171875,25.46021270751953,300.353271484375,9.722999572753906,139.2472686767578,85.00160217285156
2023-03-17,97.83999633789062,98.94999694824219,40.814998626708984,614.9589233398438,59.99716567993164,34.92433547973633,100.66213989257812,12.921585083007812,29.095375061035156,193.7542724609375,39.502716064453125,271.86395263671875,25.64362907409668,298.9338073730469,9.550000190734863,138.3853302001953,85.16341400146484
2023-03-20,96.80999755859375,97.70999908447266,41.04999923706055,627.225341796875,61.20858383178711,36.172306060791016,100.26590728759766,13.23316764831543,28.46095848083496,195.93341064453125,39.878265380859375,264.8589172363281,25.81807518005371,299.9946594238281,9.85200023651123,139.84906005859375,85.70597839355469
2023-03-21,95.93000030517578,100.61000061035156,42.02000045776367,623.1494140625,60.98255920410156,36.73530960083008,103.93102264404297,13.517260551452637,27.777738571166992,200.24215698242188,40.649147033691406,266.366943359375,26.116138458251953,304.2792663574219,10.824999809265137,140.12551879882812,88.04756927490234
2023-03-22,97.58000183105469,98.69999694824219,41.51499938964844,621.44140625,60.42420959472656,35.731300354003906,102.39563751220703,13.224004745483398,27.45564842224121,197.91444396972656,39.69049072265625,264.9172058105469,26.38428497314453,300.1418151855469,11.253999710083008,138.73336791992188,88.16180419921875
2023-03-23,100.27999877929688,98.70999908447266,42.34749984741211,644.5281982421875,61.22007751464844,35.48733901977539,104.60460662841797,13.077376365661621,28.334075927734375,202.34205627441406,41.785709381103516,270.1418762207031,27.104991912841797,303.70086669921875,11.399999618530273,142.51345825195312,90.03697204589844
2023-03-24,97.94999694824219,98.12999725341797,42.23500061035156,628.389892578125,60.92701721191406,35.0744743347168,104.44612884521484,13.040719985961914,28.656164169311523,204.0555877685547,40.589847564697266,272.9730529785156,26.694297790527344,304.8186340332031,11.083000183105469,140.04164123535156,88.3236083984375
2023-03-27,96.61000061035156,98.04000091552734,41.9900016784668,625.0126953125,60.0334587097168,35.6468505859375,101.49420166015625,13.755528450012207,28.480480194091797,200.9157257080078,40.72822189331055,268.8965148925781,26.447080612182617,302.7301940917969,11.09000015258789,138.3981170654297,86.29615020751953
2023-03-28,94.55999755859375,97.23999786376953,40.75,620.8009033203125,59.828521728515625,35.947113037109375,100.07769012451172,13.700544357299805,28.587844848632812,198.7761688232422,39.977108001708984,267.77764892578125,26.32646369934082,301.1221923828125,10.277999877929688,137.3611297607422,86.43892669677734
2023-03-29,96.08999633789062,100.25,40.625,639.6372680664062,59.90513229370117,36.707149505615234,100.43429565429688,14.222908973693848,30.764385223388672,203.40187072753906,42.20079803466797,272.9146728515625,26.89864730834961,306.61285400390625,10.5649995803833,141.77650451660156,88.2950668334961
2023-03-30,97.87999725341797,102.0,40.622501373291016,656.67822265625,60.695247650146484,37.40150833129883,99.93901062011719,14.406190872192383,31.32071876525879,205.86827087402344,42.74436950683594,276.3588562011719,27.296388626098633,309.51507568359375,10.333999633789062,144.11131286621094,88.0190200805664
2023-03-31,98.01000213623047,103.29000091552734,41.96500015258789,660.5890502929688,61.441307067871094,37.72991943359375,102.75225830078125,14.598641395568848,31.88681411743164,209.92933654785156,42.79378128051758,280.49371337890625,27.689146041870117,314.6624755859375,10.654999732971191,145.0048065185547,88.54253387451172
2023-04-03,96.55999755859375,102.41000366210938,41.935001373291016,654.067626953125,61.53036880493164,38.44304275512695,103.37629699707031,14.9652099609375,32.10154342651367,211.0486602783203,41.459564208984375,279.4527282714844,27.87654685974121,313.89776611328125,11.272000312805176,143.75259399414062,88.37120819091797
2023-04-04,95.87000274658203,103.94999694824219,41.685001373291016,648.9147338867188,60.75845718383789,38.34920883178711,103.73291778564453,14.763599395751953,32.30650329589844,212.68299865722656,40.006752014160156,279.404052734375,27.366167068481445,312.8388977050781,10.946000099182129,141.07211303710938,87.73344421386719
2023-04-05,92.55999755859375,101.0999984741211,40.71500015258789,644.2760009765625,60.24129104614258,38.283531188964844,103.48526763916016,14.580310821533203,32.0429801940918,209.47372436523438,39.68012619018555,276.6409912109375,26.79597282409668,309.7503967285156,10.803000450134277,138.62640380859375,85.8582763671875
2023-04-06,92.47000122070312,102.05999755859375,39.962501525878906,637.6964111328125,59.6312255859375,37.748687744140625,107.39802551269531,14.534491539001465,32.023460388183594,214.04989624023438,38.85860824584961,283.7044677734375,26.95148468017578,311.8387756347656,10.069000244140625,137.9122314453125,85.89634704589844
2023-04-10,95.4800033569336,102.16999816894531,40.782501220703125,642.082763671875,60.086143493652344,38.874671936035156,105.43669891357422,14.717775344848633,31.74041175842285,212.7126922607422,39.92757034301758,281.5542297363281,27.49176597595215,311.66229248046875,10.654999732971191,140.34814453125,84.73506927490234
2023-04-11,94.02999877929688,99.91999816894531,39.90250015258789,640.2678833007812,59.528751373291016,39.03419876098633,104.35697174072266,14.708610534667969,31.57448387145996,211.82125854492188,39.68012619018555,275.171875,27.083066940307617,309.66217041015625,10.468000411987305,139.6112060546875,84.94449615478516
2023-04-12,92.33000183105469,97.83000183105469,40.352500915527344,635.3091430664062,59.06233596801758,39.287532806396484,103.6536636352539,14.644460678100586,31.252399444580078,211.96983337402344,39.12584686279297,275.81396484375,26.41119384765625,306.9266357421875,10.810999870300293,137.05787658691406,82.6885757446289
2023-04-13,92.08999633789062,102.4000015258789,41.1974983215332,645.7412109375,59.78445816040039,40.019432067871094,106.41737365722656,14.69028377532959,31.35976219177246,218.2595672607422,39.97705841064453,281.9919738769531,26.379295349121094,312.9368896484375,10.824000358581543,138.18614196777344,82.85989379882812
2023-04-14,91.75,102.51000213623047,40.900001525878906,646.5079956054688,59.334327697753906,40.61056900024414,107.84380340576172,14.580310821533203,31.12551498413086,219.3887481689453,39.878074645996094,278.3922424316406,26.67336654663086,312.34857177734375,10.914999961853027,137.970947265625,83.00267791748047
2023-04-17,89.87000274658203,102.73999786376953,40.85499954223633,620.1507568359375,60.08326721191406,41.22048568725586,104.97113037109375,14.525328636169434,31.36952018737793,216.78370666503906,40.04633712768555,280.9802551269531,26.916595458984375,312.6133728027344,11.043000221252441,137.970947265625,83.7546615600586
2023-04-18,89.77999877929688,102.30000305175781,40.67250061035156,624.3140258789062,60.558292388916016,42.69364929199219,103.51496887207031,14.461177825927734,31.066953659057617,215.8229217529297,41.80813980102539,280.56182861328125,27.579492568969727,312.6329040527344,11.588000297546387,138.5676727294922,83.89743041992188
2023-04-19,89.94000244140625,104.30000305175781,39.522499084472656,605.1671752929688,60.7670783996582,41.12665557861328,103.19800567626953,13.709709167480469,30.40325355529785,213.65367126464844,40.61051940917969,280.6396484375,27.842647552490234,312.4858703613281,10.982000350952148,137.05136108398438,83.03123474121094
2023-04-20,90.11000061035156,103.80999755859375,38.84749984741211,614.842529296875,60.62532424926758,40.27277755737305,104.29753112792969,13.324810028076172,30.120208740234375,211.0486602783203,39.066463470458984,278.3630065917969,27.018268585205078,310.10333251953125,10.800999641418457,136.92417907714844,84.99208068847656
2023-04-21,88.43000030517578,106.95999908447266,38.967498779296875,615.7157592773438,60.61383819580078,40.45105743408203,104.41641235351562,13.251497268676758,29.57362937927246,210.87034606933594,38.62106704711914,278.0225524902344,27.033220291137695,310.4269104003906,10.732000350952148,135.9197998046875,81.26078033447266
2023-04-24,87.56999969482422,106.20999908447266,39.13999938964844,608.8353271484375,60.77090835571289,40.394264221191406,104.97113037109375,13.141524314880371,28.948970794677734,210.7712860107422,38.36371994018555,274.1405334472656,26.956466674804688,309.77978515625,9.859000205993652,135.31002807617188,80.56590270996094
2023-04-25,83.80000305175781,102.56999969482422,38.39500045776367,587.8545532226562,59.57183837890625,39.47621536254883,102.87112426757812,12.958240509033203,28.187673568725586,205.58099365234375,36.53263473510742,267.9625244140625,26.15799903869629,303.9361877441406,9.32800006866455,130.76425170898438,78.32903289794922
2023-04-26,85.94000244140625,104.9800033569336,38.9900016784668,591.0956420898438,59.01350402832031,39.43836212158203,102.73243713378906,12.912421226501465,28.353595733642578,207.41346740722656,37.690670013427734,287.372314453125,26.870737075805664,305.7794494628906,9.48900032043457,131.4620819091797,78.29093170166016
2023-04-27,87.44000244140625,109.81999969482422,39.189998626708984,610.6404418945312,59.22610855102539,40.50784683227539,106.57585906982422,13.068212509155273,29.14417839050293,236.2967987060547,38.23504638671875,296.576171875,27.139881134033203,314.0938720703125,9.857999801635742,132.0164337158203,79.64259338378906
2023-04-28,89.37000274658203,105.44999694824219,40.040000915527344,618.0352172851562,60.00090789794922,41.160892486572266,106.32821655273438,13.123198509216309,30.315412521362305,238.0401153564453,39.07635498046875,298.9403991699219,27.661231994628906,316.2606506347656,10.543000221252441,134.39694213867188,80.24226379394531
2023-05-01,89.69000244140625,102.05000305175781,40.040000915527344,618.2279052734375,61.09748840332031,41.47321319580078,106.18954467773438,13.23316764831543,29.57362937927246,240.8729705810547,39.6009407043457,297.2864074707031,28.818559646606445,315.8978576660156,10.51099967956543,135.61328125,79.93769073486328
2023-05-02,89.91000366210938,103.62999725341797,33.744998931884766,617.108642578125,58.64478302001953,42.36286926269531,104.32725524902344,13.059046745300293,29.056339263916016,236.97036743164062,39.08626174926758,297.1405029296875,28.120769500732422,313.142822265625,10.442999839782715,134.64476013183594,78.96678161621094
2023-05-03,81.62000274658203,103.6500015258789,33.182498931884766,617.7800903320312,58.727134704589844,42.741451263427734,104.41641235351562,12.784119606018066,29.915239334106445,234.78138732910156,39.11595153808594,296.1578063964844,27.71406364440918,311.09356689453125,13.395000457763672,133.09909057617188,78.71927642822266
2023-05-04,86.61000061035156,104.0,33.834999084472656,618.0819702148438,58.43598937988281,41.81393814086914,103.70318603515625,12.646656036376953,30.61595916748047,231.3046417236328,38.93779373168945,297.1405029296875,27.474822998046875,309.9954833984375,13.640000343322754,132.35231018066406,79.47125244140625
2023-05-05,89.83999633789062,105.66000366210938,34.494998931884766,632.9439086914062,60.347591400146484,42.95913314819336,104.57489776611328,12.930749893188477,30.370952606201172,230.57164001464844,40.551124572753906,302.2386169433594,28.589284896850586,316.584228515625,13.722999572753906,135.29698181152344,80.88003540039062
2023-05-08,95.04000091552734,105.83000183105469,34.51750183105469,637.489013671875,60.24607467651367,43.555397033691406,106.75416564941406,13.00406265258789,30.155345916748047,231.05702209472656,40.59071350097656,300.29266357421875,29.058795928955078,317.3686218261719,13.663000106811523,135.8675994873047,81.42259216308594
2023-05-09,95.05999755859375,106.62000274658203,34.630001068115234,625.8682250976562,59.235687255859375,43.51753616333008,106.33811950683594,12.976572036743164,29.49873161315918,231.1560516357422,39.58114242553711,298.6874084472656,28.480632781982422,315.3586730957031,13.225000381469727,133.55560302734375,80.9656982421875
2023-05-10,97.0199966430664,110.19000244140625,35.310001373291016,639.5816650390625,59.97887420654297,43.37557601928711,110.69664764404297,12.912421226501465,29.371328353881836,230.86880493164062,40.01665115356445,303.8536071777344,28.79363441467285,318.7903137207031,13.428000450134277,134.91543579101562,80.81339263916016
2023-05-11,97.0999984741211,112.18000030517578,34.752498626708984,632.8175048828125,60.11296081542969,42.306087493896484,115.47119903564453,12.628327369689941,28.28350257873535,233.55311584472656,39.32380676269531,301.7131652832031,28.48760223388672,319.82965087890625,13.642999649047852,134.03173828125,79.41415405273438
2023-05-12,95.26000213623047,110.26000213623047,34.657501220703125,630.2089233398438,60.44624710083008,42.36286926269531,116.40235900878906,12.674149513244629,28.3717041015625,231.59185791015625,39.70981216430664,300.6040344238281,28.250362396240234,318.68243408203125,13.449999809265137,133.90780639648438,79.41415405273438
2023-05-15,97.4000015258789,111.19999694824219,34.494998931884766,638.1704711914062,61.2746696472168,42.52376937866211,115.41178894042969,13.095705032348633,29.204721450805664,236.59396362304688,41.63987731933594,301.080810546875,28.861419677734375,320.4080505371094,13.784000396728516,137.5437469482422,81.53681945800781
2023-05-16,101.4800033569336,113.4000015258789,34.03499984741211,634.627685546875,61.431724548339844,42.94967269897461,118.38349151611328,12.866598129272461,28.636306762695312,236.55435180664062,41.24396514892578,303.29901123046875,29.120603561401367,320.7709045410156,14.583999633789062,137.2861328125,81.7462158203125
2023-05-17,103.75,115.5,33.95750045776367,652.584716796875,62.966949462890625,43.394500732421875,119.7009506225586,13.114033699035645,28.29330062866211,240.18955993652344,43.14434051513672,306.16571044921875,30.08254623413086,324.6534729003906,15.430999755859375,140.6775360107422,86.50553894042969
2023-05-18,107.93000030517578,118.1500015258789,35.3650016784668,677.335205078125,64.92355346679688,44.59648513793945,121.6722183227539,13.20567512512207,29.087121963500977,244.5081787109375,44.28258514404297,310.57293701171875,31.577802658081055,330.683349609375,16.45599937438965,145.12220764160156,88.19035339355469
2023-05-19,105.81999969482422,116.25,35.977500915527344,675.4567260742188,65.34016418457031,45.1927490234375,121.60286712646484,13.132362365722656,29.33212661743164,243.30966186523438,44.995216369628906,310.3973693847656,31.165109634399414,329.93829345703125,16.41900062561035,144.37547302246094,88.12372589111328
2023-05-22,108.0,115.01000213623047,36.342498779296875,679.9728393554688,64.96858215332031,44.993995666503906,123.87129211425781,13.242332458496094,29.67513656616211,245.9642333984375,45.9651985168457,313.1665344238281,31.077388763427734,331.04620361328125,16.481000900268555,144.87435913085938,87.30510711669922
2023-05-23,108.12000274658203,114.98999786376953,35.11750030517578,663.2421875,65.74720764160156,43.86771774291992,121.40473937988281,13.178182601928711,28.920516967773438,244.39923095703125,46.113670349121094,307.3943176269531,30.59093475341797,326.8497314453125,16.19099998474121,143.08409118652344,86.08674621582031
2023-05-24,108.2699966430664,116.75,35.30500030517578,648.9738159179688,65.07967376708984,43.4512939453125,119.76039123535156,12.976572036743164,28.420705795288086,246.84580993652344,45.5098991394043,306.0194396972656,30.441408157348633,325.1732177734375,16.761999130249023,140.52427673339844,85.79164123535156
2023-05-25,120.3499984741211,115.0,39.04999923706055,689.5498657226562,69.79835510253906,45.50507736206055,122.31607055664062,13.443946838378906,26.852664947509766,250.29278564453125,48.9642219543457,317.788330078125,37.859867095947266,333.0856018066406,20.68600082397461,149.8832244873047,96.0908432006836
2023-05-26,127.02999877929688,120.11000061035156,42.587501525878906,716.2664794921875,77.8364486694336,45.912044525146484,123.43541717529297,14.057950019836426,28.420705795288086,259.5541076660156,64.84022521972656,324.58441162109375,38.82280731201172,341.5960998535156,21.917999267578125,159.67909240722656,98.24205780029297
2023-05-30,125.2699966430664,121.66000366210938,43.60499954223633,708.8013916015625,76.9371337890625,44.7857780456543,122.50428009033203,14.222908973693848,29.390928268432617,260.0295104980469,62.75180435180664,322.9462585449219,39.984127044677734,343.1452331542969,23.40999984741211,159.54539489746094,97.07125854492188
2023-05-31,118.20999908447266,120.58000183105469,41.584999084472656,703.6137084960938,77.37960815429688,42.41019821166992,121.71183013916016,13.214839935302734,30.81196403503418,262.2085876464844,57.892005920410156,320.1966857910156,37.714332580566406,341.19403076171875,22.395000457763672,155.4496307373047,93.84442138671875
2023-06-01,119.47000122070312,122.7699966430664,41.66999816894531,707.351318359375,75.65476989746094,43.025390625,122.55381774902344,13.443946838378906,30.508153915405273,270.0238037109375,60.47531509399414,324.2821350097656,39.64421081542969,345.1355285644531,23.101999282836914,158.12362670898438,94.0823974609375
2023-06-02,117.86000061035156,124.25,40.625,705.2879028320312,77.76651000976562,44.73845291137695,123.49485778808594,13.966307640075684,30.684558868408203,270.0238037109375,59.56472396850586,327.0317687988281,39.202613830566406,347.7239990234375,22.194000244140625,157.75189208984375,94.1775894165039
2023-06-05,117.93000030517578,125.30000305175781,40.657501220703125,702.9032592773438,76.83755493164062,43.0443229675293,124.82223510742188,13.764694213867188,29.263525009155273,268.81536865234375,57.436702728271484,327.55828857421875,39.04710006713867,347.9691467285156,22.365999221801758,155.30943298339844,93.33042907714844
2023-06-06,124.2300033569336,126.61000061035156,39.91999816894531,697.482177734375,75.6595458984375,44.340946197509766,126.10997009277344,14.057950019836426,30.341550827026367,268.5479431152344,58.53535842895508,325.354736328125,38.53174591064453,347.91033935546875,23.315000534057617,157.1844940185547,95.01522827148438
2023-06-07,117.83000183105469,121.2300033569336,38.897499084472656,691.2337646484375,75.91143035888672,45.107566833496094,121.34530639648438,14.442848205566406,30.655160903930664,261.0992736816406,58.723411560058594,315.3116760253906,37.36032485961914,342.0078430175781,23.97800064086914,156.95297241210938,95.46260833740234
2023-06-08,121.05000305175781,124.25,40.58000183105469,700.8106689453125,77.01951599121094,45.325252532958984,120.98870086669922,14.479504585266113,31.184371948242188,262.0699462890625,59.10942459106445,317.144775390625,38.39216613769531,346.2532958984375,25.434999465942383,158.55950927734375,95.12945556640625
2023-06-09,124.91999816894531,123.43000030517578,40.630001068115234,696.7326049804688,77.05974578857422,45.060245513916016,121.07787322998047,14.470341682434082,30.713960647583008,262.43646240234375,59.396461486816406,318.6366271972656,38.6513671875,347.5769348144531,26.166000366210938,158.97747802734375,97.85179138183594
2023-06-12,129.19000244140625,126.56999969482422,42.5,710.6603393554688,81.91918182373047,45.495609283447266,122.47457885742188,14.919388771057129,32.40940475463867,268.4786071777344,61.41560363769531,323.5703125,39.361183166503906,353.4499206542969,25.864999771118164,164.09762573242188,101.90673065185547
2023-06-13,124.52999877929688,126.66000366210938,42.150001525878906,717.5707397460938,81.51312255859375,46.18650817871094,122.66278076171875,15.249300956726074,33.23262405395508,268.7460632324219,62.40537643432617,325.9494934082031,40.896480560302734,356.1658020019531,24.423999786376953,166.2952117919922,101.65925598144531
2023-06-14,127.33000183105469,126.41999816894531,42.27000045776367,720.4320678710938,84.8708724975586,46.73544692993164,122.50428009033203,15.516998291015625,34.869266510009766,270.7567443847656,62.3162956237793,328.92333984375,42.865440368652344,358.7541809082031,24.777000427246094,168.656005859375,102.2398910522461
2023-06-15,124.23999786376953,127.11000061035156,40.86750030517578,718.9526977539062,84.60750579833984,47.511539459228516,123.91089630126953,16.107769012451172,35.10447311401367,279.15631103515625,61.395809173583984,339.4148864746094,42.52248764038086,363.0291442871094,24.392000198364258,167.26173400878906,100.53656768798828
2023-06-16,120.08000183105469,125.48999786376953,39.4474983215332,702.5919189453125,83.14027404785156,47.00992202758789,122.3656005859375,16.218538284301758,35.64347839355469,278.334228515625,60.4951057434082,333.7888488769531,42.56136703491211,360.7446594238281,23.07699966430664,165.7172088623047,99.95350646972656
2023-06-20,118.93000030517578,125.77999877929688,38.625,701.1611328125,83.13260650634766,46.68813705444336,121.93965148925781,15.701610565185547,34.30084991455078,281.63262939453125,60.20807647705078,329.61566162109375,43.67395782470703,360.2283020019531,22.239999771118164,164.37513732910156,99.3895492553711
2023-06-21,112.11000061035156,124.83000183105469,37.877498626708984,688.4014892578125,81.6142578125,47.3790397644043,119.41370391845703,15.526225090026855,32.2427978515625,278.9681701660156,58.24831771850586,325.2377014160156,42.91329574584961,355.3191223144531,21.990999221801758,160.36851501464844,97.15283203125
2023-06-22,110.69999694824219,130.14999389648438,38.310001373291016,698.2412719726562,81.11068725585938,48.533695220947266,121.98919677734375,15.48930549621582,32.05659484863281,282.1773986816406,58.515560150146484,331.2342529296875,42.89335632324219,359.511474609375,22.645999908447266,161.11631774902344,98.57707214355469
2023-06-23,110.01000213623047,129.3300018310547,37.20500183105469,679.242919921875,79.15808868408203,48.145652770996094,121.18682098388672,15.249302864074707,32.34080123901367,285.9908752441406,57.22885513305664,326.6613464355469,42.0798454284668,355.9474792480469,21.606000900268555,158.27871704101562,97.41092681884766
2023-06-26,107.51000213623047,127.33000183105469,37.70500183105469,681.5300903320312,79.1080322265625,48.571556091308594,117.2245101928711,15.129301071166992,32.674007415771484,275.8282165527344,57.15956497192383,320.4014587402344,40.50767517089844,351.1759033203125,21.649999618530273,158.79136657714844,95.69039916992188
2023-06-27,110.38999938964844,129.17999267578125,39.032501220703125,705.7063598632812,81.68550109863281,48.63780975341797,117.2146224975586,15.166226387023926,33.41883087158203,284.32684326171875,59.97053146362305,326.2225036621094,41.747867584228516,357.21405029296875,22.617000579833984,164.33920288085938,97.57342529296875
2023-06-28,110.16999816894531,129.0399932861328,38.96500015258789,704.8401489257812,81.64120483398438,48.997459411621094,119.04718780517578,15.101607322692871,32.8994140625,282.58355712890625,59.455848693847656,327.4704895019531,40.99119186401367,357.9111328125,23.5939998626709,163.072265625,96.46463775634766
2023-06-29,111.23999786376953,127.9000015258789,39.8224983215332,704.0225830078125,83.04981231689453,50.25623321533203,117.97735595703125,15.369301795959473,32.25259780883789,278.8591613769531,57.77322769165039,326.69049072265625,40.69709014892578,357.19439697265625,23.593000411987305,163.11798095703125,96.19698333740234
2023-06-30,113.91000366210938,130.36000061035156,40.51499938964844,705.3851928710938,83.51775360107422,51.2121467590332,118.57170104980469,15.50776481628418,32.772010803222656,284.2574768066406,59.16880798339844,332.0435485839844,42.17255783081055,362.702392578125,24.924999237060547,165.63885498046875,96.46463775634766
2023-07-03,115.81999969482422,130.22000122070312,39.974998474121094,714.271240234375,84.38523864746094,51.685359954833984,118.76983642578125,15.424690246582031,32.94841766357422,283.30657958984375,60.72275924682617,329.55712890625,42.28321838378906,363.5566101074219,24.920000076293945,167.11151123046875,98.59617614746094
2023-07-05,113.94999694824219,130.3800048828125,39.91999816894531,696.5477294921875,82.98146057128906,51.30678176879883,120.60237884521484,15.387763977050781,31.86058807373047,291.57733154296875,59.19850540161133,329.713134765625,42.187522888183594,363.5467224121094,25.5,163.4184112548828,96.53153228759766
2023-07-06,113.4800033569336,128.36000061035156,39.724998474121094,680.6248779296875,81.6469955444336,50.918739318847656,118.97783660888672,15.378531455993652,31.331377029418945,289.2199401855469,58.2770881652832,332.7552795410156,41.974178314208984,360.77801513671875,25.05299949645996,161.35789489746094,95.02129364013672
2023-07-07,113.16999816894531,129.77999877929688,39.5,678.1237182617188,81.5266342163086,50.663204193115234,118.35379028320312,15.572381019592285,31.21377182006836,287.7737731933594,58.604042053222656,328.8063659667969,42.37295150756836,359.5802001953125,26.000999450683594,161.42652893066406,95.80509185791016
2023-07-10,113.58000183105469,127.12999725341797,39.88750076293945,690.8638305664062,84.50945281982422,51.93143844604492,115.35234069824219,15.683154106140137,32.085994720458984,291.3099060058594,59.73352813720703,323.55084228515625,42.050933837890625,359.697998046875,26.993000030517578,164.7865447998047,95.36538696289062
2023-07-11,111.31999969482422,128.77999877929688,40.04249954223633,686.1629638671875,84.92537689208984,52.75484085083008,116.03584289550781,15.996999740600586,32.63480758666992,295.4601745605469,61.57635498046875,324.17486572265625,42.275245666503906,361.4751281738281,27.094999313354492,164.79310607910156,96.78961944580078
2023-07-12,114.58000183105469,130.8000030517578,41.0099983215332,705.4922485351562,85.68600463867188,51.268924713134766,117.80896759033203,15.766226768493652,33.30122375488281,306.4052734375,62.299617767333984,328.7868957519531,43.76766586303711,366.0405578613281,27.663999557495117,167.862548828125,99.31307220458984
2023-07-13,115.91999816894531,134.3000030517578,42.15250015258789,730.6807250976562,85.72547149658203,52.660194396972656,123.3660888671875,15.98776626586914,33.193416595458984,310.43670654296875,64.76663208007812,334.110595703125,45.83632278442383,372.2554626464844,29.405000686645508,171.3303680419922,100.90933227539062
2023-07-14,115.94000244140625,134.67999267578125,41.39500045776367,733.8732299804688,85.5541000366211,52.45197677612305,124.23779296875,15.572381019592285,32.4878044128418,305.93975830078125,62.864356994628906,336.6261901855469,45.329872131347656,372.1769104003906,29.538000106811523,169.1883087158203,100.49832153320312
2023-07-17,118.31999969482422,133.55999755859375,42.60499954223633,734.3306274414062,87.650146484375,51.770538330078125,123.47504425048828,15.738531112670898,33.683433532714844,307.6732177734375,63.964111328125,337.10406494140625,46.31882858276367,375.652587890625,30.204999923706055,173.23733520507812,100.16378021240234
2023-07-18,117.93000030517578,132.8300018310547,43.377498626708984,736.802734375,86.98388671875,50.947139739990234,122.59344482421875,16.11699676513672,33.81083679199219,309.089599609375,65.15303802490234,350.5206604003906,47.34867477416992,378.72564697265625,31.84000015258789,173.55735778808594,98.59617614746094
2023-07-19,116.43000030517578,135.36000061035156,44.064998626708984,696.6548461914062,86.7855453491211,51.391963958740234,120.87974548339844,15.94161319732666,33.771636962890625,313.0120849609375,65.02423858642578,346.2207336425781,46.932945251464844,378.6372375488281,30.367000579833984,171.49691772460938,98.51014709472656
2023-07-20,110.25,129.9600067138672,42.852500915527344,658.064208984375,85.531005859375,50.72944641113281,118.076416015625,15.876996994018555,32.70341110229492,299.6499938964844,62.636474609375,338.2156066894531,45.38071823120117,369.908935546875,30.295000076293945,165.26004028320312,93.53971862792969
2023-07-21,110.94999694824219,130.0,42.90999984741211,674.8338623046875,86.3407211303711,50.691593170166016,118.88870239257812,15.932385444641113,33.340423583984375,291.4683837890625,62.8247184753418,335.19293212890625,44.17341613769531,368.7994384765625,30.315000534057617,166.75228881835938,92.95664978027344
2023-07-24,110.61000061035156,128.8000030517578,42.93000030517578,666.191162109375,86.80672454833984,51.20623016357422,120.38445281982422,16.01546287536621,32.95821762084961,288.84356689453125,62.527496337890625,336.4994812011719,44.475494384765625,369.3885498046875,30.937000274658203,166.74578857421875,93.91252136230469
2023-07-25,113.0,129.1300048828125,43.522499084472656,668.9358520507812,88.38574981689453,51.816165924072266,121.05805206298828,16.23699951171875,33.41883087158203,291.6764221191406,63.310211181640625,342.2230224609375,45.53922653198242,371.8922119140625,32.1349983215332,169.5507354736328,95.89111328125
2023-07-26,110.08999633789062,128.14999389648438,41.11249923706055,666.015869140625,85.98833465576172,51.38730239868164,128.05149841308594,16.107769012451172,33.67363739013672,295.737548828125,63.12195587158203,329.3426208496094,45.312923431396484,370.65509033203125,31.736000061035156,167.20945739746094,95.02129364013672
2023-07-27,111.0999984741211,128.25,40.247501373291016,689.1995239257812,86.03068542480469,51.187164306640625,128.18026733398438,16.024688720703125,33.85983657836914,308.7528076171875,63.300296783447266,322.468505859375,45.759559631347656,369.7714538574219,32.73400115966797,170.35400390625,94.96393585205078
2023-07-28,112.95999908447266,132.2100067138672,37.772499084472656,699.1757202148438,86.63340759277344,50.138832092285156,131.33030700683594,15.932385444641113,36.09429931640625,322.3922424316406,64.31086730957031,329.9276123046875,46.606956481933594,376.5066833496094,33.45000076293945,174.0732879638672,96.40727996826172
2023-07-31,114.4000015258789,133.67999267578125,38.772499084472656,697.2680053710938,86.5236587524414,50.434268951416016,131.468994140625,16.04315185546875,35.05546951293945,315.5775451660156,64.52886199951172,327.538818359375,46.58601379394531,376.70306396484375,33.027000427246094,174.79490661621094,94.77277374267578
2023-08-01,117.5999984741211,131.69000244140625,46.40250015258789,691.31103515625,88.57926940917969,50.863136291503906,130.3099822998047,16.070842742919922,35.084869384765625,319.64849853515625,65.32146453857422,327.9483337402344,46.36469268798828,375.8292236328125,33.75600051879883,174.90594482421875,94.0558853149414
2023-08-02,109.3499984741211,128.2100067138672,44.31999969482422,666.2907104492188,85.91227722167969,50.46286392211914,127.16987609863281,15.913920402526855,33.703033447265625,311.32818603515625,61.53672790527344,319.328857421875,44.133548736572266,367.58209228515625,31.961000442504883,168.21192932128906,91.47509002685547
2023-08-03,113.1500015258789,128.91000366210938,44.439998626708984,664.2909545898438,85.20748901367188,50.99656677246094,127.23921966552734,15.98776626586914,34.17344665527344,310.2187805175781,61.77450942993164,318.5097961425781,44.378787994384766,366.9929504394531,32.12099838256836,167.7809295654297,90.786865234375
2023-08-04,115.81999969482422,139.57000732421875,44.900001525878906,661.3939208984375,84.88687133789062,50.73924255371094,126.90245056152344,16.03392219543457,34.56195068359375,307.78216552734375,62.11137008666992,319.60186767578125,44.54328918457031,365.2747497558594,33.808998107910156,167.5164031982422,91.9147720336914
2023-08-07,116.80999755859375,142.22000122070312,44.817501068115234,676.396240234375,86.3705825805664,52.006771087646484,130.29019165039062,16.200075149536133,34.65046691894531,313.5567932128906,62.96342849731445,321.87371826171875,45.27803421020508,368.3674621582031,35.32899856567383,169.27972412109375,92.09638214111328
2023-08-08,113.2300033569336,139.94000244140625,45.11249923706055,662.6912841796875,85.03226470947266,54.875389099121094,130.16139221191406,16.680076599121094,34.44392395019531,309.67401123046875,61.38810348510742,317.9150390625,44.5273323059082,365.2354431152344,34.7400016784668,166.58580017089844,90.31849670410156
2023-08-09,110.47000122070312,137.85000610351562,44.3650016784668,655.9801635742188,81.90984344482422,53.91282653808594,128.43783569335938,16.320077896118164,33.716094970703125,302.3144836425781,59.386756896972656,314.19036865234375,42.42379379272461,361.2198791503906,26.613000869750977,163.52940368652344,89.83101654052734
2023-08-10,110.2300033569336,138.55999755859375,44.07500076293945,661.1694946289062,81.15595245361328,53.36960220336914,128.46754455566406,16.264694213867188,34.10951232910156,302.8395080566406,58.386077880859375,314.8728332519531,42.258304595947266,361.88751220703125,27.711999893188477,162.8697967529297,90.61482238769531
2023-08-11,107.56999969482422,138.41000366210938,43.73500061035156,645.5330810546875,79.89080047607422,54.17014694213867,128.33877563476562,16.24622917175293,34.316062927246094,298.7784423828125,56.56305694580078,313.0008239746094,40.7299919128418,359.5802001953125,25.44300079345703,158.92196655273438,87.9288558959961
2023-08-14,111.9800033569336,140.57000732421875,44.529998779296875,650.1859130859375,82.23429870605469,54.09389877319336,130.09207153320312,16.24622917175293,35.09306335449219,303.28521728515625,59.020164489746094,315.95526123046875,43.619117736816406,363.6155090332031,26.945999145507812,163.5065460205078,88.961181640625
2023-08-15,111.3499984741211,137.6699981689453,44.912498474121094,635.7006225585938,81.11936950683594,53.11228561401367,128.5567169189453,15.969305038452148,34.198036193847656,299.0854797363281,58.57432174682617,313.8295593261719,43.80555725097656,359.7569580078125,26.422000885009766,160.77670288085938,87.63255310058594
2023-08-16,107.19000244140625,135.07000732421875,45.342498779296875,630.5697021484375,80.20179748535156,52.62623596191406,127.48689270019531,15.729305267333984,32.978431701660156,291.49810791015625,56.84046936035156,313.0674743652344,43.35293960571289,355.9474792480469,25.37299919128418,157.664794921875,87.72813415527344
2023-08-17,104.44000244140625,133.97999572753906,45.689998626708984,628.521240234375,79.63469696044922,52.283145904541016,128.6953887939453,15.664690971374512,32.044063568115234,282.3854064941406,57.02872085571289,309.62799072265625,43.21137237548828,352.05950927734375,24.4060001373291,156.12356567382812,87.59431457519531
2023-08-18,105.44999694824219,133.22000122070312,45.1349983215332,639.2415161132812,79.51338195800781,52.34986114501953,126.25856018066406,15.692380905151367,32.21126174926758,280.5628662109375,57.05843734741211,309.2371826171875,43.16651153564453,351.61767578125,24.354999542236328,156.96273803710938,87.07815551757812
2023-08-21,108.22000122070312,134.67999267578125,46.16749954223633,646.2549438476562,83.2972640991211,53.41725158691406,127.15998077392578,15.729305267333984,32.594852447509766,287.1497497558594,59.475921630859375,314.51361083984375,46.82329177856445,357.2828063964844,25.263999938964844,161.4722442626953,88.47370147705078
2023-08-22,105.66000366210938,134.25,46.880001068115234,651.132080078125,82.39702606201172,53.17899703979492,127.86328887939453,15.498533248901367,32.34896469116211,284.8716125488281,59.03999328613281,315.080322265625,45.528255462646484,356.772216796875,25.80900001525879,160.04852294921875,88.16783142089844
2023-08-23,109.43000030517578,135.52000427246094,47.45750045776367,660.4965209960938,84.39871215820312,54.160621643066406,131.1222686767578,15.71084213256836,33.4210319519043,291.4486083984375,60.93235778808594,319.51641845703125,46.971832275390625,362.3980407714844,27.76099967956543,163.3204345703125,90.06041717529297
2023-08-24,101.80000305175781,131.83999633789062,44.79750061035156,631.915771484375,82.26895904541016,54.04624557495117,128.5567169189453,15.415456771850586,32.05389404296875,284.0296325683594,56.761207580566406,312.6473083496094,47.0186882019043,354.6514892578125,26.25,157.92279052734375,88.44501495361328
2023-08-25,102.25,133.25999450683594,45.224998474121094,635.0275268554688,82.01476287841797,53.569732666015625,128.65576171875,15.341609954833984,32.703041076660156,282.79150390625,53.006195068359375,315.5884094238281,45.877197265625,357.4006042480469,25.395999908447266,158.60198974609375,88.9898681640625
2023-08-28,102.61000061035156,133.13999938964844,45.4900016784668,642.8115844726562,82.90635681152344,54.50371170043945,129.7751007080078,15.498533248901367,33.06695556640625,287.50634765625,54.66078567504883,316.29193115234375,46.69169235229492,360.0907897949219,25.516000747680664,160.6101531982422,89.8501205444336
2023-08-29,105.91999816894531,134.91000366210938,46.36249923706055,651.1224975585938,85.68407440185547,53.84611511230469,133.3015594482422,15.54468822479248,33.74560546875,295.1629638671875,55.602012634277344,320.8941650390625,48.63472366333008,367.9551086425781,26.163000106811523,164.82901000976562,90.8824462890625
2023-08-30,106.58999633789062,135.07000732421875,46.775001525878906,653.1221923828125,85.91033935546875,53.074161529541016,134.59921264648438,16.024688720703125,33.96198272705078,292.3004455566406,56.810752868652344,321.26544189453125,49.113258361816406,370.0071105957031,26.79199981689453,165.60617065429688,90.59569549560547
2023-08-31,105.72000122070312,138.00999450683594,48.807498931884766,644.3139038085938,88.85752868652344,53.598323822021484,134.88645935058594,15.683154106140137,34.56195068359375,293.0830078125,57.71234893798828,320.2590637207031,49.20398712158203,371.11651611328125,27.507999420166016,166.75228881835938,89.43912506103516
2023-09-01,109.44999694824219,138.1199951171875,49.34000015258789,646.2549438476562,84.00780487060547,64.98702239990234,134.38125610351562,16.597002029418945,36.00777053833008,293.56829833984375,57.41511917114258,321.138427734375,48.36056137084961,370.7238464355469,28.215999603271484,167.18663024902344,89.07588195800781
2023-09-05,110.77999877929688,137.27000427246094,49.3650016784668,647.2694702148438,83.97412109375,64.90126037597656,134.49024963378906,16.440073013305664,36.10612487792969,297.3025207519531,57.35567092895508,325.91644287109375,48.399452209472656,371.19512939453125,28.027999877929688,167.13108825683594,90.42365264892578
2023-09-06,109.27999877929688,135.36000061035156,49.3849983215332,649.6884765625,83.98373413085938,67.1599349975586,133.19261169433594,16.384693145751953,36.37167739868164,296.33184814453125,56.18656539916992,325.2618103027344,46.920867919921875,367.92559814453125,27.402999877929688,165.9228973388672,88.18694305419922
2023-09-07,106.58999633789062,137.85000610351562,48.8849983215332,622.1322021484375,82.51640319824219,65.73990631103516,133.9850311279297,15.960074424743652,37.551944732666016,295.8365783691406,56.057769775390625,322.3598327636719,46.10330581665039,365.29437255859375,26.74799919128418,162.1252899169922,86.07450866699219
2023-09-08,106.08999633789062,138.22999572753906,49.11750030517578,612.44580078125,82.56648254394531,67.18850708007812,135.09445190429688,16.006229400634766,37.38473892211914,295.0639953613281,55.22551727294922,326.6200256347656,45.436302185058594,365.8049011230469,28.06599998474121,161.2860565185547,85.68262481689453
2023-09-11,105.31999969482422,143.10000610351562,48.29750061035156,612.2996826171875,82.71957397460938,68.77054595947266,135.62939453125,15.904685974121094,37.955196380615234,304.6422119140625,55.800167083740234,330.20599365234375,45.04347610473633,370.1150817871094,27.73200035095215,161.19467163085938,85.6443862915039
2023-09-12,105.30999755859375,141.22999572753906,47.25749969482422,603.6082153320312,81.31193542480469,67.40771484375,134.06430053710938,15.766226768493652,38.22075271606445,298.7982177734375,55.136356353759766,324.1772155761719,44.736385345458984,366.0111083984375,26.76799964904785,159.82650756835938,86.48552703857422
2023-09-13,107.70999908447266,144.85000610351562,47.022499084472656,601.9012451171875,82.12165832519531,67.140869140625,135.42138671875,15.589600563049316,38.07322311401367,302.16595458984375,55.086814880371094,328.3691101074219,45.34956359863281,367.4052734375,27.09600067138672,160.6461181640625,87.19286346435547
2023-09-14,106.62999725341797,144.72000122070312,46.88999938964844,606.6322021484375,83.92308807373047,67.81752014160156,136.79827880859375,15.998629570007324,38.033878326416016,308.7627868652344,55.3245964050293,330.9486999511719,45.44527053833008,370.4095458984375,27.07699966430664,161.79550170898438,87.8855972290039
2023-09-15,101.48999786376953,140.38999938964844,46.18000030517578,582.0117797851562,82.00129699707031,66.03535461425781,136.10487365722656,15.868484497070312,37.25687789916992,297.46099853515625,53.987056732177734,322.6627197265625,43.76927185058594,364.0671081542969,24.926000595092773,157.1260223388672,85.75260162353516
2023-09-18,102.37000274658203,139.97999572753906,46.505001068115234,583.0555419921875,81.83956146240234,65.90192413330078,136.90725708007812,15.803412437438965,37.36506652832031,299.6796569824219,54.274375915527344,321.52923583984375,43.835079193115234,364.4466857910156,24.43000030517578,157.66156005859375,85.34906005859375
2023-09-19,101.61000061035156,137.6300048828125,46.20750045776367,579.1928100585938,81.76252746582031,66.61669158935547,136.7388153076172,15.868484497070312,35.742210388183594,302.1758728027344,53.59074401855469,321.128662109375,43.39041519165039,363.66986083984375,24.77400016784668,156.33253479003906,84.71492767333984
2023-09-20,100.33999633789062,135.2899932861328,45.6875,575.3983154296875,80.40433502197266,65.70179748535156,132.4793701171875,15.896373748779297,34.11935043334961,296.82708740234375,52.45136260986328,313.4289245605469,42.11322784423828,358.42926025390625,24.30699920654297,153.76596069335938,83.86941528320312
2023-09-21,96.11000061035156,129.3300018310547,44.46500015258789,567.8287353515625,78.25426483154297,65.22528076171875,129.21046447753906,15.784819602966309,34.08000946044922,292.9244689941406,51.36151885986328,312.2173767089844,40.894866943359375,351.8612365722656,23.15399932861328,150.92837524414062,82.01502990722656
2023-09-22,96.19999694824219,129.1199951171875,45.084999084472656,572.6865234375,80.26009368896484,66.75965118408203,129.02223205566406,15.822003364562988,33.61774444580078,296.2426452636719,51.81726837158203,309.7550354003906,41.48609924316406,351.910400390625,23.575000762939453,152.18551635742188,82.28404998779297
2023-09-25,97.37999725341797,131.27000427246094,45.29499816894531,571.7403564453125,80.7257308959961,66.7406005859375,129.87417602539062,15.775524139404297,33.72593307495117,297.97601318359375,52.144222259521484,310.2729797363281,42.09627914428711,353.581787109375,24.88599967956543,153.29904174804688,82.86054229736328
2023-09-26,95.95999908447266,125.9800033569336,44.47999954223633,558.6497192382812,79.01225280761719,65.6922607421875,127.35810852050781,15.598899841308594,33.27349853515625,296.1238098144531,51.23271942138672,304.9964904785156,41.786197662353516,348.27239990234375,24.92099952697754,150.51553344726562,80.98697662353516
2023-09-27,98.06999969482422,125.9800033569336,45.400001525878906,560.4251708984375,79.07228088378906,64.75830078125,129.30953979492188,15.868484497070312,34.040672302246094,294.9153747558594,52.06496047973633,305.63165283203125,42.34153747558594,349.08843994140625,25.753999710083008,151.84275817871094,82.09191131591797
2023-09-28,102.76000213623047,125.9800033569336,46.10749816894531,566.3948364257812,80.54275512695312,65.28246307373047,131.06283569335938,16.389068603515625,34.601287841796875,301.0763854980469,53.501583099365234,306.462158203125,42.960697174072266,352.0086975097656,26.937999725341797,154.65438842773438,83.02389526367188
2023-09-29,102.81999969482422,127.12000274658203,45.98249816894531,574.208251953125,80.40530395507812,65.66368103027344,129.6265106201172,16.147369384765625,34.965206146240234,297.3619689941406,53.63038635253906,308.5238342285156,43.36947250366211,352.26434326171875,27.422000885009766,155.2147216796875,83.49468994140625
2023-10-02,103.2699966430664,129.4600067138672,46.95249938964844,567.88720703125,80.8283462524414,64.5200424194336,132.9053192138672,16.21244239807129,34.87668228149414,303.9092712402344,54.08613586425781,314.43536376953125,44.64864730834961,355.20428466796875,28.88599967956543,155.99798583984375,84.2153091430664
2023-10-03,100.08000183105469,124.72000122070312,46.22249984741211,556.5914916992188,78.88060760498047,64.08165740966797,131.1817169189453,15.7383394241333,35.10289764404297,298.0849914550781,52.07487106323242,306.21795654296875,43.38741683959961,348.9704284667969,26.996999740600586,152.77012634277344,82.06307983398438
2023-10-04,104.06999969482422,127.0,46.50749969482422,576.354248046875,79.74992370605469,64.04352569580078,133.96522521972656,15.812705039978027,35.33895492553711,302.6810302734375,52.81795120239258,311.6603698730469,43.909854888916016,353.71954345703125,28.040000915527344,154.798583984375,83.27369689941406
2023-10-05,102.91000366210938,125.95999908447266,47.00749969482422,567.4093017578125,79.75476837158203,63.08096694946289,133.7968292236328,15.608193397521973,35.29961013793945,301.8985595703125,52.669158935546875,312.05126953125,44.554931640625,352.6773376464844,28.760000228881836,154.0481414794922,83.61959838867188
2023-10-06,107.23999786376953,127.95999908447266,48.505001068115234,582.6947021484375,81.82642364501953,63.29063034057617,136.28317260742188,15.645376205444336,35.59467315673828,312.4375305175781,54.087562561035156,319.77044677734375,45.625736236572266,358.5865478515625,28.966999053955078,157.35791015625,85.7910385131836
2023-10-09,106.97000122070312,128.25999450683594,49.099998474121094,576.8516845703125,82.85448455810547,64.02445983886719,137.11524963378906,15.663970947265625,35.46681594848633,315.3397521972656,53.82967758178711,322.2718811035156,45.1381950378418,360.4153137207031,29.0,156.9646759033203,85.50279235839844
2023-10-10,109.01000213623047,129.47999572753906,48.682498931884766,587.3670043945312,83.09941864013672,64.78688049316406,136.75865173339844,15.7383394241333,35.83073425292969,318.7867126464844,54.60334396362305,320.8746032714844,45.66162872314453,362.411376953125,31.0310001373291,158.9767303466797,87.05931091308594
2023-10-11,108.30999755859375,131.8300018310547,47.96500015258789,591.307861328125,84.66284942626953,67.03602600097656,139.22515869140625,15.952152252197266,36.27332305908203,324.7100524902344,54.69261169433594,324.8124084472656,46.666622161865234,364.9972839355469,30.88599967956543,160.1728515625,88.39482879638672
2023-10-12,108.79000091552734,132.3300018310547,48.252498626708984,601.6182250976562,87.6677017211914,65.80662536621094,137.6600799560547,15.756932258605957,36.233985900878906,321.08477783203125,54.17683410644531,323.5812683105469,46.805206298828125,363.7288818359375,29.320999145507812,160.58248901367188,88.79838562011719
2023-10-13,105.08999633789062,129.7899932861328,47.462501525878906,585.0260009765625,85.49730682373047,64.84407043457031,136.0652313232422,15.320013046264648,35.378292083740234,311.70458984375,52.19306564331055,320.229736328125,45.325626373291016,359.1568603515625,28.520000457763672,156.2109375,86.91517639160156
2023-10-16,106.45999908447266,132.5500030517578,49.209999084472656,588.9765014648438,87.37437438964844,64.57722473144531,137.78884887695312,15.905668258666992,35.95859146118164,318.1033020019531,53.2246208190918,325.02734375,45.957740783691406,363.2176513671875,29.16900062561035,158.4228973388672,87.6454086303711
2023-10-17,105.13999938964844,131.47000122070312,48.852500915527344,593.6879272460938,85.61540985107422,64.71063995361328,138.4029998779297,15.784819602966309,35.46681594848633,320.92626953125,52.73859786987305,324.46063232421875,43.80717086791992,362.0278625488281,29.854000091552734,157.26614379882812,87.43401336669922
2023-10-18,102.16999816894531,128.1300048828125,48.54999923706055,568.9310302734375,85.87001037597656,63.74807357788086,136.6595916748047,15.505939483642578,35.0537223815918,313.96295166015625,51.052391052246094,322.5552062988281,42.07034683227539,357.2788391113281,28.503000259399414,154.4315643310547,86.08888244628906
2023-10-19,102.4000015258789,128.39999389648438,47.869998931884766,573.3011474609375,84.0113296508789,63.88151168823242,136.45156860351562,15.152684211730957,35.08323287963867,309.8424377441406,50.278724670410156,323.7375183105469,41.97563934326172,353.9358215332031,26.5049991607666,152.0524444580078,89.2691879272461
2023-10-20,101.80999755859375,125.16999816894531,46.52750015258789,565.8583374023438,82.63668060302734,62.81411361694336,134.32183837890625,14.157999992370605,34.3455696105957,305.721923828125,49.06862258911133,319.1940002441406,41.263763427734375,348.6558532714844,24.857999801635742,149.85360717773438,87.73188781738281
2023-10-23,100.01000213623047,126.55999755859375,46.630001068115234,573.3596801757812,83.46825408935547,62.81411361694336,135.21331787109375,14.130111694335938,33.29317092895508,311.03106689453125,48.62227249145508,321.7833251953125,42.8470344543457,349.7079772949219,25.48900032043457,149.00160217285156,87.53971099853516
2023-10-24,101.66999816894531,128.55999755859375,47.622501373291016,586.0015258789062,85.29691314697266,64.16547393798828,137.5015869140625,14.213775634765625,34.02099609375,309.5848388671875,49.08845520019531,322.9656066894531,43.53298568725586,353.10992431640625,26.261999130249023,151.02345275878906,88.0489501953125
2023-10-25,96.05999755859375,121.38999938964844,46.522499084472656,569.0189208984375,82.24945068359375,63.580841064453125,124.42599487304688,14.074333190917969,32.289947509765625,296.6884460449219,47.164188385009766,332.87359619140625,41.65459442138672,344.4672546386719,25.39900016784668,144.91845703125,84.20569610595703
2023-10-26,93.66999816894531,119.56999969482422,42.45500183105469,573.759521484375,80.03453826904297,61.826961517333984,121.12738800048828,14.065038681030273,31.98504638671875,285.6144714355469,46.25166702270508,320.3861083984375,40.2059211730957,337.899169921875,23.945999145507812,144.05661010742188,84.02313232421875
2023-10-27,96.43000030517578,127.73999786376953,44.04750061035156,575.5154418945312,81.15845489501953,63.21663284301758,121.01844024658203,14.139405250549316,34.95536422729492,293.9149475097656,46.876548767089844,322.2621154785156,40.379398345947266,339.5215759277344,24.139999389648438,145.60662841796875,82.62034606933594
2023-10-30,96.18000030517578,132.7100067138672,43.93000030517578,574.4227294921875,81.43821716308594,63.6671028137207,123.2868423461914,14.223072052001953,35.10289764404297,299.7886962890625,46.45004653930664,329.5904235839844,41.03843307495117,343.3464050292969,23.66200065612793,143.65682983398438,82.68759155273438
2023-10-31,98.5,133.08999633789062,50.092498779296875,584.1090087890625,81.44983673095703,64.12712860107422,122.91041564941406,14.297440528869629,35.899574279785156,298.411865234375,46.836875915527344,330.37213134765625,40.6585693359375,344.9883728027344,23.94700050354004,144.9709014892578,82.92779541015625
2023-11-01,108.04000091552734,137.0,52.709999084472656,594.856689453125,82.56986999511719,65.8139419555664,125.25808715820312,14.436880111694336,36.67658233642578,308.8915100097656,47.31297302246094,338.1499328613281,42.19898223876953,350.97625732421875,25.226999282836914,148.38223266601562,84.35942840576172
2023-11-02,107.83000183105469,138.07000732421875,52.91999816894531,617.4668579101562,84.34724426269531,65.79476165771484,126.28827667236328,14.492661476135254,37.07984161376953,307.92083740234375,48.50324630737305,340.34844970703125,43.37644958496094,357.3476867675781,24.59000015258789,151.75425720214844,86.93439483642578
2023-11-03,112.25,138.60000610351562,53.122501373291016,628.2438354492188,85.44888305664062,66.61900329589844,127.88311767578125,14.808727264404297,37.512596130371094,311.615478515625,50.94329071044922,344.7259216308594,44.87099075317383,361.5461120605469,25.5,155.7423553466797,88.19306945800781
2023-11-06,111.75,139.74000549316406,53.20249938964844,623.3836059570312,85.26981353759766,68.97667694091797,129.02223205566406,14.79013442993164,37.448463439941406,312.8040466308594,50.824256896972656,348.3706359863281,45.61476135253906,363.02093505859375,25.259000778198242,155.45394897460938,88.97132873535156
2023-11-07,113.44999694824219,142.7100067138672,53.150001525878906,622.2784423828125,86.91455841064453,68.63165283203125,129.73548889160156,14.641397476196289,38.25762176513672,315.79541015625,50.764747619628906,352.27911376953125,45.81815719604492,366.4525146484375,25.437999725341797,156.4436492919922,88.78878021240234
2023-11-08,113.58999633789062,142.0800018310547,52.400001525878906,625.1925048828125,88.20303344726562,69.4654769897461,130.5972900390625,14.632100105285645,37.418853759765625,316.7463684082031,51.161502838134766,354.8879699707031,46.4353141784668,366.6884460449219,26.027000427246094,156.6009063720703,88.39482879638672
2023-11-09,113.48999786376953,140.60000610351562,52.90999984741211,620.2736206054688,88.22724151611328,69.2354507446289,129.01235961914062,14.520546913146973,37.30044174194336,317.5090026855469,52.06412124633789,352.4353942871094,46.81019973754883,363.8664855957031,26.488000869750977,155.85049438476562,88.02973175048828
2023-11-10,118.58999633789062,143.55999755859375,51.709999084472656,646.6976928710938,92.69388580322266,70.44305419921875,131.34022521972656,14.836615562438965,38.346431732177734,325.6510314941406,54.17683410644531,361.2099304199219,48.191070556640625,372.0470886230469,26.60300064086914,162.1357879638672,93.62165832519531
2023-11-13,116.79000091552734,142.58999633789062,52.56999969482422,640.1650390625,91.668701171875,70.70181274414062,130.8449249267578,14.873799324035645,37.72475814819336,326.0670166015625,53.016326904296875,358.288330078125,48.4752197265625,370.8868713378906,25.579999923706055,160.55624389648438,92.64163208007812
2023-11-14,119.87999725341797,145.8000030517578,53.79999923706055,660.51611328125,94.1885757446289,70.81683349609375,132.36050415039062,15.264239311218262,38.88916778564453,333.1195068359375,56.56727981567383,361.7961120605469,49.50812911987305,378.8706970214844,29.386999130249023,166.49415588378906,95.0340576171875
2023-11-15,118.0,143.1999969482422,53.435001373291016,663.049072265625,94.42477416992188,69.9063491821289,133.35107421875,15.292123794555664,40.073307037353516,329.5536193847656,56.70615005493164,361.94305419921875,48.74242401123047,379.1558532714844,28.777999877929688,167.70338439941406,94.92837524414062
2023-11-16,119.83000183105469,142.8300018310547,53.32500076293945,665.8555908203125,92.8904037475586,69.52297973632812,135.63929748535156,14.632100105285645,42.7770881652832,331.0196533203125,54.216514587402344,368.3071594238281,49.332672119140625,379.4803466796875,28.367000579833984,167.7852783203125,94.67855834960938
2023-11-17,120.62000274658203,145.17999267578125,53.657501220703125,670.9606323242188,94.65033721923828,70.53889465332031,134.03456115722656,14.808727264404297,43.23101806640625,331.86151123046875,55.12904357910156,362.1192321777344,49.151206970214844,379.56884765625,28.858999252319336,168.96502685546875,95.67780303955078
2023-11-20,121.52999877929688,146.1300048828125,53.834999084472656,678.9993286132812,96.39093017578125,70.30886840820312,134.96571350097656,14.715767860412598,44.14872741699219,336.74481201171875,55.92256546020508,369.5506286621094,50.25889587402344,384.18994140625,30.459999084472656,171.45553588867188,96.04291534423828
2023-11-21,119.16000366210938,143.89999389648438,53.83000183105469,669.327392578125,94.98625946044922,70.55805969238281,135.6789093017578,14.520546913146973,43.063262939453125,333.78314208984375,54.23634719848633,365.27197265625,49.7952766418457,381.9581298828125,28.985000610351562,168.25064086914062,94.55365753173828
2023-11-22,122.51000213623047,146.7100067138672,54.42250061035156,669.6990356445312,94.09563446044922,71.57398223876953,137.1846160888672,14.669285774230957,43.09286117553711,338.25030517578125,55.0496940612793,369.9520568847656,48.57093811035156,383.52142333984375,28.666000366210938,168.78805541992188,94.78425598144531
2023-11-24,122.30999755859375,146.74000549316406,54.59749984741211,675.9384765625,94.76069641113281,71.31520080566406,135.4015350341797,14.715767860412598,43.3790283203125,335.0212707519531,55.57538604736328,369.540771484375,47.63373947143555,382.98065185546875,28.566999435424805,168.90931701660156,93.99637603759766
2023-11-27,122.6500015258789,147.72999572753906,54.66749954223633,673.2001342773438,91.98912048339844,71.36312866210938,135.12420654296875,14.501953125,43.4974479675293,331.5247497558594,55.446449279785156,370.69610595703125,48.098350524902344,382.6463623046875,29.03700065612793,168.67335510253906,93.40068054199219
2023-11-28,122.01000213623047,147.02999877929688,54.3125,661.0833740234375,91.61255645751953,70.95101165771484,135.90672302246094,14.427587509155273,43.64546203613281,335.7740478515625,55.12904357910156,374.7006530761719,47.67860412597656,383.6492614746094,28.56100082397461,167.68698120117188,94.14051055908203
2023-11-29,123.8499984741211,146.32000732421875,54.82500076293945,672.4472045898438,91.07817840576172,71.93816375732422,133.7175750732422,15.357200622558594,44.34607696533203,329.0484924316406,55.64482498168945,370.9311218261719,47.99665451049805,383.275634765625,28.76300048828125,169.50572204589844,95.00523376464844
2023-11-30,121.16000366210938,146.08999633789062,54.9275016784668,668.6819458007812,89.61641693115234,72.71448516845703,131.28074645996094,15.719748497009277,44.1092529296875,324.0464172363281,55.27782440185547,370.9898986816406,46.63072967529297,382.3120422363281,27.347000122070312,168.32275390625,93.49674987792969
2023-12-01,121.38999938964844,147.02999877929688,54.15999984741211,676.9359130859375,90.02976989746094,68.93834686279297,130.61708068847656,15.701156616210938,43.16194152832031,321.738525390625,52.37159729003906,366.68182373046875,46.62574768066406,383.4034729003906,26.96299934387207,169.11248779296875,94.68817138671875
2023-12-04,118.56999969482422,144.83999633789062,53.775001525878906,675.0972900390625,89.44603729248047,66.43690490722656,128.05149841308594,15.3757905960083,41.790306091308594,316.9840393066406,51.588008880615234,361.4241027832031,45.374481201171875,379.8441162109375,26.635000228881836,167.2183837890625,93.20852661132812
2023-12-05,118.37999725341797,146.8800048828125,53.9275016784668,679.214599609375,88.39568328857422,66.40815734863281,129.75527954101562,14.94817066192627,41.365989685058594,315.27044677734375,50.288639068603516,364.7333984375,46.431419372558594,380.7978210449219,26.29599952697754,166.26806640625,92.90105438232422
2023-12-06,116.81999969482422,144.52000427246094,53.349998474121094,676.818603515625,87.47795867919922,64.81719207763672,128.79444885253906,14.762246131896973,40.72458267211914,314.43841552734375,50.02082443237305,361.09112548828125,45.371490478515625,378.5953674316406,25.341999053955078,165.2423553466797,94.01558685302734
2023-12-07,128.3699951171875,146.8800048828125,53.8224983215332,684.2214965820312,89.28050231933594,65.73725891113281,135.63929748535156,14.985352516174316,41.59295654296875,323.49163818359375,51.766544342041016,363.1962585449219,46.461334228515625,383.88519287109375,25.614999771118164,169.67283630371094,95.39915466308594
2023-12-08,128.9199981689453,147.4199981689453,56.00749969482422,681.0726318359375,91.41410064697266,65.84268951416016,133.7175750732422,15.078315734863281,42.135684967041016,329.5932312011719,52.45094680786133,366.40771484375,47.368709564208984,385.5960388183594,27.264999389648438,171.01315307617188,96.41763305664062
2023-12-11,134.41000366210938,145.88999938964844,56.64250183105469,694.578125,99.6368408203125,66.3602294921875,132.03359985351562,15.487342834472656,43.95136642456055,322.1941223144531,54.0379638671875,363.5389404296875,46.49224090576172,388.8899230957031,26.22599983215332,176.84617614746094,96.9941177368164
2023-12-12,137.61000061035156,147.47999572753906,57.46500015258789,704.6704711914062,103.8033676147461,67.07903289794922,131.2708740234375,15.337437629699707,43.457977294921875,331.04931640625,53.81974792480469,366.5545654296875,47.51926803588867,391.98712158203125,26.53700065612793,178.12094116210938,97.61864471435547
2023-12-13,138.19000244140625,148.83999633789062,57.38750076293945,719.07568359375,105.48876190185547,66.96401977539062,131.32037353515625,15.534191131591797,43.9809684753418,331.5643615722656,56.74582290649414,366.5447998046875,47.94902801513672,396.9721374511719,27.332000732421875,180.86376953125,98.11827087402344
2023-12-14,138.0,147.4199981689453,57.75749969482422,737.0895385742188,107.11508178710938,69.41755676269531,130.69631958007812,15.98391342163086,44.582908630371094,330.00927734375,58.8089485168457,358.2812194824219,48.210262298583984,396.62799072265625,29.440000534057617,185.87757873535156,99.86457824707031
2023-12-15,139.14999389648438,149.97000122070312,58.900001525878906,736.356201171875,109.36585998535156,68.64124298095703,131.35011291503906,15.665360450744629,45.54995346069336,331.7426452636719,59.10652160644531,362.98089599609375,48.74869918823242,398.5452575683594,30.01099967956543,186.56903076171875,98.98611450195312
2023-12-18,138.89999389648438,154.07000732421875,59.70249938964844,725.6964111328125,111.03671264648438,70.31847381591797,134.5199737548828,15.730947494506836,45.0861701965332,341.3506774902344,59.235450744628906,364.8607177734375,49.93227767944336,401.05560302734375,32.21900177001953,186.05123901367188,99.36258697509766
2023-12-19,140.14999389648438,153.7899932861328,59.17499923706055,728.2977294921875,110.82568359375,70.47180938720703,135.36192321777344,15.76842212677002,46.0433464050293,347.03619384765625,59.17593765258789,365.4579772949219,49.460636138916016,403.10479736328125,31.5939998626709,187.04417419433594,100.27001190185547
2023-12-20,135.47000122070312,152.1199951171875,58.290000915527344,713.5209350585938,107.98594665527344,69.40796661376953,137.03599548339844,15.684097290039062,45.155242919921875,345.9664306640625,57.07313919067383,362.87310791015625,47.971954345703125,397.11474609375,30.20800018310547,181.49940490722656,96.57276916503906
2023-12-21,139.91000366210938,153.83999633789062,58.834999084472656,738.6151733398438,109.63046264648438,72.1873550415039,139.09640502929688,15.92769718170166,46.457801818847656,350.73077392578125,59.76115798950195,365.73211669921875,48.84841537475586,401.7353820800781,30.417999267578125,186.5231170654297,98.99576568603516
2023-12-22,139.60000610351562,153.4199981689453,59.564998626708984,735.9356079101562,109.11405944824219,72.56112670898438,140.15631103515625,16.012020111083984,47.365638732910156,350.0375061035156,59.76115798950195,366.7503356933594,48.68887710571289,402.3363952636719,28.972000122070312,187.12069702148438,99.57495880126953
2023-12-26,143.41000366210938,153.41000366210938,59.38249969482422,745.8616943359375,110.07782745361328,73.79747772216797,140.18601989746094,16.143190383911133,49.83259963989258,351.46380615234375,60.65385437011719,366.8287048339844,49.13658142089844,404.79937744140625,29.433000564575195,190.42713928222656,100.82991027832031
2023-12-27,146.07000732421875,153.33999633789062,59.432498931884766,747.1820678710938,109.52152252197266,74.04667663574219,139.046875,16.012020111083984,50.08916091918945,354.4353332519531,60.76295852661133,366.2511291503906,49.27418518066406,405.6234436035156,29.5,190.91639709472656,101.02298736572266
2023-12-28,148.75999450683594,153.3800048828125,59.24250030517578,741.1381225585938,109.15587615966797,73.49079895019531,138.90818786621094,16.086977005004883,49.72405242919922,354.920654296875,60.80262756347656,367.4357604980469,49.378875732421875,405.42626953125,29.145000457763672,190.5584716796875,101.07124328613281
2023-12-29,147.41000366210938,151.94000244140625,58.877498626708984,740.2288208007812,108.55681610107422,73.31827545166016,138.373291015625,15.90895938873291,49.58590316772461,350.60198974609375,59.8206672668457,368.1798095703125,49.378875732421875,403.67169189453125,28.426000595092773,189.15972900390625,100.3955078125
2024-01-02,138.5800018310547,149.92999267578125,57.88999938964844,701.1107177734375,105.5546646118164,71.67940521240234,136.86761474609375,15.862112998962402,47.16828155517578,343.00482177734375,57.698028564453125,363.117919921875,48.02878952026367,396.84063720703125,28.545000076293945,182.3465576171875,98.01112365722656
2024-01-03,135.32000732421875,148.47000122070312,57.349998474121094,687.8596801757812,102.94833374023438,73.41411590576172,137.61053466796875,15.965177536010742,46.42819595336914,341.2020568847656,56.29947280883789,362.85357666015625,47.4315185546875,392.6414794921875,28.06399917602539,178.42941284179688,96.6982650756836
2024-01-04,136.00999450683594,144.57000732421875,57.63999938964844,684.847412109375,102.01763916015625,72.8103256225586,135.10440063476562,15.92769718170166,46.250572204589844,343.826904296875,57.659793853759766,360.2491149902344,47.859283447265625,390.6207580566406,28.8799991607666,176.92886352539062,95.69429779052734
2024-01-05,138.5800018310547,145.24000549316406,57.72999954223633,687.8302612304688,102.04389190673828,72.68571472167969,134.45059204101562,16.086977005004883,46.27030563354492,348.6111145019531,59.496726989746094,360.0631408691406,48.95509719848633,391.0840759277344,29.21299934387207,177.91062927246094,96.15764617919922
2024-01-08,146.17999267578125,149.10000610351562,61.462501525878906,704.9444580078125,104.53060150146484,76.05934143066406,137.5312957763672,16.602279663085938,47.809696197509766,355.25750732421875,63.65713882446289,366.8581237792969,52.10198974609375,399.1669616699219,32.02799987792969,183.7059326171875,98.6965103149414
2024-01-09,149.25999450683594,151.3699951171875,61.29999923706055,700.1621704101562,105.27360534667969,73.90291595458984,139.62142944335938,15.121943473815918,47.41497802734375,354.03912353515625,63.02165222167969,367.9351501464844,52.98642349243164,399.9555969238281,34.37300109863281,183.7682647705078,98.35862731933594
2024-01-10,148.5399932861328,153.72999572753906,62.307498931884766,701.9616088867188,105.08688354492188,74.99549102783203,140.93885803222656,15.393653869628906,46.84264373779297,366.9553527832031,62.98193359375,374.7691650390625,54.192928314208984,402.666259765625,34.237998962402344,183.15101623535156,97.3064193725586
2024-01-11,148.02000427246094,155.17999267578125,62.935001373291016,702.685302734375,106.97452545166016,76.39476776123047,140.74075317382812,15.337437629699707,47.010398864746094,366.16302490234375,65.40470123291016,376.5903015136719,54.66355895996094,403.504150390625,34.33100128173828,183.827392578125,97.71186065673828
2024-01-12,146.55999755859375,154.6199951171875,63.00749969482422,697.4923706054688,107.7233657836914,76.01139068603516,141.3053436279297,14.887714385986328,46.49726486206055,370.937255859375,65.21602630615234,380.3500671386719,54.55188751220703,403.711181640625,33.95600128173828,183.01637268066406,97.73116302490234
2024-01-16,158.74000549316406,153.16000366210938,63.314998626708984,690.9205322265625,108.43135833740234,76.21267700195312,141.1468963623047,14.344297409057617,46.43806076049805,363.9739685058594,65.0571517944336,382.1124267578125,56.21905517578125,403.67169189453125,32.63100051879883,185.61029052734375,98.14627075195312
2024-01-17,160.1699981689453,151.7100067138672,62.247501373291016,696.5634155273438,107.33338928222656,74.43004608154297,140.1365203857422,14.091327667236328,45.45127868652344,364.87530517578125,64.89830017089844,381.32916259765625,55.89101028442383,401.3946838378906,31.822999954223633,183.90948486328125,99.38189697265625
2024-01-18,162.6699981689453,153.5,64.38999938964844,728.112060546875,111.24678802490234,75.14883422851562,142.12754821777344,14.016373634338379,46.122291564941406,372.56170654296875,67.7281723022461,385.63720703125,56.94196319580078,407.0921325683594,31.143999099731445,189.9805908203125,109.11254119873047
2024-01-19,174.22999572753906,155.33999633789062,65.87750244140625,741.1187133789062,117.79081726074219,79.73005676269531,145.000244140625,14.4005126953125,47.5136604309082,379.8122863769531,70.577880859375,390.3369140625,59.319068908691406,415.1651916503906,42.33599853515625,197.41102600097656,110.24199676513672
2024-01-22,168.17999267578125,154.77999877929688,66.6500015258789,749.7735595703125,118.69526672363281,78.11270904541016,144.61390686035156,14.522313117980957,47.582733154296875,378.15814208984375,69.61473846435547,388.22198486328125,59.48159408569336,415.7073974609375,43.624000549316406,198.0579071044922,109.11254119873047
2024-01-23,168.4199981689453,156.02000427246094,65.51000213623047,761.225341796875,119.26028442382812,79.35457611083984,145.6540069580078,14.522313117980957,48.24387741088867,381.5457458496094,70.10128784179688,390.56201171875,59.69997024536133,417.4323425292969,45.737998962402344,199.37124633789062,110.17440795898438
2024-01-24,178.2899932861328,156.8699951171875,65.61750030517578,828.6255493164062,121.94053649902344,80.5868148803711,147.29835510253906,14.765913009643555,48.44123077392578,386.9934997558594,71.76941680908203,394.1455078125,61.18465805053711,419.748779296875,47.01900100708008,202.27381896972656,112.48158264160156
2024-01-25,180.3300018310547,157.75,66.1050033569336,849.9154663085938,119.61914825439453,79.94183349609375,150.43846130371094,14.915821075439453,48.89515686035156,389.4499816894531,69.50552368164062,396.4072570800781,61.43892288208008,420.2613525390625,47.55799865722656,201.71237182617188,112.52019500732422
2024-01-26,177.25,159.1199951171875,66.0999984741211,848.6146850585938,117.17620086669922,81.07780456542969,150.7554473876953,14.84086799621582,43.07312774658203,390.40081787109375,67.55936431884766,395.4869079589844,60.854618072509766,417.75762939453125,47.415000915527344,196.27496337890625,113.19593811035156
2024-01-29,177.8300018310547,161.25999450683594,67.3949966430664,863.1567993164062,118.42977142333984,80.29802703857422,152.06300354003906,14.803390502929688,43.260616302490234,397.215576171875,69.64453887939453,401.1558837890625,62.28447341918945,422.03564453125,49.56700134277344,198.3172607421875,112.92564392089844
2024-01-30,172.05999755859375,159.0,67.98999786376953,848.8886108398438,117.49518585205078,81.63616180419922,150.0323486328125,14.887714385986328,42.3527717590332,396.2647399902344,68.34378814697266,400.04949951171875,62.59257125854492,419.22637939453125,51.297000885009766,195.2538299560547,112.03752136230469
2024-01-31,167.69000244140625,155.1999969482422,64.66999816894531,850.6392211914062,114.756591796875,79.78778076171875,138.77943420410156,14.325559616088867,42.51066589355469,386.4388427734375,67.22176361083984,389.2696838378906,61.349185943603516,411.015380859375,52.96099853515625,192.4267578125,109.04498291015625
2024-02-01,170.47999572753906,159.27999877929688,65.74500274658203,870.9021606445312,116.70257568359375,82.57958984375,139.82943725585938,14.391142845153809,42.786964416503906,391.0347900390625,66.39762878417969,395.3399963378906,62.84485626220703,415.855224609375,58.349998474121094,193.37893676757812,109.46006774902344
2024-02-02,177.66000366210938,171.80999755859375,68.2750015258789,871.0195922851562,119.06871032714844,83.09945678710938,141.03794860839844,14.43799114227295,42.03700256347656,470.48382568359375,67.05297088623047,402.62457275390625,65.96880340576172,422.8833923339844,57.9630012512207,195.84808349609375,111.73827362060547
2024-02-05,174.22999572753906,170.30999755859375,68.24250030517578,880.263671875,120.89313507080078,82.51221466064453,142.32565307617188,14.316189765930176,42.20475769042969,455.0516662597656,66.54657745361328,397.1709899902344,69.13163757324219,422.33135986328125,66.33499908447266,198.52410888671875,114.67291259765625
2024-02-06,167.8800048828125,169.14999389648438,66.22250366210938,886.4845581054688,118.90435791015625,79.59526824951172,142.74169921875,14.316189765930176,42.29877853393555,450.4061584472656,66.60614013671875,397.0142517089844,68.02584075927734,421.4836730957031,68.15899658203125,196.2092742919922,115.2424545288086
2024-02-07,170.94000244140625,170.52999877929688,66.76249694824219,903.4716796875,122.25077819824219,80.6156997680664,144.16815185546875,14.297452926635742,42.33836364746094,465.13507080078125,68.87996673583984,405.39532470703125,69.89640808105469,425.8208312988281,68.36000061035156,199.21034240722656,120.64837646484375
2024-02-08,169.35000610351562,169.83999633789062,68.97250366210938,904.1672973632812,123.97212219238281,81.63616180419922,144.53465270996094,14.522313117980957,42.061256408691406,465.54119873046875,70.518310546875,405.4541015625,69.43972778320312,426.609375,69.80000305175781,202.63499450683594,129.0950927734375
2024-02-09,172.47999572753906,174.4499969482422,70.61250305175781,930.2850341796875,124.8162612915039,82.98392486572266,147.5955352783203,14.503575325012207,42.86289596557617,463.66900634765625,68.34378814697266,411.7595520019531,71.9245376586914,430.80853271484375,74.02899932861328,206.67037963867188,128.49658203125
2024-02-12,171.91000366210938,172.33999633789062,70.22000122070312,910.309814453125,123.02295684814453,83.38825988769531,146.13937377929688,14.625374794006348,43.57545852661133,464.4516296386719,69.92255401611328,406.580078125,72.0392074584961,429.12298583984375,77.3010025024414,206.29605102539062,125.93846130371094
2024-02-13,171.5399932861328,168.63999938964844,66.37750244140625,884.9464721679688,121.72465515136719,80.84677124023438,143.77188110351562,14.269344329833984,42.71444320678711,455.7549133300781,67.64872741699219,397.82696533203125,71.9195556640625,422.4299011230469,79.14900207519531,202.05711364746094,123.12930297851562
2024-02-14,178.6999969482422,170.97999572753906,66.4175033569336,905.6369018554688,122.75260162353516,82.82990264892578,144.5643768310547,14.269344329833984,43.73380661010742,468.7900390625,68.47286987304688,401.672119140625,73.68644714355469,427.0332336425781,88.05500030517578,206.6211395263672,124.78968811035156
2024-02-15,176.75999450683594,169.8000030517578,66.625,910.9270629882812,123.0297622680664,79.6337661743164,141.42425537109375,14.297452926635742,43.595252990722656,479.4380798339844,66.96360778808594,398.7980041503906,72.4480209350586,428.30487060546875,100.4000015258789,206.4241180419922,124.55799865722656
2024-02-16,173.8699951171875,169.50999450683594,65.4375,910.04541015625,121.12459564208984,81.06816101074219,139.1954345703125,13.988265991210938,43.060829162597656,468.8296813964844,65.82173156738281,396.3457946777344,72.40313720703125,424.421142578125,80.33200073242188,205.25521850585938,122.29911041259766
2024-02-20,165.69000244140625,167.0800018310547,64.90249633789062,891.0692749023438,119.28363037109375,79.38346862792969,139.789794921875,14.063220977783203,44.060401916503906,467.27459716796875,64.58055877685547,395.1000061035156,69.25127410888672,421.217529296875,78.75700378417969,201.801025390625,120.98625183105469
2024-02-21,164.2899932861328,168.58999633789062,63.622501373291016,889.737060546875,119.37115478515625,78.35338592529297,141.20632934570312,13.969528198242188,43.021240234375,464.0817565917969,65.0571517944336,394.5016784667969,67.2770004272461,419.53192138671875,73.41699981689453,201.33804321289062,120.99590301513672
2024-02-22,181.86000061035156,174.5800018310547,67.19000244140625,932.4891967773438,126.90328216552734,84.51461029052734,142.73179626464844,14.119436264038086,42.53630065917969,482.0290832519531,69.37643432617188,403.7908935546875,78.31102752685547,431.81402587890625,97.552001953125,211.26065063476562,124.59662628173828
2024-02-23,176.52000427246094,174.99000549316406,66.91500091552734,914.2676391601562,126.07371520996094,86.97908782958984,142.60302734375,14.156912803649902,42.54619598388672,479.94677734375,67.10261535644531,402.505859375,78.58922576904297,430.54241943359375,86.0009994506836,208.98190307617188,125.04067993164062
2024-02-26,176.00999450683594,174.72999572753906,68.43499755859375,928.31591796875,127.31465148925781,89.30880737304688,136.27330017089844,13.988265991210938,42.54619598388672,477.67608642578125,68.13526153564453,399.7593688964844,78.8634262084961,430.3157043457031,87.63400268554688,211.04393005371094,126.11221313476562
2024-02-27,178.0,173.5399932861328,67.97750091552734,922.2224731445312,126.06009674072266,88.14395141601562,137.5709228515625,13.950789451599121,42.28887939453125,482.9413146972656,68.64166259765625,399.7005310058594,78.47354125976562,431.3506774902344,85.11100006103516,210.83380126953125,124.13324737548828
2024-02-28,176.5399932861328,173.16000366210938,68.2925033569336,920.3904418945312,125.39784240722656,89.7708969116211,135.09445190429688,13.92268180847168,41.556522369384766,479.93682861328125,67.06290435791016,399.93585205078125,77.43854522705078,429.053955078125,81.65399932861328,208.46315002441406,122.9651870727539
2024-02-29,192.52999877929688,176.75999450683594,69.38500213623047,932.32275390625,126.4743881225586,91.1282958984375,137.15487670898438,14.269344329833984,42.60557556152344,485.9953308105469,71.1537857055664,405.7428894042969,78.88336944580078,432.7307434082031,86.61199951171875,214.1106719970703,124.21049499511719
2024-03-01,202.63999938964844,178.22000122070312,71.93499755859375,970.7842407226562,136.07119750976562,119.94161987304688,135.8473358154297,14.578530311584473,43.36762619018555,498.06268310546875,77.0617446899414,407.5673522949219,82.04119873046875,439.24627685546875,90.5479965209961,223.2222442626953,129.2592315673828
2024-03-04,205.36000061035156,177.5800018310547,71.98500061035156,977.7398071289062,136.37167358398438,117.23645782470703,132.0930633544922,16.0682373046875,45.1391487121582,493.9872741699219,78.78946685791016,406.9984436035156,84.99064636230469,437.67901611328125,107.43399810791016,225.41558837890625,133.46810913085938
2024-03-05,205.1300048828125,174.1199951171875,70.11750030517578,949.1337890625,130.584228515625,113.35681915283203,131.41946411132812,16.958314895629883,42.71444320678711,486.0845947265625,78.17384338378906,394.9626770019531,85.7195816040039,429.8228454589844,109.08300018310547,220.99610900878906,130.29212951660156
2024-03-06,210.6300048828125,173.50999450683594,71.125,983.510009765625,131.289306640625,114.0788345336914,130.16139221191406,17.58605194091797,44.05050277709961,491.905029296875,80.79521179199219,394.4133605957031,88.44779968261719,432.5237121582031,112.47000122070312,226.4269256591797,136.66339111328125
2024-03-07,211.3800048828125,176.82000732421875,71.62000274658203,1026.086181640625,136.8336181640625,116.00421142578125,133.1133270263672,17.03326988220215,45.67357635498047,507.86920166015625,84.48892211914062,401.3288269042969,92.405517578125,439.0886535644531,115.97599792480469,234.1922607421875,144.0289306640625
2024-03-08,207.38999938964844,175.35000610351562,68.27749633789062,974.1052856445312,127.27478790283203,111.91278076171875,134.13363647460938,16.855249404907227,43.54576873779297,501.6818542480469,74.88722229003906,398.4645080566406,87.27912902832031,432.7504577636719,114.0009994506836,224.71624755859375,141.2970428466797
2024-03-11,198.38999938964844,171.9600067138672,67.75499725341797,943.0892333984375,125.75763702392578,111.53732299804688,136.37229919433594,16.902101516723633,44.39689254760742,479.510498046875,71.84886169433594,396.79693603515625,85.53012084960938,431.14373779296875,108.02200317382812,221.7315673828125,134.20176696777344
2024-03-12,202.75999450683594,175.38999938964844,70.46499633789062,964.2694702148438,125.6370620727539,109.31351470947266,137.19448852539062,16.911470413208008,44.77296829223633,495.5341796875,71.26301574707031,407.3515625,91.65167236328125,437.32415771484375,116.30000305175781,226.33168029785156,139.39532470703125
2024-03-13,194.7899932861328,176.55999755859375,70.17749786376953,949.0750732421875,122.32954406738281,105.89595794677734,138.47235107421875,16.77092742919922,42.78371810913086,491.389404296875,67.15225982666016,407.17498779296875,90.62957763671875,433.962890625,118.80699920654297,220.81546020507812,137.213623046875
2024-03-14,187.05999755859375,178.75,71.00499725341797,940.2581176757812,122.75743865966797,102.47840881347656,141.75115966796875,16.54442596435547,42.30867385864258,487.6809997558594,65.61321258544922,417.10174560546875,87.69395446777344,432.86871337890625,113.01100158691406,217.04278564453125,134.78097534179688
2024-03-15,191.05999755859375,174.4199981689453,69.43250274658203,921.0860595703125,120.15403747558594,103.00789642333984,139.84925842285156,15.789399147033691,42.199806213378906,480.0162048339844,66.39762878417969,408.4698181152344,87.58726501464844,427.7232971191406,106.88300323486328,215.4864501953125,132.23248291015625
2024-03-18,190.64999389648438,174.47999572753906,72.33000183105469,922.193115234375,120.32324981689453,102.65167999267578,146.28794860839844,16.100847244262695,42.26908493041992,492.78753662109375,66.72528839111328,409.3526306152344,88.20350646972656,431.8026123046875,100.06800079345703,215.31898498535156,132.43991088867188
2024-03-19,181.4199981689453,175.89999389648438,71.7300033569336,932.5480346679688,120.39813995361328,103.50849151611328,145.64407348632812,15.836592674255371,41.61589813232422,492.0537414550781,64.60040283203125,413.3645324707031,89.14380645751953,432.8785400390625,91.09700012207031,213.51634216308594,130.72430419921875
2024-03-20,179.72999572753906,178.14999389648438,74.1449966430664,951.1714477539062,124.62120056152344,106.926025390625,147.33798217773438,15.978157043457031,41.76435470581055,501.2554626464844,65.07703399658203,417.11163330078125,90.11504364013672,438.010986328125,89.64700317382812,217.15110778808594,132.54653930664062
2024-03-21,178.67999267578125,178.14999389648438,76.1500015258789,970.6372680664062,131.6531219482422,109.78524780273438,146.208740234375,16.242414474487305,41.98208236694336,503.47662353515625,66.11959838867188,421.1725769042969,91.1750259399414,440.0837707519531,97.16100311279297,222.03697204589844,135.1635284423828
2024-03-22,179.64999389648438,178.8699951171875,76.6050033569336,960.027587890625,132.1873321533203,108.0523910522461,149.34886169433594,16.393421173095703,42.13053512573242,505.2812194824219,66.06997680664062,420.5545654296875,94.02091979980469,440.5871276855469,97.27400207519531,222.30322265625,136.2200164794922
2024-03-25,178.6300048828125,179.7100067138672,76.375,959.0185546875,132.0027618408203,108.7840347290039,148.6554412841797,16.44060707092285,41.39817428588867,498.776611328125,65.6529312133789,414.78680419921875,94.73188781738281,438.9881896972656,104.27899932861328,221.43551635742188,135.9195556640625
2024-03-26,177.8699951171875,178.3000030517578,74.4574966430664,951.5437622070312,130.04067993164062,110.37248229980469,149.24977111816406,16.695430755615234,41.556522369384766,491.7067565917969,67.77782440185547,413.5999450683594,92.29781341552734,437.5668640136719,102.50599670410156,219.7690887451172,134.57228088378906
2024-03-27,179.58999633789062,179.8300018310547,72.10250091552734,954.198486328125,128.79443359375,107.51329040527344,149.44790649414062,16.676549911499023,43.318145751953125,489.6938781738281,71.79920196533203,413.3841552734375,89.99340057373047,439.0572509765625,102.3290023803711,222.5299835205078,132.48837280273438
2024-03-28,180.49000549316406,180.3800048828125,72.49500274658203,950.7305908203125,129.44683837890625,109.85261535644531,149.50732421875,16.733179092407227,43.714012145996094,481.48370361328125,70.37930297851562,412.687744140625,90.0990982055664,438.2479248046875,101.00299835205078,222.7666473388672,131.86807250976562
2024-04-01,183.33999633789062,180.97000122070312,74.9375,972.75341796875,131.87380981445312,115.17630004882812,154.0243682861328,16.93137550354004,44.060401916503906,487.2050476074219,72.68291473388672,416.4642028808594,90.1060791015625,439.17572021484375,103.71499633789062,225.1134490966797,137.1408233642578
2024-04-02,178.6999969482422,180.69000244140625,72.7125015258789,947.0469970703125,130.75067138671875,114.02107238769531,153.10311889648438,16.70486831665039,43.48638916015625,493.17425537109375,73.07014465332031,413.3939514160156,89.19766998291016,435.3855285644531,100.99099731445312,221.642578125,135.9098358154297
2024-04-03,180.77000427246094,182.41000366210938,74.69750213623047,960.3312377929688,133.1385955810547,123.78275299072266,153.45973205566406,17.16731834411621,39.913658142089844,502.4651184082031,72.51410675048828,412.4228210449219,88.7110595703125,436.3626708984375,101.55699920654297,222.26377868652344,137.63516235351562
2024-04-04,165.8300018310547,180.0,72.19249725341797,934.0173950195312,128.67433166503906,122.41573333740234,149.1111297607422,16.93137550354004,39.31985092163086,506.6099853515625,70.37930297851562,409.9019775390625,85.66073608398438,429.69036865234375,95.79900360107422,215.9728240966797,135.3670654296875
2024-04-05,170.4199981689453,185.07000732421875,74.4000015258789,959.6259155273438,130.8161163330078,127.76829528808594,151.0625457763672,16.98799705505371,38.31037902832031,522.8914794921875,72.1368179321289,417.39605712890625,87.75778198242188,434.7538146972656,94.802001953125,218.53656005859375,137.0148162841797
2024-04-08,169.89999389648438,185.19000244140625,74.34500122070312,962.7216186523438,130.4908905029297,122.40609741210938,153.39039611816406,17.120128631591797,37.58791732788086,514.8697509765625,71.41195678710938,416.48382568359375,86.88526153564453,434.8822021484375,92.8499984741211,219.09857177734375,138.4008331298828
2024-04-09,170.77999877929688,185.6699981689453,73.6875,969.69677734375,130.29360961914062,119.11370849609375,155.1239013671875,17.00687599182129,37.93430709838867,512.5394897460938,72.82191467285156,418.1415710449219,85.11131286621094,436.4910583496094,90.41999816894531,221.45521545410156,140.93060302734375
2024-04-10,167.13999938964844,185.9499969482422,72.05500030517578,954.7863159179688,129.1499481201172,118.76713562011719,154.66824340820312,16.98799705505371,36.81596755981445,515.4447631835938,70.92542266845703,415.17919921875,86.79153442382812,432.6810607910156,90.85399627685547,217.4124298095703,141.72543334960938
2024-04-11,170.5,189.0500030517578,74.1449966430664,971.9989624023438,135.01866149902344,119.41213989257812,157.90740966796875,16.93137550354004,37.24153137207031,518.7467041015625,71.08442687988281,419.7600402832031,90.35835266113281,439.5902099609375,93.72799682617188,222.3229522705078,142.67529296875
2024-04-12,163.27999877929688,186.1300048828125,67.80500030517578,942.276123046875,131.269287109375,113.36644744873047,156.2432403564453,16.44060707092285,35.321556091308594,507.5816650390625,69.72295379638672,413.8451843261719,87.93525695800781,432.58233642578125,89.8489990234375,215.0262451171875,138.13914489746094
2024-04-15,160.32000732421875,183.6199951171875,65.80000305175781,935.3989868164062,128.0092010498047,113.41456604003906,153.40029907226562,16.289602279663086,35.935157775878906,496.0101318359375,67.45716857910156,405.7428894042969,85.75645446777344,425.4659729003906,88.2750015258789,212.3047637939453,135.832275390625
2024-04-16,163.4600067138672,183.32000732421875,65.69000244140625,957.0493774414062,129.8032989501953,116.56257629394531,152.9446258544922,16.176349639892578,35.88566970825195,495.54412841796875,67.85466766357422,406.6649169921875,87.16645812988281,425.50543212890625,97.62999725341797,213.91200256347656,135.50277709960938
2024-04-17,154.02000427246094,181.27999877929688,64.81749725341797,889.1491088867188,125.26872253417969,115.15705108642578,154.00453186035156,16.072534561157227,35.31166076660156,490.0012512207031,66.06587982177734,403.9772644042969,83.79606628417969,420.3136291503906,96.00800323486328,207.4238739013672,134.7564239501953
2024-04-18,155.0800018310547,179.22000122070312,64.29750061035156,870.9470825195312,122.95991516113281,113.95368957519531,154.5394287109375,16.081974029541016,34.67826843261719,497.5668640136719,64.83361053466797,396.5517272949219,84.43024444580078,417.91522216796875,92.8479995727539,203.74591064453125,128.20425415039062
2024-04-19,146.63999938964844,174.6300048828125,61.522499084472656,842.0568237304688,117.65862274169922,110.58426666259766,152.6375274658203,15.846029281616211,33.84694290161133,477.01171875,61.742977142333984,391.5001220703125,75.98333740234375,409.2688903808594,71.36499786376953,195.62091064453125,123.77468872070312
2024-04-22,148.63999938964844,177.22999572753906,61.36750030517578,854.3123779296875,119.58751678466797,111.66183471679688,154.80691528320312,15.883777618408203,34.054771423339844,477.66619873046875,62.48830795288086,393.304931640625,79.29190063476562,413.3847961425781,71.7020034790039,198.84527587890625,125.76166534423828
2024-04-23,152.27000427246094,179.5399932861328,62.79499816894531,883.2320556640625,122.0027847290039,116.58097839355469,156.76820373535156,15.883777618408203,33.92611312866211,491.9150085449219,63.46220779418945,399.78875732421875,82.18864440917969,419.5536804199219,76.18599700927734,202.9965057373047,129.3285675048828
2024-04-24,151.74000549316406,176.58999633789062,63.692501068115234,874.170166015625,122.74797058105469,116.16542053222656,157.6300506591797,15.978157043457031,34.14384078979492,489.33697509765625,64.44602966308594,401.2502746582031,79.45045471191406,420.97503662109375,75.47200012207031,205.6292266845703,128.88272094726562
2024-04-25,153.75999450683594,173.6699981689453,66.19000244140625,884.15283203125,126.42020416259766,120.71733093261719,154.52955627441406,16.01590919494629,34.74754333496094,437.65655517578125,67.05966186523438,391.4216003417969,82.39706420898438,418.9417419433594,78.73999786376953,209.44522094726562,132.38174438476562
2024-04-26,157.39999389648438,179.6199951171875,66.17500305175781,902.1502685546875,131.269287109375,120.86229705810547,170.3291778564453,16.20466423034668,31.55088996887207,439.5505065917969,69.18632507324219,398.5626220703125,87.48555755615234,425.4067687988281,85.74400329589844,213.87255859375,134.0488739013672
2024-04-29,160.1999969482422,180.9600067138672,65.9175033569336,893.1187744140625,130.73699951171875,123.41368103027344,164.58387756347656,16.214099884033203,31.036256790161133,428.970458984375,68.32173919677734,394.5703430175781,87.50748443603516,427.1340026855469,89.03500366210938,215.49954223632812,134.24273681640625
2024-04-30,158.3800048828125,175.0,64.13999938964844,856.5012817382812,126.99152374267578,120.4563980102539,161.24562072753906,16.044219970703125,30.155445098876953,426.5411376953125,65.49944305419922,381.8969421386719,86.15632629394531,419.07989501953125,85.87999725341797,211.00318908691406,133.11839294433594
2024-05-01,144.27000427246094,179.0,63.8025016784668,837.230712890625,121.38456726074219,114.79309844970703,162.31546020507812,15.515704154968262,30.05647850036621,435.4850769042969,63.42245101928711,387.3998718261719,82.80488586425781,416.04974365234375,73.83000183105469,203.87408447265625,130.79217529296875
2024-05-02,146.16000366210938,184.72000122070312,65.46499633789062,854.3515625,120.96558380126953,119.24835968017578,165.04942321777344,15.600646018981934,30.195032119750977,437.9540100097656,66.25469970703125,390.2445373535156,85.57298278808594,421.3598937988281,76.25199890136719,208.45916748046875,132.04249572753906
2024-05-03,150.60000610351562,186.2100067138672,68.5999984741211,885.127685546875,124.8272705078125,120.90096282958984,165.66360473632812,15.912091255187988,30.58100700378418,448.1473693847656,68.08323669433594,398.8961486816406,88.53655242919922,429.8285827636719,78.2699966430664,213.15272521972656,137.20864868164062
2024-05-06,155.77999877929688,188.6999969482422,69.70500183105469,900.1378784179688,127.97210693359375,124.98897552490234,166.51551818847656,16.195226669311523,30.774776458740234,461.7515869140625,69.38507843017578,405.6448059082031,91.87800598144531,434.5367126464844,83.03500366210938,217.580078125,138.43960571289062
2024-05-07,154.42999267578125,188.75999450683594,68.49749755859375,891.5969848632812,127.26892852783203,123.26873016357422,169.6357879638672,15.912091255187988,30.486604690551758,464.28997802734375,68.25218200683594,401.5249328613281,90.29652404785156,434.6058044433594,81.92900085449219,215.65728759765625,136.7725067138672
2024-05-08,153.6199951171875,188.0,72.9175033569336,894.7876586914062,129.4429473876953,127.19245910644531,167.783447265625,16.214099884033203,29.81089210510254,468.6132507324219,67.68572998046875,402.70208740234375,90.15493774414062,434.34912109375,82.26399993896484,215.86436462402344,139.1859588623047
2024-05-09,152.38999938964844,189.5,74.01750183105469,896.8197021484375,127.51892852783203,127.26007843017578,168.35797119140625,16.100847244262695,29.90032386779785,471.409423828125,67.25840759277344,404.4481201171875,88.49466705322266,435.2966613769531,79.97000122070312,215.05580139160156,138.4008331298828
2024-05-10,151.9199981689453,187.47999572753906,78.50749969482422,913.2630615234375,130.16859436035156,128.31350708007812,167.06028747558594,16.100847244262695,29.66183853149414,472.1828308105469,68.04348754882812,406.8218688964844,89.62245178222656,436.32318115234375,79.8499984741211,217.16595458984375,144.67196655273438
2024-05-13,150.55999755859375,186.57000732421875,77.46749877929688,900.4520263671875,130.62860107421875,126.61257934570312,167.54568481445312,16.40285873413086,30.317676544189453,464.06195068359375,68.5900650024414,405.82135009765625,90.1419677734375,437.3299865722656,78.2760009765625,217.61952209472656,141.9095916748047
2024-05-14,153.16000366210938,187.07000732421875,78.41500091552734,898.282470703125,134.7813720703125,129.61817932128906,168.734375,16.657676696777344,30.854272842407227,467.8695068359375,67.59629821777344,408.6070861816406,91.09626007080078,440.14300537109375,82.23699951171875,221.23828125,147.27928161621094
2024-05-15,159.6699981689453,185.99000549316406,81.50749969482422,920.2626953125,140.2642822265625,144.15338134765625,170.8839111328125,16.959684371948242,31.072887420654297,477.4778137207031,69.71302032470703,415.75115966796875,94.36094665527344,447.02252197265625,95.23600006103516,227.4503631591797,150.79769897460938
2024-05-16,162.6199951171875,183.6300048828125,80.02249908447266,902.7098999023438,137.91639709472656,141.3893585205078,172.53817749023438,16.884185791015625,31.828094482421875,469.23785400390625,72.62478637695312,413.6973571777344,94.0907211303711,446.11444091796875,90.44000244140625,226.3361358642578,147.55068969726562
2024-05-17,164.47000122070312,184.6999969482422,79.97250366210938,908.0404052734375,136.27171325683594,144.5012664794922,174.4004364013672,16.855873107910156,31.629356384277344,467.9290466308594,71.47198486328125,412.930908203125,92.21604919433594,445.8973083496094,88.78900146484375,225.05429077148438,147.01756286621094
2024-05-20,166.3300018310547,183.5399932861328,79.84750366210938,922.2456665039062,138.10195922851562,140.56788635253906,175.2523651123047,16.79924201965332,31.897653579711914,464.8849182128906,74.00611114501953,417.9720458984375,94.51051330566406,449.0064392089844,90.39399719238281,230.00421142578125,148.83010864257812
2024-05-21,164.66000366210938,183.14999389648438,79.24749755859375,908.3350219726562,136.65357971191406,142.2978057861328,176.17359924316406,16.780366897583008,31.5399227142334,460.71044921875,72.84339904785156,421.6079406738281,95.11479187011719,449.8848876953125,89.8949966430664,229.2646484375,148.9464111328125
2024-05-22,165.52000427246094,183.1300048828125,79.125,905.44873046875,135.9738311767578,142.8197021484375,174.7174530029297,17.129566192626953,31.221940994262695,463.8338623046875,73.22102355957031,423.06231689453125,94.68002319335938,449.7960205078125,87.3270034790039,231.95657348632812,151.35020446777344
2024-05-23,160.42999267578125,181.0500030517578,75.3550033569336,917.1506958007812,136.07638549804688,148.4153289794922,171.91412353515625,17.214502334594727,29.8903865814209,461.8507080078125,74.55267333984375,419.603271484375,103.50387573242188,447.77264404296875,84.73799896240234,230.6549835205078,152.26129150390625
2024-05-24,166.36000061035156,180.75,76.63749694824219,938.7185668945312,137.4973907470703,154.80348205566406,173.3405303955078,17.37495231628418,30.526351928710938,474.185791015625,76.20233917236328,422.70855712890625,106.16627502441406,452.0069885253906,88.38800048828125,235.23023986816406,155.0818634033203
2024-05-28,171.61000061035156,182.14999389648438,76.87249755859375,973.6964111328125,137.9476318359375,160.5054473876953,174.7372589111328,17.37495231628418,30.86421012878418,475.8714599609375,77.84207153320312,422.86578369140625,113.57714080810547,453.71453857421875,87.47200012207031,239.20399475097656,154.510009765625
2024-05-29,165.13999938964844,182.02000427246094,77.07749938964844,940.3482055664062,135.8204803466797,173.1947479248047,174.24195861816406,17.157880783081055,29.94007110595703,470.3583679199219,75.30793762207031,421.7357482910156,114.4985122680664,450.5165710449219,83.97200012207031,234.26388549804688,149.59584045410156
2024-05-30,166.75,179.32000732421875,75.91500091552734,948.4373779296875,133.22361755371094,164.216552734375,170.48770141601562,17.478763580322266,29.99969482421875,463.1100158691406,76.37128448486328,407.48687744140625,110.1858139038086,445.6900939941406,82.79399871826172,232.6369171142578,148.2582550048828
2024-05-31,166.89999389648438,176.44000244140625,74.4124984741211,942.77294921875,129.75350952148438,134.8756103515625,170.87400817871094,16.657676696777344,30.655534744262695,462.89190673828125,68.38135528564453,407.9389343261719,109.32128143310547,444.8609313964844,78.45099639892578,230.74371337890625,146.3972625732422
2024-06-03,163.5500030517578,178.33999633789062,74.09750366210938,947.8090209960938,129.10401916503906,127.59833526611328,171.53770446777344,16.940813064575195,30.099063873291016,473.4619445800781,67.78510284423828,406.3568115234375,114.67302703857422,447.2495422363281,77.05899810791016,231.11843872070312,150.1870574951172
2024-06-04,159.99000549316406,179.33999633789062,73.29499816894531,933.4075927734375,129.9752197265625,131.203125,172.15184020996094,16.610488891601562,29.8407039642334,472.96612548828125,65.96650695800781,408.8626708984375,116.1059341430664,448.473388671875,77.16100311279297,229.31394958496094,147.78330993652344
2024-06-05,166.1699981689453,181.27999877929688,74.38999938964844,1022.2805786132812,138.0101776123047,133.03936767578125,173.756591796875,18.384790420532227,30.585975646972656,490.88372802734375,69.3652114868164,416.66510009765625,122.09186553955078,457.5145568847656,80.25199890136719,239.34202575683594,157.91209411621094
2024-06-06,166.77999877929688,185.0,74.14250183105469,1033.3441162109375,136.8557586669922,129.46356201171875,175.0641632080078,18.488603591918945,30.22824478149414,489.5947265625,67.67578125,417.166259765625,120.65396118164062,457.35662841796875,77.79199981689453,237.37982177734375,157.08824157714844
2024-06-07,167.8699951171875,184.3000030517578,74.19750213623047,1009.5972290039062,137.38021850585938,125.60748291015625,172.8155517578125,18.903865814208984,30.546226501464844,488.80145263671875,67.56648254394531,416.5078430175781,120.54427337646484,456.9519348144531,76.91100311279297,236.6698455810547,159.3369140625
2024-06-10,160.33999633789062,187.05999755859375,74.3949966430664,1022.6436767578125,140.68423461914062,128.0042724609375,173.55931091308594,19.432384490966797,30.71515464782715,498.36016845703125,69.03726196289062,420.4582214355469,121.44371795654297,458.79766845703125,78.68599700927734,240.08155822753906,162.99102783203125
2024-06-11,158.9600067138672,187.22999572753906,76.19249725341797,1017.048095703125,142.69224548339844,127.22145080566406,175.15597534179688,19.404067993164062,30.7250919342041,503.1889953613281,69.96146392822266,425.1849060058594,120.57611846923828,461.9462585449219,76.76100158691406,240.2790069580078,160.61634826660156
2024-06-12,160.24000549316406,186.88999938964844,77.8324966430664,1049.296875,146.0597686767578,127.38572692871094,176.31625366210938,19.734390258789062,30.56610107421875,504.5474853515625,72.90303039550781,433.4197692871094,124.85427856445312,467.99676513671875,77.4739990234375,247.05191040039062,167.66287231445312
2024-06-13,159.89999389648438,183.8300018310547,82.9175033569336,1033.4425048828125,163.97943115234375,130.4879913330078,173.7080841064453,20.536603927612305,30.26799201965332,499.8475341796875,72.41607666015625,433.93072509765625,129.2520751953125,470.5334167480469,87.11000061035156,249.73733520507812,168.12374877929688
2024-06-14,159.6300048828125,183.66000366210938,82.125,1009.086669921875,169.4535675048828,130.44931030273438,175.32456970214844,20.385601043701172,30.258056640625,500.4033203125,72.8135757446289,434.903564453125,131.51583862304688,472.9713439941406,84.4540023803711,248.83892822265625,167.73483276367188
2024-06-17,158.39999389648438,184.05999755859375,85.0199966430664,1033.206787109375,178.61753845214844,137.2626953125,175.7708282470703,20.442224502563477,30.784713745117188,502.8548889160156,71.37261962890625,440.60308837890625,130.61831665039062,478.7651672363281,88.74099731445312,252.7683563232422,172.33387756347656
2024-06-18,154.6300048828125,182.80999755859375,85.08499908447266,1041.9537353515625,176.04403686523438,144.14370727539062,173.63865661621094,20.73656463623047,30.436920166015625,495.7680969238281,72.68439483642578,438.6082458496094,135.2056121826172,478.9131774902344,92.0009994506836,255.98695373535156,174.716064453125
2024-06-20,161.77999877929688,186.10000610351562,85.04750061035156,1031.5084228515625,169.4066925048828,143.5348663330078,174.838623046875,20.39474868774414,30.426984786987305,497.961669921875,72.78376007080078,437.9793701171875,130.41888427734375,475.2217712402344,91.76399993896484,249.03636169433594,170.52537536621094
2024-06-21,161.22999572753906,189.0800018310547,84.33999633789062,1017.6272583007812,161.990966796875,140.1909942626953,178.14102172851562,19.8630428314209,30.894020080566406,491.09320068359375,71.44216918945312,441.98870849609375,126.22049713134766,473.9485168457031,90.5260009765625,246.60760498046875,169.14466857910156
2024-06-24,160.25,185.57000732421875,82.30249786376953,983.6705322265625,155.9977569580078,132.94271850585938,177.7344207763672,19.435779571533203,30.37729835510254,495.19244384765625,67.34783935546875,439.9152526855469,117.78385162353516,468.552734375,82.697998046875,239.56814575195312,163.1649169921875
2024-06-25,160.25,186.33999633789062,83.63249969482422,1004.610107421875,154.87889099121094,135.6390838623047,182.5045623779297,20.052940368652344,30.546226501464844,506.7953186035156,67.83480072021484,443.1384582519531,125.74181365966797,473.91094970703125,84.31199645996094,243.25079345703125,167.82229614257812
2024-06-26,157.5399932861328,193.61000061035156,83.67500305175781,997.9934692382812,155.97718811035156,133.59991455078125,182.35580444335938,19.8630428314209,30.347488403320312,509.29656982421875,67.84474182128906,444.32745361328125,126.05096435546875,474.8896179199219,83.11599731445312,242.30299377441406,167.30699157714844
2024-06-27,159.47000122070312,197.85000610351562,86.98249816894531,1009.194580078125,155.45401000976562,134.74993896484375,183.8731231689453,19.976980209350586,30.397172927856445,515.6885986328125,68.3018569946289,445.0055236816406,123.64761352539062,476.1155090332031,89.03600311279297,241.0590057373047,166.87918090820312
2024-06-28,162.2100067138672,193.25,87.62000274658203,1004.0111083984375,157.3028106689453,133.28097534179688,180.64013671875,20.100414276123047,30.774776458740234,500.4628601074219,69.4645767211914,439.2077331542969,123.19886779785156,473.64398193359375,81.93499755859375,243.49761962890625,168.9988250732422
2024-07-01,157.69000244140625,197.1999969482422,89.17500305175781,1014.5742797851562,160.7584228515625,138.02618408203125,181.47317504882812,20.09091567993164,30.645597457885742,500.9194030761719,70.55772399902344,448.81829833984375,123.9567642211914,476.4219970703125,81.23200225830078,243.48770141601562,167.55979919433594
2024-07-02,164.30999755859375,200.0,89.25250244140625,1028.7108154296875,162.39263916015625,138.65435791015625,183.70452880859375,20.052940368652344,30.874147415161133,505.70355224609375,71.15397644042969,451.32415771484375,122.33125305175781,481.42425537109375,83.71700286865234,246.9136505126953,170.83648681640625
2024-07-03,163.89999389648438,197.58999633789062,91.3550033569336,1051.8001708984375,169.4214324951172,137.88121032714844,184.2797088623047,19.625675201416016,31.033138275146484,506.1600646972656,71.750244140625,452.7882995605469,127.92576599121094,485.4378967285156,84.69999694824219,251.03070068359375,177.43858337402344
2024-07-05,171.89999389648438,200.0,91.53500366210938,1054.81396484375,166.8828582763672,134.29574584960938,189.0200958251953,19.511735916137695,31.818159103393555,535.8868408203125,71.6310043334961,459.460693359375,125.48252868652344,490.4994812011719,84.65799713134766,251.5243682861328,178.89703369140625
2024-07-08,178.69000244140625,199.2899932861328,92.76750183105469,1057.6708984375,171.05174255371094,141.07044982910156,187.46311950683594,19.834562301635742,33.77574157714844,525.3758544921875,74.44336700439453,458.16351318359375,127.84598541259766,491.6660461425781,89.93399810791016,256.29302978515625,181.46395874023438
2024-07-09,177.10000610351562,199.33999633789062,91.4375,1040.569580078125,169.82212829589844,140.84815979003906,187.41351318359375,20.176372528076172,34.3719596862793,526.05078125,73.3800277709961,451.57965087890625,131.0172119140625,492.0910949707031,89.56099700927734,256.174560546875,179.41236877441406
2024-07-10,183.9600067138672,199.7899932861328,90.9375,1078.8360595703125,170.9370880126953,140.87716674804688,189.59527587890625,20.271320343017578,34.65019226074219,530.7058715820312,74.4135513305664,458.1734313964844,134.53744506835938,497.2218933105469,89.99800109863281,262.1180419921875,185.7615966796875
2024-07-11,181.94000244140625,195.0500030517578,89.89749908447266,1043.05322265625,167.14154052734375,135.9966583251953,184.03179931640625,20.128896713256836,33.2888298034668,508.8796691894531,71.73037719726562,446.8234558105469,127.04820251464844,486.3177185058594,88.9219970703125,253.49896240234375,179.39292907714844
2024-07-12,181.61000061035156,194.49000549316406,90.4749984741211,1065.3966064453125,166.62423706054688,134.88526916503906,183.53594970703125,20.100414276123047,34.27259063720703,495.1527099609375,73.19242858886719,445.693359375,128.8831329345703,489.1748046875,90.99600219726562,256.5892333984375,182.16404724121094
2024-07-15,179.8300018310547,192.72000122070312,90.1050033569336,1044.16259765625,167.94984436035156,132.61415100097656,184.98382568359375,20.356775283813477,34.242774963378906,492.4629211425781,73.2023696899414,446.0962829589844,128.0853271484375,490.4895935058594,89.76799774169922,256.87548828125,180.09300231933594
2024-07-16,177.5500030517578,193.02000427246094,89.55750274658203,1048.6390380859375,165.95114135742188,129.75347900390625,182.3954315185547,20.34727668762207,34.12353515625,486.140380859375,75.19156646728516,441.733154296875,126.01107788085938,490.67742919921875,87.69599914550781,258.4650573730469,180.89027404785156
2024-07-17,159.42999267578125,187.92999267578125,84.16999816894531,915.000732421875,152.82237243652344,120.9686050415039,179.51951599121094,19.75860023498535,34.242774963378906,458.5475158691406,67.5630111694336,435.837158203125,117.6641845703125,476.27362060546875,81.63099670410156,240.08157348632812,166.46109008789062
2024-07-18,155.77000427246094,183.75,83.15750122070312,907.2355346679688,157.27049255371094,121.13289642333984,176.21713256835938,19.625675201416016,34.65019226074219,472.3042907714844,67.84149932861328,432.7417297363281,120.75563049316406,474.01971435546875,80.16100311279297,240.80227661132812,167.1125030517578
2024-07-19,151.5800018310547,183.1300048828125,82.63999938964844,878.9822998046875,154.16465759277344,121.56780242919922,176.18736267089844,19.445276260375977,32.7721061706543,473.2372741699219,66.15068817138672,429.5380859375,117.6043472290039,469.8181457519531,79.6780014038086,233.43702697753906,161.18141174316406
2024-07-22,155.8699951171875,182.5500030517578,85.55999755859375,924.0324096679688,157.79954528808594,124.41878509521484,180.1641082763672,19.54971694946289,33.15964889526367,483.7681579589844,68.63717651367188,435.26715087890625,123.19886779785156,476.8173828125,78.62799835205078,243.11257934570312,164.66229248046875
2024-07-23,154.0,186.41000366210938,86.6624984741211,915.7371215820312,160.45468139648438,122.04765319824219,180.28311157226562,19.502246856689453,32.7422981262207,485.048583984375,68.02051544189453,437.1440734863281,122.25147247314453,475.1368103027344,78.3219985961914,239.48919677734375,165.11929321289062
2024-07-24,144.6300048828125,180.8300018310547,81.46749877929688,856.7762451171875,148.27633666992188,112.61161804199219,171.1990509033203,19.036998748779297,31.50017547607422,457.8328552246094,64.00234985351562,421.4704284667969,113.93451690673828,458.0934753417969,71.15599822998047,226.7530059814453,155.3766326904297
2024-07-25,138.32000732421875,179.85000610351562,78.52999877929688,846.8416137695312,146.2384033203125,108.06332397460938,165.89340209960938,18.467315673828125,30.90395736694336,450.0315246582031,63.64429473876953,411.15228271484375,111.9699478149414,453.041748046875,69.56099700927734,221.69805908203125,155.8433380126953
2024-07-26,139.99000549316406,182.5,79.80249786376953,872.130126953125,148.5604705810547,110.12897491455078,165.61572265625,18.76165199279785,31.152381896972656,462.22991943359375,65.36494445800781,417.9032287597656,112.74779510498047,457.6881408691406,71.21900177001953,226.4568328857422,157.4573974609375
2024-07-29,139.75,183.1999969482422,80.13749694824219,856.2000122070312,147.17897033691406,107.84027099609375,168.12472534179688,18.429332733154297,30.63566017150879,462.23980712890625,64.13165283203125,419.3379821777344,111.2818374633789,458.6075439453125,69.77300262451172,225.98292541503906,155.58082580566406
2024-07-30,138.44000244140625,181.7100067138672,77.8550033569336,846.0598754882812,140.61465454101562,105.32852172851562,168.87843322753906,18.049543380737305,29.94007110595703,459.7386169433594,62.46072769165039,415.593994140625,103.44355773925781,452.3102111816406,66.63099670410156,217.77847290039062,150.26223754882812
2024-07-31,144.47999572753906,186.97999572753906,86.63749694824219,921.2596435546875,157.42724609375,110.2453384399414,170.11805725097656,18.904071807861328,30.546226501464844,471.2918395996094,66.61814880371094,411.1031494140625,116.69685363769531,465.69573974609375,70.16500091552734,232.39051818847656,161.21055603027344
2024-08-01,132.5399932861328,184.07000732421875,84.66000366210938,869.1431274414062,144.04376220703125,105.15396881103516,169.3445587158203,18.11600685119629,28.866878509521484,494.0311279296875,62.719322204589844,409.8846130371094,108.90843200683594,454.4159240722656,67.2239990234375,215.64588928222656,153.80145263671875
2024-08-02,132.5,167.89999389648438,79.83499908447266,796.0087890625,140.90855407714844,99.19947814941406,165.27853393554688,17.11905860900879,21.3445987701416,484.5027160644531,58.929908752441406,401.41387939453125,106.97377014160156,443.63037109375,62.46500015258789,204.183349609375,145.71177673339844
2024-08-05,134.82000732421875,161.02000427246094,78.73249816894531,806.8275756835938,139.20379638671875,95.21365356445312,157.92996215820312,16.473413467407227,19.983234405517578,472.1851806640625,57.358436584472656,388.3050537109375,100.17262268066406,430.40301513671875,60.882999420166016,200.57969665527344,143.85464477539062
2024-08-06,130.17999267578125,161.92999267578125,80.88500213623047,829.114013671875,141.0065155029297,91.8097152709961,156.9779052734375,16.378469467163086,19.704999923706055,490.4083557128906,57.90546798706055,392.6877136230469,103.96212768554688,434.5155944824219,61.694000244140625,202.39633178710938,151.0886993408203
2024-08-07,128.6699981689453,162.77000427246094,79.3324966430664,822.5636596679688,133.51138305664062,85.23455047607422,157.62252807617188,15.875245094299316,18.989999771118164,485.2768859863281,55.846649169921875,391.5281677246094,98.63687133789062,429.8098449707031,49.27000045776367,196.75885009765625,150.74839782714844
2024-08-08,136.32000732421875,165.8000030517578,83.625,862.1995239257812,142.7896728515625,88.6966781616211,160.68690490722656,16.435434341430664,20.489999771118164,505.83258056640625,60.82958984375,395.71441650390625,104.68013763427734,442.9581604003906,50.99399948120117,210.33425903320312,159.99514770507812
2024-08-09,134.27000427246094,166.94000244140625,83.95249938964844,846.3648681640625,145.25865173339844,89.7537612915039,162.31329345703125,16.463916778564453,19.709999084472656,513.9119262695312,60.232826232910156,398.9866943359375,104.46075439453125,445.2714538574219,50.875999450683594,209.09022521972656,162.49400329589844
2024-08-12,136.77000427246094,166.8000030517578,84.5824966430664,838.8016357421875,145.61135864257812,92.39157104492188,160.9447479248047,16.32149887084961,19.360000610351562,512.1054077148438,60.1830940246582,399.7630310058594,108.71896362304688,446.2303771972656,54.097999572753906,210.29473876953125,162.98988342285156
2024-08-13,141.1300048828125,170.22999572753906,86.54750061035156,855.157470703125,152.9987335205078,96.92047119140625,162.79925537109375,16.900678634643555,20.469999313354492,524.6016845703125,63.7039794921875,406.8382873535156,115.81929779052734,457.3025817871094,56.74300003051758,218.83486938476562,167.56951904296875
2024-08-14,140.75,170.10000610351562,87.1624984741211,865.0812377929688,154.49777221679688,99.83953094482422,159.0406494140625,16.881689071655273,19.920000076293945,522.8349609375,63.44538116455078,409.63897705078125,117.75393676757812,457.45086669921875,57.70899963378906,218.28199768066406,165.26512145996094
2024-08-15,147.36000061035156,177.58999633789062,89.1500015258789,912.9488525390625,162.7669219970703,106.88017272949219,159.9629669189453,17.812179565429688,20.690000534057617,533.3261108398438,68.95545959472656,414.482421875,122.52073669433594,469.0075378417969,62.66899871826172,228.77700805664062,169.14466857910156
2024-08-16,148.55999755859375,177.05999755859375,88.47250366210938,903.5169677734375,162.365234375,107.93724822998047,161.6092071533203,17.726722717285156,20.8700008392334,523.4899291992188,68.94550323486328,411.96221923828125,124.2359848022461,469.610595703125,62.880001068115234,228.293212890625,169.7086181640625
2024-08-19,155.27999877929688,178.22000122070312,88.01499938964844,917.7681884765625,164.31492614746094,108.49004364013672,165.28843688964844,17.92611312866211,21.520000457763672,525.3360595703125,70.65621948242188,414.9746398925781,129.64102172851562,475.77935791015625,62.36199951171875,232.17330932617188,170.59344482421875
2024-08-20,156.39999389648438,178.8800048828125,88.44750213623047,910.9129638671875,162.59056091308594,107.36507415771484,165.7942352294922,17.82166862487793,20.989999771118164,522.80517578125,69.0350112915039,418.1938171386719,126.89862060546875,474.7809143066406,61.090999603271484,229.102783203125,167.27781677246094
2024-08-21,157.80999755859375,180.11000061035156,88.97250366210938,928.0557250976562,162.42398071289062,108.32516479492188,164.47525024414062,17.92611312866211,21.40999984741211,531.17236328125,70.95458221435547,417.5440673828125,128.14517211914062,476.9953308105469,62.37799835205078,232.35101318359375,166.6944580078125
2024-08-22,151.6999969482422,176.1300048828125,88.0425033569336,892.7474975585938,159.0536346435547,105.68736267089844,162.4422149658203,17.82166862487793,20.100000381469727,527.9663696289062,68.2890625,409.087646484375,123.39830780029297,469.4325866699219,60.481998443603516,224.41311645507812,161.8328094482422
2024-08-23,154.97999572753906,177.0399932861328,88.78250122070312,892.3048706054688,162.9922637939453,108.62580108642578,164.24716186523438,18.239437103271484,20.540000915527344,524.065673828125,71.45188903808594,410.3083801269531,129.0127410888672,474.5238342285156,61.32400131225586,230.42575073242188,166.53884887695312
2024-08-26,149.99000549316406,175.5,86.17250061035156,868.7496337890625,156.38870239257812,108.29606628417969,164.78265380859375,18.21095848083496,20.1299991607666,517.2368774414062,68.44820404052734,407.0596618652344,126.11079406738281,469.9170227050781,56.250999450683594,224.6402130126953,164.3900604248047
2024-08-27,150.5,173.1199951171875,86.40499877929688,875.2113647460938,158.12286376953125,108.4803466796875,163.31494140625,18.13499641418457,20.06999969482422,515.2319946289062,69.3333969116211,407.4042663574219,127.94571685791016,471.3208312988281,54.763999938964844,227.12820434570312,165.8290557861328
2024-08-28,146.36000061035156,170.8000030517578,85.29000091552734,873.4901733398438,154.9778289794922,108.18939208984375,161.50010681152344,18.040050506591797,19.610000610351562,512.9293212890625,68.07026672363281,404.214599609375,125.26315307617188,465.9725036621094,44.3489990234375,223.03089904785156,164.5164337158203
2024-08-29,145.49000549316406,172.1199951171875,86.64749908447266,873.0772094726562,153.75315856933594,107.39417266845703,160.43898010253906,17.73621940612793,20.1299991607666,514.3585205078125,69.46269226074219,406.6954345703125,117.2652816772461,465.2904357910156,44.88199996948242,222.38917541503906,164.4678192138672
2024-08-30,148.55999755859375,178.5,88.34500122070312,888.9708251953125,159.52391052246094,112.04914855957031,162.02572631835938,18.391357421875,22.040000915527344,517.425537109375,75.82811737060547,410.6529846191406,119.0403823852539,470.8363952636719,43.77000045776367,228.20436096191406,166.9472198486328
2024-09-03,136.94000244140625,176.25,81.68000030517578,831.4547729492188,149.6969451904297,107.42327117919922,156.05564880371094,18.097017288208008,20.100000381469727,507.9466247558594,69.64171600341797,403.0726623535156,107.70177459716797,456.5413818359375,44.178001403808594,210.78839111328125,156.0475311279297
2024-09-04,140.8699951171875,173.3300018310547,81.51249694824219,798.1036987304688,151.0000457763672,105.76493072509766,155.1531524658203,17.82166862487793,19.43000030517578,508.9193420410156,70.48712158203125,402.541015625,105.91670989990234,455.3550720214844,42.34700012207031,211.47950744628906,156.41702270507812
2024-09-05,139.44000244140625,177.88999938964844,82.11000061035156,782.4855346679688,149.72637939453125,103.92234802246094,155.93661499023438,16.74875831604004,19.399999618530273,513.0086669921875,69.51242065429688,402.0389709472656,106.91395568847656,455.7801818847656,41.459999084472656,210.34410095214844,159.16867065429688
2024-09-06,134.35000610351562,171.38999938964844,78.57749938964844,740.3811645507812,134.22659301757812,98.91824340820312,149.6690216064453,16.64432144165039,18.889999389648438,496.5422668457031,65.84235382080078,395.45306396484375,102.54605102539062,443.571044921875,38.645999908447266,201.3399200439453,152.47914123535156
2024-09-09,138.14999389648438,175.39999389648438,81.19249725341797,737.4600830078125,137.96926879882812,102.69071197509766,147.67303466796875,16.710783004760742,19.06999969482422,501.0285949707031,68.55760192871094,399.4105224609375,106.17599487304688,449.27520751953125,40.98699951171875,205.31874084472656,158.27413940429688
2024-09-10,142.83999633789062,179.5500030517578,81.6875,738.994384765625,145.20968627929688,103.41806030273438,147.6233673095703,15.286568641662598,18.979999542236328,501.0285949707031,71.21317291259766,407.7586364746094,107.80148315429688,453.4273376464844,41.27199935913086,207.48095703125,157.933837890625
2024-09-11,149.86000061035156,184.52000427246094,85.73249816894531,786.95068359375,155.0660400390625,105.51278686523438,150.10594177246094,15.571412086486816,19.639999389648438,508.01611328125,74.48541259765625,416.461181640625,116.58717346191406,463.273681640625,44.540000915527344,217.11697387695312,165.51792907714844
2024-09-12,150.77000427246094,187.0,88.83999633789062,786.9801635742188,161.2286834716797,108.76158142089844,153.611328125,16.00817108154297,19.360000610351562,521.68359375,73.89860534667969,420.3595886230469,118.82118225097656,467.82122802734375,44.2130012512207,216.1593017578125,167.29991149902344
2024-09-13,152.30999755859375,186.49000549316406,89.94000244140625,802.9032592773438,164.29531860351562,110.84661865234375,156.3620147705078,16.283517837524414,19.65999984741211,520.7109375,74.07762145996094,423.89373779296875,118.78128051757812,469.9170227050781,45.715999603271484,220.01963806152344,168.3441619873047
2024-09-16,152.0800018310547,184.88999938964844,89.79000091552734,789.802734375,160.6996307373047,111.91336822509766,156.95782470703125,16.35947608947754,20.90999984741211,529.8113403320312,73.00346374511719,424.632080078125,116.46749114990234,467.8409729003906,44.90999984741211,217.08734130859375,165.00656127929688
2024-09-17,150.82000732421875,186.8800048828125,90.23750305175781,792.4091796875,159.18099975585938,113.29048156738281,158.20904541015625,17.28046989440918,21.469999313354492,532.8314819335938,72.37686920166016,428.3828125,115.28067016601562,468.088134765625,43.9379997253418,217.3539276123047,163.3182373046875
2024-09-18,148.2899932861328,186.42999267578125,90.42749786376953,774.853515625,158.39720153808594,112.48554992675781,158.6956024169922,17.375415802001953,20.770000457763672,534.4508666992188,71.16345977783203,424.1103515625,113.06661224365234,466.0615234375,43.6879997253418,214.9547882080078,163.24990844726562
2024-09-19,156.74000549316406,189.8699951171875,94.83000183105469,814.5087280273438,164.57029724121094,114.21177673339844,161.00936889648438,18.025678634643555,21.139999389648438,555.4633178710938,74.47545623779297,431.8678283691406,117.55457305908203,477.8455505371094,43.720001220703125,224.1070556640625,171.97451782226562
2024-09-20,155.9499969482422,191.60000610351562,96.11499786376953,782.1708374023438,168.18765258789062,113.9499282836914,162.4492645263672,17.987424850463867,21.84000015258789,557.6986694335938,73.47091674804688,428.5009765625,115.6895751953125,476.93603515625,45.72700119018555,220.8292236328125,169.88607788085938
2024-09-23,156.75,193.8800048828125,96.39250183105469,790.2552490234375,169.99635314941406,114.0177993774414,160.72140502929688,18.006553649902344,22.559999465942383,560.7388305664062,71.42205810546875,426.7683410644531,115.94888305664062,478.2002258300781,46.59400177001953,221.6881561279297,170.54969787597656
2024-09-24,158.32000732421875,193.9600067138672,96.26750183105469,800.5822143554688,171.864013671875,113.76566314697266,161.1583251953125,18.054367065429688,22.809999465942383,559.6658325195312,70.81533813476562,422.4958801269531,120.54655456542969,480.5068664550781,46.361000061035156,224.37362670898438,177.5860137939453
2024-09-25,162.02000427246094,192.52999877929688,97.05249786376953,804.6932373046875,172.5324249267578,116.53925323486328,160.36392211914062,18.98194694519043,23.540000915527344,564.6134033203125,70.79544830322266,425.39007568359375,123.17948150634766,480.9523620605469,45.814998626708984,225.91954040527344,177.9568634033203
2024-09-26,167.49000549316406,191.16000366210938,96.57499694824219,838.3886108398438,175.05870056152344,122.6683120727539,161.5952606201172,19.460081100463867,23.920000076293945,564.1465454101562,73.05317687988281,424.6025390625,123.70806121826172,484.5657958984375,40.2400016784668,233.99551391601562,182.3289337158203
2024-09-27,164.35000610351562,187.97000122070312,95.06500244140625,827.668212890625,169.75062561035156,116.58775329589844,162.8067626953125,19.25926399230957,23.90999984741211,563.669677734375,70.6064682006836,421.3637390136719,121.07511901855469,481.873046875,41.9739990234375,230.2841339111328,173.68238830566406
2024-09-30,164.0800018310547,186.3300018310547,95.95500183105469,819.514892578125,169.5638427734375,114.95851135253906,164.69349670410156,19.565275192260742,23.459999084472656,568.716552734375,71.73037719726562,423.6082763671875,121.11502075195312,483.1798400878906,41.63999938964844,228.2156524658203,169.48594665527344
2024-10-01,159.75,185.1300048828125,95.4625015258789,808.79443359375,164.61947631835938,109.7410659790039,165.8255615234375,19.077577590942383,22.690000534057617,572.7203979492188,69.9301528930664,414.1477355957031,116.68689727783203,476.4479675292969,40.54999923706055,221.8221893310547,167.9245147705078
2024-10-02,159.77999877929688,184.75999450683594,97.40499877929688,818.4723510742188,167.75515747070312,110.03199005126953,164.70343017578125,19.603525161743164,22.389999389648438,569.0841674804688,71.65081024169922,410.6430358886719,118.53195190429688,477.1211853027344,42.0,224.81106567382812,171.56466674804688
2024-10-03,162.85000610351562,181.9600067138672,97.52749633789062,818.688720703125,168.9642333984375,112.17522430419922,164.70343017578125,19.460081100463867,22.260000228881836,578.9793701171875,71.8497314453125,410.0622863769531,122.52124786376953,476.7647705078125,41.54999923706055,225.61273193359375,175.15597534179688
2024-10-04,170.89999389648438,186.50999450683594,98.99250030517578,819.2689208984375,173.6333770751953,116.78170013427734,165.89508056640625,19.71827507019043,22.59000015258789,592.063720703125,73.01341247558594,409.5897216796875,124.58570861816406,482.43731689453125,41.22999954223633,228.70062255859375,176.79551696777344
2024-10-07,170.97000122070312,180.8000030517578,98.13500213623047,803.7786254882812,172.09991455078125,115.49188995361328,161.84349060058594,19.947782516479492,22.3799991607666,580.976318359375,73.32173156738281,403.171142578125,127.37821197509766,477.2696228027344,47.7400016784668,228.0770721435547,180.0648193359375
2024-10-08,172.8000030517578,182.72000122070312,100.05500030517578,810.673095703125,177.65374755859375,118.24607849121094,163.23374938964844,20.05297088623047,23.31999969482422,589.0335693359375,72.71502685546875,408.2607421875,132.53436279296875,484.3974914550781,45.349998474121094,230.32373046875,181.56771850585938
2024-10-09,171.02000427246094,185.1699981689453,101.73249816894531,831.9564208984375,182.78489685058594,118.6436996459961,160.7313232421875,19.93821907043457,23.459999084472656,586.6690673828125,72.44647979736328,410.9679260253906,132.29502868652344,488.20892333984375,47.290000915527344,232.7286834716797,182.63145446777344
2024-10-10,164.17999267578125,186.64999389648438,102.44000244140625,820.2229614257812,182.52931213378906,121.02938079833984,160.94979858398438,19.64177894592285,23.219999313354492,580.0325317382812,72.14811706542969,409.3730773925781,134.44924926757812,487.654541015625,46.470001220703125,231.09568786621094,181.30421447753906
2024-10-11,167.88999938964844,188.82000732421875,104.23249816894531,826.8322143554688,178.39097595214844,123.870849609375,162.10169982910156,19.766090393066406,23.559999465942383,586.112548828125,73.67110443115234,409.845703125,134.43927001953125,488.4167785644531,47.79999923706055,233.0355224609375,186.21304321289062
2024-10-14,165.27000427246094,187.5399932861328,103.36750030517578,857.8917236328125,179.2068328857422,124.47212982177734,163.80972290039062,19.81390380859375,23.440000534057617,586.57958984375,77.32429504394531,412.621826171875,137.70054626464844,492.5153503417969,47.38999938964844,237.33084106445312,187.57931518554688
2024-10-15,156.63999938964844,187.69000244140625,98.07749938964844,718.3896484375,172.98460388183594,122.02825164794922,164.3061981201172,19.833030700683594,22.65999984741211,582.4566650390625,79.04637145996094,412.22802734375,131.2478485107422,485.9319763183594,47.7599983215332,225.01893615722656,182.62168884277344
2024-10-16,156.1300048828125,186.88999938964844,101.5199966430664,672.2529296875,173.81031799316406,122.90106201171875,164.00833129882812,19.976469039916992,22.309999465942383,573.0382690429688,81.30598449707031,409.6487731933594,135.35679626464844,485.9913635253906,48.75,225.01893615722656,182.96324157714844
2024-10-17,156.25,187.52999877929688,101.84750366210938,689.0514526367188,178.4401397705078,125.27703094482422,161.79385375976562,20.024282455444336,22.440000534057617,573.1774291992188,79.54408264160156,410.2394714355469,136.5635528564453,486.3279724121094,47.59000015258789,226.7904510498047,200.8809356689453
2024-10-18,155.97000122070312,188.99000549316406,100.5,711.337890625,176.8280487060547,122.63922119140625,162.28045654296875,19.785215377807617,22.770000457763672,572.7203979492188,79.48435974121094,411.6570739746094,137.63070678710938,489.5157470703125,47.2599983215332,226.9983367919922,195.94284057617188
2024-10-21,157.89999389648438,189.07000732421875,101.50250244140625,702.328857421875,176.92636108398438,121.86339569091797,162.92591857910156,19.096702575683594,22.84000015258789,571.4188232421875,81.4552993774414,412.2674255371094,143.32542419433594,490.4561767578125,47.79999923706055,226.57275390625,197.08462524414062
2024-10-22,154.08999633789062,189.6999969482422,99.13999938964844,709.0265502929688,176.32675170898438,117.17728424072266,163.9884490966797,19.020198822021484,22.399999618530273,578.2243041992188,82.96832275390625,420.8616638183594,143.20574951171875,490.99078369140625,45.970001220703125,225.7315216064453,193.69825744628906
2024-10-23,152.91000366210938,184.7100067138672,98.51000213623047,696.9392700195312,170.556640625,116.29163360595703,161.64491271972656,18.46556282043457,21.979999542236328,560.0234985351562,81.4552993774414,417.99688720703125,139.1865234375,483.4669189453125,45.36000061035156,223.71249389648438,196.02090454101562
2024-10-24,153.44000244140625,186.3800048828125,98.92500305175781,699.0931396484375,168.4334259033203,117.34272766113281,161.58531188964844,18.551626205444336,22.34000015258789,564.0869140625,81.5548324584961,418.1249084472656,140.0342559814453,487.3872375488281,46.22999954223633,224.9595489501953,193.1614990234375
2024-10-25,156.22999572753906,187.8300018310547,98.52249908447266,699.968505859375,170.05531311035156,119.26972198486328,164.11752319335938,18.609004974365234,22.68000030517578,569.521240234375,81.2363052368164,421.49169921875,141.16122436523438,490.3572082519531,47.27000045776367,227.21607971191406,198.5387725830078
2024-10-28,159.9199981689453,188.38999938964844,98.09500122070312,696.96875,169.0919952392578,117.4303207397461,165.5574188232422,18.867197036743164,22.920000076293945,574.3993530273438,83.05792999267578,419.9559631347656,140.14398193359375,490.4364013671875,47.720001220703125,227.35459899902344,189.98977661132812
2024-10-29,166.25,190.8300018310547,100.39250183105469,704.9843139648438,176.18910217285156,118.37434387207031,168.4967803955078,19.001075744628906,22.899999618530273,589.4210815429688,84.48137664794922,425.2326354980469,140.8719940185547,495.148681640625,49.119998931884766,232.94644165039062,192.1953582763672
2024-10-30,148.60000610351562,192.72999572753906,99.0,674.1189575195312,173.6333770751953,125.93635559082031,173.2434539794922,19.450517654418945,22.299999237060547,587.95068359375,82.42085266113281,425.8035888671875,138.9671173095703,491.4065856933594,33.06999969482422,224.73191833496094,189.79461669921875
2024-10-31,144.07000732421875,186.39999389648438,96.61000061035156,662.9990844726562,166.88031005859375,120.32080841064453,169.91680908203125,18.6376895904541,21.520000457763672,563.8882446289062,79.74317169189453,400.03070068359375,132.40472412109375,479.00213623046875,29.110000610351562,216.01263427734375,185.94952392578125
2024-11-01,141.86000061035156,197.92999267578125,98.5425033569336,665.1481323242188,166.0447540283203,127.36699676513672,170.09556579589844,19.182764053344727,23.200000762939453,563.470947265625,84.38182830810547,403.9881896972656,135.03765869140625,482.5462341308594,26.049999237060547,218.3087158203125,188.30148315429688
2024-11-04,140.7100067138672,195.77999877929688,98.72000122070312,661.6288452148438,165.68109130859375,126.37432861328125,168.05984497070312,19.134952545166016,22.520000457763672,557.0330200195312,83.99361419677734,402.1079406738281,135.68592834472656,481.14044189453125,26.030000686645508,217.0518035888672,186.94497680664062
2024-11-05,141.66000366210938,199.5,101.27999877929688,666.8536376953125,170.9399871826172,129.8876953125,168.55638122558594,19.125391006469727,23.31999969482422,568.7066040039062,86.79075622558594,405.061279296875,139.53558349609375,487.2783203125,27.700000762939453,219.58544921875,191.04376220703125
2024-11-06,145.10000610351562,207.08999633789062,105.77999877929688,652.0370483398438,176.49386596679688,134.6468048095703,175.27914428710938,20.397226333618164,25.049999237060547,568.3290405273438,90.21500396728516,413.6456604003906,145.22035217285156,500.5143737792969,22.700000762939453,225.9888153076172,188.56497192382812
2024-11-07,149.82000732421875,210.0500030517578,107.75499725341797,667.5929565429688,180.6813201904297,134.1796417236328,179.4896240234375,20.50242042541504,26.229999542236328,587.851318359375,93.50984191894531,418.8139953613281,148.48159790039062,508.39459228515625,25.479999542236328,230.6998291015625,196.3429718017578
2024-11-08,147.9499969482422,208.17999267578125,100.11250305175781,659.9627685546875,180.51422119140625,130.63706970214844,177.1063232421875,21.0761775970459,26.200000762939453,585.5066528320312,93.37047576904297,415.96893310546875,147.2349090576172,508.9886169433594,24.520000457763672,228.9777374267578,196.35272216796875
2024-11-11,147.35000610351562,206.83999633789062,99.32749938964844,661.7767333984375,175.86471557617188,134.80252075195312,179.09239196777344,21.057056427001953,25.049999237060547,579.376708984375,91.82758331298828,411.50946044921875,144.8712615966797,508.6916809082031,23.229999542236328,223.24734497070312,189.37496948242188
2024-11-12,143.6300048828125,208.91000366210938,98.88749694824219,659.6768798828125,173.2205047607422,132.81712341308594,180.35353088378906,20.779733657836914,24.15999984741211,581.0160522460938,92.35515594482422,416.4513244628906,147.8931427001953,507.77093505859375,21.700000762939453,220.81268310546875,187.14990234375
2024-11-13,139.3000030517578,214.10000610351562,98.79000091552734,663.8468627929688,170.62545776367188,130.92906188964844,177.63262939453125,20.894489288330078,24.920000076293945,576.227294921875,89.65755462646484,418.5875549316406,145.8785858154297,507.1175537109375,20.329999923706055,216.12149047851562,182.1630096435547
2024-11-14,138.83999633789062,211.47999572753906,96.48750305175781,683.1193237304688,167.47991943359375,130.8317413330078,174.3556671142578,20.406789779663086,25.030000686645508,573.4058837890625,90.28466033935547,420.2513427734375,146.3672637939453,503.5932312011719,18.010000228881836,215.99282836914062,183.9586944580078
2024-11-15,134.89999389648438,202.61000061035156,93.59750366210938,649.27685546875,162.03421020507812,128.11642456054688,171.28720092773438,20.148595809936523,24.350000381469727,550.4760131835938,87.42782592773438,408.5461730957031,141.60003662109375,491.59466552734375,18.579999923706055,209.03521728515625,181.52867126464844
2024-11-18,138.92999267578125,201.6999969482422,92.61750030517578,655.7830810546875,162.85006713867188,132.36941528320312,174.07762145996094,20.445039749145508,24.84000015258789,550.7939453125,88.30377960205078,409.29437255859375,139.77493286132812,495.0101013183594,21.540000915527344,211.7371063232422,182.96324157714844
2024-11-19,139.38999938964844,204.61000061035156,94.42500305175781,652.756591796875,162.53553771972656,132.26235961914062,176.87794494628906,20.588485717773438,24.200000762939453,557.4404296875,88.93089294433594,411.2928466796875,146.6165771484375,498.4156494140625,28.270000457763672,212.14288330078125,185.10049438476562
2024-11-20,137.60000610351562,202.8800048828125,95.42749786376953,649.0796508789062,160.47128295898438,130.37432861328125,174.75283813476562,20.253787994384766,24.010000228881836,561.8414916992188,89.44851684570312,409.0285949707031,145.4995880126953,498.12860107421875,25.799999237060547,210.519775390625,183.82205200195312
2024-11-21,137.49000549316406,198.3800048828125,101.24250030517578,662.6146240234375,161.1495361328125,135.20155334472656,166.46107482910156,20.789297103881836,24.440000534057617,559.4273681640625,92.5144271850586,407.2629089355469,146.27749633789062,499.9203796386719,29.700000762939453,213.85507202148438,186.63265991210938
2024-11-22,138.35000610351562,197.1199951171875,101.62000274658203,663.3244018554688,161.4346160888672,140.3499755859375,163.611083984375,21.133556365966797,24.5,555.5031127929688,92.08639526367188,411.3367919921875,141.57012939453125,500.7222595214844,33.150001525878906,213.94412231445312,185.50059509277344
2024-11-25,141.1300048828125,201.4499969482422,99.93000030517578,674.7498168945312,162.01454162597656,140.3013153076172,166.48095703125,21.238744735717773,24.8700008392334,561.434326171875,91.817626953125,413.10247802734375,135.656005859375,501.5142822265625,38.40999984741211,216.03240966796875,180.62107849121094
2024-11-26,137.72000122070312,207.86000061035156,102.0824966430664,662.4273071289062,161.93592834472656,137.94607543945312,167.94068908691406,21.162240982055664,24.049999237060547,569.809326171875,92.7135009765625,422.1775817871094,136.5535888671875,504.20703125,34.43000030517578,213.23155212402344,179.4109344482422
2024-11-27,136.24000549316406,205.74000549316406,100.57250213623047,660.9585571289062,156.95220947265625,121.05074310302734,168.04991149902344,19.89040184020996,23.649999618530273,565.4976806640625,89.68743133544922,417.2454833984375,134.97781372070312,500.2371826171875,35.06999969482422,210.37132263183594,176.8247833251953
2024-11-29,137.17999267578125,207.88999938964844,101.45500183105469,676.859375,159.32122802734375,124.17481994628906,167.77188110351562,20.292036056518555,24.049999237060547,570.5842895507812,92.26556396484375,417.70904541015625,137.8800506591797,504.6326904296875,32.63999938964844,213.18206787109375,180.21119689941406
2024-12-02,142.05999755859375,210.7100067138672,102.5250015258789,701.3663940429688,163.67578125,122.47164916992188,170.294189453125,20.32072639465332,23.93000030517578,588.973876953125,96.41645812988281,425.126953125,138.25901794433594,510.1270751953125,42.0,218.78378295898438,189.71653747558594
2024-12-03,141.97999572753906,213.44000244140625,103.61499786376953,707.8628540039062,165.28785705566406,122.19915771484375,170.14520263671875,20.36853790283203,22.469999313354492,609.6585083007812,95.47081756591797,425.343994140625,139.8846893310547,511.6912536621094,40.209999084472656,217.54664611816406,194.09837341308594
2024-12-04,143.99000549316406,218.16000366210938,105.43000030517578,709.6964111328125,167.65682983398438,122.72470092773438,173.15406799316406,20.80842399597168,21.959999084472656,609.7877197265625,117.60897064208984,431.4794921875,144.75160217285156,518.017333984375,41.810001373291016,220.42669677734375,195.85501098632812
2024-12-05,141.36000061035156,220.5500030517578,106.83000183105469,701.3960571289062,167.56838989257812,121.72227478027344,171.43618774414062,20.703231811523438,20.799999237060547,604.96923828125,112.85086059570312,436.6088562011719,144.6817626953125,516.581787109375,41.13999938964844,216.2600555419922,199.37803649902344
2024-12-06,138.58999633789062,227.02999877929688,108.25,698.9117431640625,176.47418212890625,120.09696960449219,173.49172973632812,22.902652740478516,20.920000076293945,619.7127075195312,112.99021911621094,437.5459899902344,142.06863403320312,521.2050170898438,43.93000030517578,217.5664520263672,198.12889099121094
2024-12-09,130.8699951171875,226.08999633789062,105.91999816894531,696.4867553710938,175.8942413330078,120.49600219726562,174.34669494628906,22.099388122558594,20.809999465942383,609.5790405273438,106.53990173339844,439.96270751953125,138.4480743408203,517.1460571289062,44.15999984741211,216.51736450195312,194.37161254882812
2024-12-10,127.73999786376953,225.0399932861328,104.77999877929688,695.2545776367188,168.88558959960938,113.66390228271484,184.0895233154297,20.961427688598633,20.15999984741211,615.2915649414062,106.1915054321289,437.3092346191406,134.7178192138672,515.3839111328125,40.540000915527344,211.37091064453125,187.31582641601562
2024-12-11,130.14999389648438,230.25999450683594,107.2300033569336,704.2843627929688,180.08169555664062,115.51304626464844,194.2598419189453,20.95186424255371,20.1200008392334,628.5647583007812,110.8500747680664,442.892333984375,138.94674682617188,524.6104736328125,38.290000915527344,216.68560791015625,189.91172790527344
2024-12-12,130.60000610351562,228.97000122070312,106.87999725341797,702.9732666015625,177.58494567871094,115.98992919921875,190.8398895263672,20.875362396240234,20.780000686645508,626.68701171875,108.51083374023438,443.45458984375,136.98191833496094,521.2246704101562,37.93000030517578,215.00311279296875,187.4407196044922
2024-12-13,126.91000366210938,227.4600067138672,112.37000274658203,708.37548828125,220.9736328125,115.27946472167969,188.71240234375,20.875362396240234,20.34000015258789,616.3148803710938,120.21697998046875,441.1956787109375,133.89996337890625,525.21435546875,36.45000076293945,221.00071716308594,196.77064514160156
2024-12-16,126.69000244140625,232.92999267578125,116.52999877929688,712.1215209960938,245.7447052001953,116.0775146484375,195.51246643066406,20.894489288330078,20.829999923706055,620.6798706054688,124.20861053466797,445.4570617675781,131.65582275390625,532.77783203125,33.439998626708984,225.0980987548828,197.97482299804688
2024-12-17,125.0199966430664,231.14999389648438,112.94999694824219,724.74951171875,236.1409912109375,115.11402130126953,194.2797088623047,20.598045349121094,20.440000534057617,615.9073486328125,111.73599243164062,448.2880859375,130.05003356933594,530.4315795898438,33.79999923706055,221.9141387939453,196.44757080078125
2024-12-18,121.41000366210938,220.52000427246094,108.06999969482422,709.2725219726562,219.81370544433594,109.6541748046875,187.3006591796875,19.689590454101562,19.299999237060547,593.7841796875,104.79790496826172,431.44989013671875,128.5738983154297,511.29522705078125,32.22999954223633,213.70648193359375,191.45465087890625
2024-12-19,118.87999725341797,223.2899932861328,109.06999969482422,700.1735229492188,214.6039276123047,108.96318817138672,187.41001892089844,19.976469039916992,19.059999465942383,592.17333984375,108.61036682128906,431.0947570800781,130.3392333984375,509.0183410644531,31.239999771118164,210.11813354492188,190.553955078125
2024-12-20,119.20999908447266,224.9199981689453,112.80999755859375,695.6586303710938,217.0318603515625,112.67119598388672,190.29312133789062,20.794387817382812,19.520000457763672,581.9121704101562,111.3875961303711,430.670654296875,134.34878540039062,513.4632568359375,31.59000015258789,212.9432373046875,193.07000732421875
2024-12-23,124.5999984741211,225.05999755859375,113.08999633789062,710.8004150390625,229.00706481933594,115.6395492553711,193.49432373046875,20.996463775634766,20.200000762939453,596.4288940429688,113.23907470703125,429.3389587402344,139.3058319091797,518.4659423828125,32.400001525878906,219.3864288330078,203.00692749023438
2024-12-24,126.29000091552734,229.0500030517578,114.6500015258789,709.4893798828125,236.23159790039062,115.75635528564453,194.96566772460938,21.063819885253906,20.399999618530273,604.283935546875,115.41905212402344,433.3634948730469,139.8544158935547,525.4961547851562,34.33000183105469,221.64649963378906,201.99853515625
2024-12-26,125.05999755859375,227.0500030517578,114.86000061035156,705.6940307617188,241.82989501953125,116.08724975585938,194.45867919921875,21.198535919189453,20.440000534057617,599.908935546875,115.18013000488281,432.1601257324219,139.56515502929688,525.13916015625,33.7400016784668,221.57711791992188,198.79718017578125
2024-12-27,125.19000244140625,223.75,113.02999877929688,703.456298828125,238.27182006835938,114.189453125,191.63523864746094,20.83287811279297,20.299999237060547,596.3892822265625,113.0997314453125,424.68304443359375,136.65277099609375,518.158447265625,31.979999542236328,219.70362854003906,197.39723205566406
2024-12-30,122.44000244140625,221.3000030517578,111.44999694824219,686.2639770507812,232.19061279296875,111.74662780761719,190.1240997314453,20.59231185913086,19.81999969482422,587.8681030273438,111.14869689941406,419.0604553222656,137.1315155029297,511.2669677734375,30.68000030517578,215.3817138671875,196.18324279785156
2024-12-31,120.79000091552734,219.38999938964844,110.52999877929688,683.2376098632812,228.50439453125,112.15538787841797,188.1954345703125,20.54420280456543,20.049999237060547,582.1708374023438,109.94422912597656,415.77569580078125,133.9398651123047,506.9238586425781,30.479999542236328,213.6073760986328,193.34413146972656
2025-01-02,120.62999725341797,220.22000122070312,111.79000091552734,690.4732666015625,228.64239501953125,113.41085815429688,188.3246612548828,20.659669876098633,20.219999313354492,595.8223876953125,113.03999328613281,412.8953552246094,137.9493865966797,505.93231201171875,30.049999237060547,214.92575073242188,197.34825134277344
2025-01-03,125.37000274658203,224.19000244140625,115.19999694824219,704.2153930664062,229.20420837402344,116.70039367675781,190.67088317871094,20.996463775634766,20.559999465942383,601.1817626953125,117.63883209228516,417.6005554199219,144.0933074951172,514.2120971679688,33.33000183105469,220.5263671875,204.23069763183594
2025-01-06,129.5500030517578,227.61000061035156,118.9800033569336,757.596435546875,233.00865173339844,121.32324981689453,195.7212371826172,21.98758888244629,19.8700008392334,626.60595703125,118.46504211425781,422.0394287109375,149.04037475585938,520.1217041015625,36.45000076293945,226.9101104736328,215.39134216308594
2025-01-07,127.33000183105469,222.11000061035156,115.29000091552734,746.8216552734375,225.35044860839844,118.02398681640625,194.3493194580078,21.43910026550293,20.010000228881836,614.3660888671875,115.69776916503906,416.6338806152344,139.77459716796875,510.8406066894531,34.380001068115234,223.81736755371094,206.981689453125
2025-01-08,121.83999633789062,222.1300048828125,115.51000213623047,733.4147338867188,226.01080322265625,116.11644744873047,192.81829833984375,21.198535919189453,19.8799991607666,607.2369384765625,117.6886215209961,418.7941589355469,139.7446746826172,510.9298400878906,32.61000061035156,221.5870361328125,202.77195739746094
2025-01-10,116.04000091552734,218.94000244140625,114.33999633789062,728.5153198242188,221.08274841308594,111.69795989990234,190.91943359375,21.246652603149414,19.149999618530273,612.3475952148438,113.85429382324219,413.2603454589844,135.55563354492188,502.9179382324219,32.599998474121094,216.29367065429688,203.9957275390625
2025-01-13,117.31999969482422,218.4600067138672,112.63999938964844,717.0800170898438,222.04864501953125,107.2210922241211,189.8954315185547,21.150423049926758,19.200000762939453,604.8606567382812,114.680908203125,411.5242614746094,132.88262939453125,501.3016357421875,31.079999923706055,215.62954711914062,197.13287353515625
2025-01-14,116.08999633789062,217.75999450683594,114.91000366210938,725.8339233398438,221.46713256835938,106.14080810546875,188.55332946777344,21.689289093017578,19.200000762939453,590.8610229492188,114.730712890625,410.0249328613281,131.41644287109375,500.82562255859375,30.530000686645508,217.04705810546875,197.22097778320312
2025-01-15,119.95999908447266,223.35000610351562,116.0999984741211,715.9857788085938,224.71966552734375,106.30625915527344,194.40895080566406,22.420604705810547,19.719999313354492,613.6004028320312,115.52745819091797,420.5203857421875,135.88478088378906,512.3478393554688,30.989999771118164,221.25991821289062,202.4586944580078
2025-01-16,118.44000244140625,220.66000366210938,118.12999725341797,739.6253051757812,226.109375,107.16271209716797,191.78436279296875,22.526451110839844,19.670000076293945,607.813720703125,117.10101318359375,418.8138427734375,133.22174072265625,508.75836181640625,31.1200008392334,221.5870361328125,210.28094482421875
2025-01-17,121.45999908447266,225.94000244140625,119.94999694824219,745.5894775390625,234.02383422851562,106.70527648925781,194.85630798339844,22.266639709472656,21.489999771118164,609.2752685546875,124.25177764892578,423.20343017578125,137.3509521484375,517.3453369140625,30.81999969482422,227.73287963867188,207.06002807617188
2025-01-21,122.27999877929688,230.7100067138672,121.5,752.1646728515625,236.8525390625,108.56417083740234,196.8943634033203,22.805505752563477,21.770000457763672,612.9442138671875,123.27574920654297,422.6806335449219,140.46279907226562,520.3795166015625,32.45000076293945,230.419189453125,214.10887145996094
2025-01-22,123.75,235.00999450683594,129.82000732421875,755.8220825195312,237.44390869140625,112.48733520507812,197.2124786376953,23.498332977294922,21.860000610351562,619.9441528320312,124.69993591308594,440.1402587890625,146.68655395507812,527.0330810546875,33.86000061035156,233.7498321533203,218.51438903808594
2025-01-23,123.04000091552734,235.4199981689453,129.1199951171875,735.6427001953125,236.82296752929688,111.60791778564453,196.82476806640625,23.440597534179688,21.56999969482422,632.8201904296875,125.54647827148438,440.6433410644531,146.83615112304688,528.1535034179688,33.40999984741211,233.3136749267578,219.9045867919922
2025-01-24,122.83999633789062,234.85000610351562,129.1699981689453,721.851318359375,241.1793975830078,111.12913513183594,199.04176330566406,23.45022201538086,20.829999923706055,643.7973022460938,123.51477813720703,438.0293273925781,142.24813842773438,525.1688842773438,33.27000045776367,228.625,217.2220916748047
2025-01-27,115.01000213623047,235.4199981689453,100.30000305175781,680.34912109375,199.2218475341797,101.46530151367188,190.6907501220703,22.083816528320312,20.290000915527344,656.1165771484375,99.92127990722656,428.6583251953125,118.11123657226562,509.8788146972656,29.06999969482422,210.69305419921875,188.2728729248047
2025-01-28,114.16999816894531,238.14999389648438,106.54000091552734,673.645751953125,204.37660217285156,98.97361755371094,194.16041564941406,20.65005111694336,19.799999237060547,670.4842529296875,103.45681762695312,441.126708984375,128.65367126464844,517.414794921875,28.18000030517578,211.63478088378906,198.1510467529297
2025-01-29,117.3499984741211,237.07000732421875,107.83999633789062,702.5296630859375,203.38113403320312,100.7422103881836,194.269775390625,20.842500686645508,19.75,672.6318969726562,106.35497283935547,436.32281494140625,123.37747955322266,516.4429931640625,27.799999237060547,212.50704956054688,198.08250427246094
2025-01-30,118.86000061035156,234.63999938964844,113.86000061035156,726.52392578125,212.55718994140625,102.94076538085938,199.69789123535156,20.39023780822754,20.010000228881836,683.0819091796875,109.88053894042969,409.3540954589844,124.32500457763672,518.644287109375,28.639999389648438,216.82896423339844,203.78033447265625
2025-01-31,115.94999694824219,237.67999267578125,115.2300033569336,728.8110961914062,218.08648681640625,101.23078918457031,202.82955932617188,20.39023780822754,19.43000030517578,685.24951171875,112.40023803710938,409.42315673828125,119.7569351196289,517.8907470703125,28.520000457763672,216.22430419921875,204.92581176757812
2025-02-03,114.2699966430664,237.4199981689453,111.5,720.6781616210938,214.59738159179688,97.8010482788086,200.05580139160156,19.68779182434082,19.3799991607666,693.4823608398438,113.0973892211914,405.33941650390625,116.35581970214844,513.7459716796875,26.850000381469727,212.3286590576172,195.6056365966797
2025-02-04,119.5,242.05999755859375,112.31999969482422,721.0232543945312,219.2297821044922,99.34491729736328,205.17578125,20.043825149536133,19.290000915527344,700.1739501953125,109.24314880371094,406.7696838378906,118.34062957763672,520.0523681640625,29.15999984741211,214.50942993164062,199.76641845703125
2025-02-05,112.01000213623047,236.1699981689453,115.48999786376953,732.0445556640625,228.662109375,102.06134796142578,190.21359252929688,20.55382537841797,19.649999618530273,700.8499755859375,115.9855728149414,407.6772155761719,124.5045166015625,522.4122924804688,31.489999771118164,218.66282653808594,204.1915283203125
2025-02-06,110.16000366210938,238.8300018310547,115.2699966430664,728.6336669921875,228.03131103515625,103.49772644042969,190.48199462890625,20.55382537841797,19.3799991607666,707.929443359375,118.75424194335938,410.1728820800781,128.344482421875,525.13916015625,33.84000015258789,218.3753662109375,206.0810089111328
2025-02-07,107.55999755859375,229.14999389648438,118.47000122070312,717.365966796875,221.63465881347656,103.93744659423828,184.25852966308594,20.467222213745117,19.100000381469727,710.445068359375,110.16936492919922,404.18524169921875,129.50143432617188,518.5155029296875,36.279998779296875,214.97532653808594,201.79295349121094
2025-02-10,110.4800033569336,233.13999938964844,120.2300033569336,733.5133056640625,231.6583709716797,109.7416000366211,185.38192749023438,20.621183395385742,19.770000457763672,713.30859375,112.34048461914062,406.6217041015625,133.22174072265625,524.7921142578125,42.650001525878906,217.78057861328125,203.58453369140625
2025-02-11,111.0999984741211,232.75999450683594,116.83999633789062,743.8564453125,231.6583709716797,108.89149475097656,184.2386474609375,20.380617141723633,20.969999313354492,715.6949462890625,108.67548370361328,405.8523254394531,132.45375061035156,523.5426635742188,38.61000061035156,217.9788360595703,204.3579864501953
2025-02-12,111.72000122070312,228.92999267578125,109.63999938964844,747.0078125,232.94952392578125,110.337646484375,182.53860473632812,20.29401206970215,22.479999542236328,721.2430419921875,104.99055480957031,403.4849548339844,130.79808044433594,523.85009765625,39.68000030517578,218.2167510986328,202.04751586914062
2025-02-13,111.80999755859375,230.3699951171875,109.75,767.5755615234375,232.4074249267578,107.73847961425781,185.05384826660156,20.476842880249023,24.1299991607666,724.4049072265625,103.078369140625,404.9645690917969,134.937255859375,531.3861083984375,42.279998779296875,220.89317321777344,197.59300231933594
2025-02-14,113.0999984741211,228.67999267578125,106.87000274658203,742.44384765625,229.6871337890625,111.7642593383789,184.14915466308594,20.89061164855957,23.600000381469727,732.4685668945312,106.07611083984375,402.8832092285156,138.48797607421875,533.6172485351562,47.90999984741211,221.12115478515625,199.61956787109375
2025-02-18,114.27999877929688,226.64999389648438,111.05999755859375,735.2025756835938,225.2420196533203,117.58795166015625,182.69769287109375,20.957971572875977,27.389999389648438,712.284423828125,106.85293579101562,404.0768127441406,139.03656005859375,534.8268432617188,55.79999923706055,224.77891540527344,198.48391723632812
2025-02-19,114.69000244140625,226.6300048828125,103.91999816894531,735.775634765625,225.43914794921875,118.19377899169922,184.18893432617188,21.025331497192383,25.719999313354492,699.75634765625,110.587646484375,409.1371154785156,138.86697387695312,534.9755859375,60.25,228.51597595214844,196.73146057128906
2025-02-20,114.16999816894531,222.8800048828125,103.4000015258789,734.0863037109375,223.47776794433594,117.14825439453125,183.4830780029297,20.91948127746582,26.09000015258789,690.8773193359375,108.26714324951172,411.3016662597656,139.7446746826172,532.7048950195312,59.27000045776367,229.05126953125,195.89932250976562
2025-02-21,110.83999633789062,216.5800018310547,98.30000305175781,728.277587890625,215.51402282714844,114.9106216430664,178.61166381835938,20.342126846313477,24.8700008392334,679.6515502929688,103.3871078491211,403.4735412597656,134.07948303222656,521.6488037109375,56.06999969482422,222.02317810058594,194.07838439941406
2025-02-24,108.11000061035156,212.7100067138672,92.69000244140625,727.042724609375,204.93836975097656,111.52975463867188,178.20407104492188,19.96684455871582,24.270000457763672,664.3195190429688,97.51115417480469,399.31243896484375,129.94032287597656,515.4910278320312,51.61000061035156,216.80914306640625,187.62672424316406
2025-02-25,103.95999908447266,212.8000030517578,92.87999725341797,721.3427124023438,199.62594604492188,108.11956787109375,174.39642333984375,19.524208068847656,22.989999771118164,653.7501831054688,92.62113952636719,393.283203125,126.2998275756836,508.99627685546875,45.540000915527344,212.33856201171875,185.3945770263672
2025-02-26,104.73999786376953,214.35000610351562,96.37999725341797,737.8797607421875,209.87632751464844,113.0052261352539,171.7220916748047,19.60118865966797,23.520000457763672,669.8578491210938,94.51339721679688,395.0920104980469,130.9376983642578,510.225830078125,51.11000061035156,216.0359649658203,190.5343780517578
2025-02-27,99.51000213623047,208.74000549316406,91.56999969482422,689.2462768554688,194.95416259765625,105.36405181884766,167.5167999267578,19.09119415283203,23.09000015258789,654.4859619140625,87.29293823242188,387.97552490234375,119.83673095703125,496.0561828613281,42.95000076293945,203.4568328857422,177.28842163085938
2025-02-28,99.86000061035156,212.27999877929688,93.05000305175781,700.4884643554688,196.56068420410156,100.41000366210938,169.28640747070312,19.062326431274414,23.729999542236328,664.38916015625,91.44596099853516,392.38372802734375,124.59429931640625,503.88970947265625,41.459999084472656,206.69827270507812,176.74017333984375
2025-03-03,98.2300033569336,205.02000427246094,86.01000213623047,691.380126953125,184.67420959472656,93.37464904785156,166.03546142578125,18.3117618560791,22.739999771118164,651.3140869140625,85.48035430908203,383.98236083984375,113.76261138916016,492.8633117675781,36.06999969482422,199.39263916015625,169.3388671875
2025-03-04,100.75,203.8000030517578,85.5199966430664,699.6387329101562,184.7826385498047,91.91873168945312,169.9226531982422,18.128934860229492,21.329999923706055,636.35009765625,87.97016906738281,384.1009826660156,115.68757629394531,491.3759765625,39.13999938964844,200.50286865234375,176.2212677001953
2025-03-05,101.66999816894531,208.36000061035156,87.81999969482422,730.7868041992188,188.8236541748047,95.0260009765625,172.0104217529297,18.177047729492188,20.809999465942383,652.72607421875,89.77279663085938,396.3669738769531,116.99417114257812,497.78155517578125,38.900001525878906,204.8247833251953,180.4114532470703
2025-03-06,98.8499984741211,200.6999969482422,84.33999633789062,706.1786499023438,176.8681640625,90.89274597167969,171.3443145751953,17.282146453857422,20.75,624.3488159179688,71.98554992675781,392.2848815917969,110.28170013427734,484.087890625,37.04999923706055,196.309814453125,172.1584014892578
2025-03-07,100.30999755859375,199.25,83.36000061035156,723.3479614257812,192.15501403808594,89.36841583251953,172.84552001953125,15.213293075561523,20.639999389648438,622.0916748046875,70.5514144897461,388.7464599609375,112.39617919921875,487.64764404296875,38.2400016784668,202.06907653808594,173.38217163085938
2025-03-10,96.62999725341797,194.5399932861328,77.55999755859375,674.8330078125,181.7962188720703,88.2740249633789,165.09205627441406,14.510845184326172,19.93000030517578,594.5795288085938,65.40247344970703,375.74908447265625,106.70106506347656,468.7481994628906,36.900001525878906,192.721435546875,167.06753540039062
2025-03-11,96.76000213623047,196.58999633789062,79.12999725341797,681.8471069335938,187.35507202148438,89.47589874267578,163.2706298828125,14.761033058166504,19.780000686645508,602.255615234375,66.88641357421875,376.0356750488281,108.4764175415039,467.627685546875,40.84000015258789,190.4415283203125,167.380859375
2025-03-12,100.79000091552734,198.88999938964844,80.25,694.8475952148438,191.4355010986328,92.41706085205078,166.32623291015625,14.520467758178711,20.68000030517578,616.0265502929688,69.56544494628906,378.82293701171875,115.4488525390625,472.90289306640625,42.470001220703125,194.366943359375,173.45069885253906
2025-03-13,98.11000061035156,193.88999938964844,80.13999938964844,686.1739501953125,188.60679626464844,90.33577728271484,161.9966278076172,14.212545394897461,23.700000762939453,587.2715454101562,68.47989654541016,374.37518310546875,115.28925323486328,464.3951110839844,39.08000183105469,193.3955078125,167.98785400390625
2025-03-14,100.97000122070312,197.9499969482422,83.51000213623047,705.3486938476562,192.72665405273438,93.48213958740234,164.71383666992188,15.030464172363281,24.049999237060547,604.6723022460938,68.45997619628906,384.0515441894531,121.36392974853516,475.61981201171875,42.16999816894531,199.36289978027344,170.4353485107422
2025-03-17,104.58999633789062,195.74000549316406,85.08999633789062,721.4810180664062,191.70164489746094,95.42664337158203,163.5194549560547,15.242161750793457,25.690000534057617,601.9852905273438,70.11321258544922,384.1899719238281,119.22930908203125,478.7035827636719,41.939998626708984,202.6539306640625,172.54025268554688
2025-03-18,103.51000213623047,192.82000732421875,83.98999786376953,722.25146484375,185.95550537109375,94.23454284667969,159.91644287109375,15.328765869140625,25.920000076293945,579.5538940429688,68.0018539428711,379.0700378417969,115.13963317871094,470.54290771484375,37.900001525878906,199.9651336669922,170.15589904785156
2025-03-19,106.2300033569336,195.5399932861328,84.41999816894531,726.00537109375,192.7562255859375,96.46238708496094,163.12132263183594,15.723292350769043,24.1200008392334,581.2457275390625,69.52560424804688,383.3201599121094,117.224365234375,476.8394470214844,40.099998474121094,201.59288024902344,170.7750701904297
2025-03-20,107.13999938964844,194.9499969482422,82.97000122070312,725.1657104492188,188.3668670654297,96.65780639648438,162.0364532470703,15.61744213104248,23.959999084472656,583.1763305664062,70.20284271240234,382.3515319824219,118.2318115234375,475.2231750488281,39.099998474121094,199.98500061035156,174.4213409423828
2025-03-21,106.44000244140625,196.2100067138672,83.12999725341797,707.5418701171875,189.47412109375,95.33868408203125,163.22085571289062,15.568940162658691,24.260000228881836,593.376953125,70.1032485961914,386.7202453613281,117.4039077758789,476.7898254394531,42.150001525878906,197.89077758789062,173.6940460205078
2025-03-24,113.8499984741211,203.25999450683594,87.51000213623047,719.0211791992188,189.0687713623047,97.52745056152344,166.89353942871094,15.986053466796875,24.219999313354492,615.8679809570312,72.4636001586914,388.5191345214844,121.1045913696289,487.252685546875,41.720001220703125,203.76654052734375,178.04795837402344
2025-03-25,114.80999755859375,205.7100067138672,86.94000244140625,717.934326171875,186.11288452148438,96.59918212890625,169.76007080078125,16.02485466003418,24.200000762939453,623.2921142578125,71.3780288696289,390.5749816894531,120.38639831542969,490.03326416015625,40.63999938964844,202.6648406982422,177.7924346923828
2025-03-26,110.19000244140625,201.1300048828125,81.66000366210938,697.2086181640625,177.2254180908203,94.05863952636719,164.28585815429688,15.588339805603027,23.420000076293945,608.035888671875,66.48805236816406,385.4452209472656,113.47382354736328,481.01629638671875,37.040000915527344,196.987548828125,170.51954650878906
2025-03-27,106.6500015258789,201.36000061035156,78.95999908447266,682.2620239257812,170.02842712402344,94.8794174194336,161.47911071777344,15.462237358093262,23.6200008392334,599.676513671875,64.59577941894531,386.0481262207031,111.14968872070312,478.27545166015625,34.720001220703125,193.1067657470703,165.34991455078125
2025-03-28,103.22000122070312,192.72000122070312,77.94000244140625,666.4063720703125,167.19117736816406,90.17943572998047,153.60617065429688,15.316733360290527,22.709999084472656,573.9609985351562,61.787269592285156,374.4048156738281,109.39411926269531,465.68353271484375,34.2599983215332,187.2706756591797,162.4112548828125
2025-03-31,102.73999786376953,190.25999450683594,77.4800033569336,654.6011962890625,165.52044677734375,89.06550598144531,153.91473388671875,14.967523574829102,22.709999084472656,573.582763671875,61.319183349609375,371.034423828125,108.10735321044922,465.6636962890625,34.2400016784668,186.7644805908203,163.1483917236328
2025-04-01,102.77999877929688,192.1699981689453,78.48999786376953,659.254150390625,166.5980224609375,89.85697174072266,156.33334350585938,15.17123031616211,22.049999237060547,583.1763305664062,62.41469955444336,377.7554931640625,109.87290954589844,469.4174499511719,35.04999923706055,186.86373901367188,165.74302673339844
2025-04-02,102.95999908447266,196.00999450683594,80.16000366210938,660.9038696289062,170.12730407714844,93.14990997314453,156.30345153808594,15.636842727661133,21.979999542236328,581.1162719726562,62.97241973876953,377.70611572265625,110.14221954345703,472.84344482421875,35.09000015258789,188.064697265625,167.4629669189453
2025-04-03,93.80000305175781,178.41000366210938,71.2699966430664,615.668701171875,152.2534942626953,75.4638442993164,150.01309204101562,13.269974708557129,22.43000030517578,529.0582885742188,55.41333770751953,368.7807922363281,101.5439224243164,447.5304870605469,32.31999969482422,169.0875244140625,154.6764678955078
2025-04-04,85.76000213623047,171.0,64.37000274658203,598.2128295898438,144.6215362548828,69.99190521240234,144.91712951660156,12.406649589538574,19.850000381469727,502.2979431152344,49.228633880615234,355.6647644042969,94.07275390625,419.7348327636719,29.81999969482422,156.4525909423828,144.27821350097656
2025-04-07,83.63999938964844,175.25999450683594,68.16999816894531,608.378173828125,152.3820343017578,73.28483581542969,146.06173706054688,12.930464744567871,19.56999969482422,513.7623901367188,50.79224395751953,353.707763671875,97.39436340332031,420.74774169921875,33.0,160.06541442871094,143.65902709960938
2025-04-08,78.20999908447266,170.66000366210938,69.5,588.1561889648438,154.25045776367188,70.9299545288086,144.02134704589844,12.135043144226074,18.1299991607666,507.9903869628906,49.82619094848633,350.44610595703125,96.05775451660156,413.1707763671875,31.709999084472656,153.7032928466797,138.94149780273438
2025-04-09,96.83999633789062,191.10000610351562,76.0,678.9328002929688,183.03834533691406,82.2646713256836,157.9656524658203,14.065397262573242,21.530000686645508,582.9474487304688,60.711669921875,385.95916748046875,114.04239654541016,462.763916015625,36.709999084472656,182.24847412109375,156.02293395996094
2025-04-10,88.69999694824219,181.22000122070312,72.6500015258789,641.6796264648438,170.33489990234375,77.13473510742188,152.10325622558594,13.328177452087402,19.8799991607666,543.6576538085938,52.65462112426758,376.9252624511719,107.29940032958984,443.08160400390625,33.68000030517578,167.35057067871094,148.53384399414062
2025-04-11,93.4000015258789,184.8699951171875,72.66999816894531,660.7063598632812,179.86497497558594,80.05635070800781,156.40298461914062,13.716188430786133,19.739999771118164,540.9507446289062,53.23291778564453,383.94287109375,110.65094757080078,451.24444580078125,33.150001525878906,170.9733123779297,154.381591796875
2025-04-14,94.5,182.1199951171875,73.58999633789062,664.7171020507812,176.32579040527344,83.24180603027344,158.32395935058594,13.851990699768066,20.309999465942383,528.9190673828125,52.10624313354492,383.3102722167969,110.4314956665039,454.3031311035156,33.119998931884766,172.1048126220703,153.16290283203125
2025-04-15,95.29000091552734,179.58999633789062,73.19999694824219,674.8823852539062,176.9090576171875,83.5349349975586,155.57687377929688,14.560111999511719,19.850000381469727,519.007080078125,53.163124084472656,381.25439453125,111.9177474975586,454.8095703125,33.47999954223633,172.80947875976562,154.62734985351562
2025-04-16,88.29000091552734,174.3300018310547,71.87000274658203,627.2368774414062,172.61856079101562,81.45365142822266,152.61087036132812,14.434008598327637,19.229999542236328,499.88958740234375,51.77721405029297,367.2982177734375,104.22714233398438,441.0954284667969,31.889999389648438,166.1396942138672,149.06454467773438
2025-04-17,87.5,172.61000061035156,71.19999694824219,632.4034423828125,169.0398406982422,82.8607177734375,150.4510498046875,14.6862154006958,18.93000030517578,499.0636291503906,51.547889709472656,363.5126647949219,101.23468017578125,441.0160217285156,31.510000228881836,165.30596923828125,149.1333465576172
2025-04-21,85.55999755859375,167.32000732421875,67.66999816894531,617.1209716796875,164.3143768310547,80.50582122802734,146.97740173339844,14.375805854797363,18.84000015258789,482.3246765136719,49.23471450805664,354.95318603515625,96.66622161865234,430.1023254394531,29.510000228881836,162.41769409179688,145.32000732421875
2025-04-22,86.26000213623047,173.17999267578125,68.66999816894531,630.9513549804688,167.64593505859375,82.6840591430664,150.7595977783203,14.695914268493652,19.510000228881836,497.8693542480469,50.471065521240234,362.5638122558594,98.64122009277344,441.3934020996094,30.579999923706055,165.573974609375,148.7991943359375
2025-04-23,90.38999938964844,180.60000610351562,70.76000213623047,650.0074462890625,174.892333984375,87.67972564697266,154.62139892578125,14.889921188354492,20.59000015258789,517.7631225585938,53.61180114746094,370.0460205078125,102.45161437988281,451.4033508300781,32.900001525878906,171.7772979736328,155.09909057617188
2025-04-24,94.47000122070312,186.5399932861328,75.29000091552734,666.8212890625,186.00413513183594,92.83272552490234,158.532958984375,15.695043563842773,21.489999771118164,530.5811157226562,57.16132354736328,382.8061218261719,106.1622543334961,464.1045227050781,35.810001373291016,181.66287231445312,161.3596649169922
2025-04-25,96.6500015258789,188.99000549316406,77.91000366210938,669.0637817382812,190.11669921875,93.3145980834961,161.2003936767578,15.753244400024414,20.049999237060547,544.6329956054688,58.746646881103516,387.30340576171875,110.73075103759766,469.27838134765625,36.470001220703125,183.4295654296875,162.26385498046875
2025-04-28,96.38999938964844,187.6999969482422,78.30999755859375,666.666748046875,190.27487182617188,92.90155029296875,159.85670471191406,15.995753288269043,20.510000228881836,547.0911254882812,58.52729797363281,386.6213684082031,108.45648193359375,469.12939453125,37.27000045776367,183.10205078125,160.59303283691406
2025-04-29,96.05999755859375,187.38999938964844,80.7300033569336,660.0769653320312,188.9897003173828,92.22301483154297,159.40884399414062,15.821146965026855,20.34000015258789,551.7684936523438,58.50735092163086,389.4679870605469,108.74574279785156,472.22772216796875,36.0,181.14674377441406,161.65447998046875
2025-04-30,97.3499984741211,184.4199981689453,82.2699966430664,662.0291748046875,190.27487182617188,90.23656463623047,158.05520629882812,15.733845710754395,20.100000381469727,546.3546752929688,58.198265075683594,390.6738586425781,108.64599609375,472.16815185546875,31.860000610351562,182.46682739257812,163.82652282714844
2025-05-01,96.6500015258789,190.1999969482422,87.83999633789062,660.681396484375,195.07945251464844,90.42340087890625,160.5435028076172,15.918149948120117,19.979999542236328,569.4528198242188,60.77067565917969,420.464111328125,111.32923126220703,478.33502197265625,32.72999954223633,182.21868896484375,169.75296020507812
2025-05-02,98.80000305175781,189.97999572753906,91.0199966430664,684.0775756835938,201.3174591064453,93.01956939697266,163.2606658935547,16.35466194152832,20.6200008392334,594.143310546875,62.14661407470703,430.2294921875,114.21197509765625,485.4353942871094,33.709999084472656,188.61058044433594,176.20025634765625
2025-05-05,100.58999633789062,186.35000610351562,90.37999725341797,677.1707153320312,198.43077087402344,92.79338073730469,163.43984985351562,16.17035675048828,20.270000457763672,596.3824462890625,61.797645568847656,431.1092224121094,113.53367614746094,482.55548095703125,32.16999816894531,187.16151428222656,173.36972045898438
2025-05-06,98.62000274658203,185.00999450683594,90.7699966430664,673.8311767578125,197.80796813964844,92.39019012451172,162.4644317626953,15.995753288269043,19.940000534057617,584.47998046875,61.03988265991211,428.2823486328125,113.25438690185547,478.06689453125,32.939998626708984,185.37496948242188,169.32049560546875
2025-05-07,100.36000061035156,188.7100067138672,86.44999694824219,694.0465087890625,202.47412109375,94.19965362548828,150.67001342773438,16.06365394592285,20.309999465942383,593.9342651367188,56.144325256347656,428.3218994140625,116.7655258178711,479.9438171386719,32.47999954223633,188.6205291748047,171.5416717529297
2025-05-08,101.69999694824219,192.0800018310547,87.2699966430664,701.6172485351562,205.4003448486328,94.62251281738281,153.55642700195312,16.364364624023438,21.0,595.1285400390625,57.460445404052734,433.0859375,117.07474517822266,484.899169921875,32.11000061035156,190.30783081054688,172.2100067138672
2025-05-09,102.83999633789062,193.05999755859375,86.5199966430664,699.8138427734375,205.825439453125,94.3176498413086,152.03358459472656,16.383764266967773,21.420000076293945,589.6350708007812,59.4744987487793,433.6394348144531,116.35655975341797,484.5813293457031,31.989999771118164,192.49139404296875,173.4876708984375
2025-05-12,108.12000274658203,208.63999938964844,92.31999969482422,743.4053344726562,219.05284118652344,101.70297241210938,157.716796875,17.208288192749023,22.18000030517578,636.3489379882812,64.31024169921875,444.04730224609375,122.69058227539062,504.3233337402344,33.52000045776367,206.3173370361328,183.7679901123047
2025-05-13,112.45999908447266,211.3699951171875,97.25,756.9812622070312,229.76922607421875,106.05941772460938,158.78179931640625,17.382892608642578,22.559999465942383,652.8689575195312,65.287353515625,443.9286804199219,129.60313415527344,512.0096435546875,38.88999938964844,212.163330078125,190.65756225585938
2025-05-14,117.72000122070312,210.25,98.22000122070312,761.9458618164062,229.47267150878906,109.17678833007812,164.5944061279297,17.314990997314453,21.520000457763672,656.1828002929688,65.70611572265625,447.6845397949219,134.99952697753906,515.078125,45.0,213.18565368652344,191.41432189941406
2025-05-15,114.98999786376953,205.1699981689453,96.06999969482422,751.491455078125,229.98670959472656,109.02928161621094,163.19100952148438,17.09188461303711,21.549999237060547,640.7774658203125,65.00817108154297,448.6946105957031,134.49081420898438,515.6441040039062,43.959999084472656,211.8159637451172,190.8836212158203
2025-05-16,117.16999816894531,205.58999633789062,96.41999816894531,741.3242797851562,226.002685546875,112.29415893554688,165.4105682373047,17.217987060546875,21.65999984741211,637.2544555664062,63.57240676879883,449.82342529296875,135.05938720703125,517.8885498046875,46.150001525878906,211.53805541992188,190.8836212158203
2025-05-19,114.73999786376953,206.16000366210938,96.69999694824219,742.3450317382812,227.99966430664062,112.3826675415039,165.7589111328125,16.936677932739258,21.3799991607666,637.3440551757812,62.375938415527344,454.3783874511719,135.2289581298828,518.3849487304688,44.790000915527344,210.2676239013672,190.17599487304688
2025-05-20,113.51000213623047,204.07000732421875,95.66999816894531,741.9783935546875,229.0376739501953,112.33349609375,163.2108917236328,17.18888282775879,21.270000457763672,634.0300903320312,61.239288330078125,453.6852722167969,134.0419464111328,516.6570434570312,42.77000045776367,209.95993041992188,190.12681579589844
2025-05-21,112.05999755859375,201.1199951171875,92.43000030517578,730.4932861328125,227.1099090576172,110.07168579101562,167.76942443847656,17.0142822265625,20.690000534057617,632.4378662109375,59.93314743041992,448.1401062011719,131.46844482421875,509.4772033691406,41.650001525878906,206.11883544921875,188.4658660888672
2025-05-22,110.70999908447266,203.10000610351562,92.55999755859375,733.9913940429688,227.90078735351562,110.09133911132812,170.06858825683594,17.02398109436035,20.549999237060547,633.5028076171875,61.668025970458984,450.40765380859375,132.49586486816406,510.43060302734375,41.31999969482422,204.2131805419922,192.81976318359375
2025-05-23,110.30999755859375,200.99000549316406,91.19999694824219,725.855712890625,226.11143493652344,110.24868774414062,167.6798553466797,16.897876739501953,20.049999237060547,624.03857421875,60.51144027709961,445.7734680175781,130.959716796875,505.7036437988281,40.09000015258789,201.04698181152344,188.6820831298828
2025-05-27,114.55999755859375,206.02000427246094,92.48999786376953,749.9356689453125,232.96238708496094,112.09747314453125,172.08908081054688,17.402294158935547,20.549999237060547,639.2249145507812,63.632232666015625,456.1806335449219,135.15911865234375,517.6004638671875,41.56999969482422,207.72671508789062,194.28416442871094
2025-05-28,112.86000061035156,204.72000122070312,92.79000091552734,739.748779296875,236.6992645263672,111.8811264038086,171.55162048339844,17.159786224365234,20.3700008392334,640.4789428710938,64.39996337890625,452.8832092285156,134.4708709716797,515.3064575195312,41.959999084472656,206.68458557128906,192.7706298828125
2025-05-29,113.02999877929688,205.6999969482422,86.37000274658203,740.3037109375,239.2103271484375,111.74345397949219,171.053955078125,17.12098503112793,20.25,641.9418334960938,63.54249572753906,454.1902770996094,138.83985900878906,516.3194580078125,41.150001525878906,207.52822875976562,193.7632598876953
2025-05-30,110.7300033569336,205.00999450683594,86.63999938964844,730.0969848632812,239.30917358398438,109.42263793945312,170.93450927734375,16.762073516845703,19.549999237060547,644.3699951171875,60.01290512084961,455.85382080078125,134.7900848388672,515.505126953125,40.02000045776367,203.40921020507812,189.9990692138672
2025-06-02,114.62999725341797,206.64999389648438,89.77999877929688,739.7686157226562,245.87344360351562,106.28560638427734,168.23721313476562,16.820276260375977,19.739999771118164,667.667236328125,61.289146423339844,457.4480895996094,137.03440856933594,519.57666015625,41.20000076293945,206.4761505126953,191.49295043945312
2025-06-03,117.30999755859375,205.7100067138672,94.5,740.4820556640625,253.92062377929688,110.04218292236328,165.40057373046875,17.159786224365234,20.290000915527344,663.6367797851562,62.1765251159668,458.4382629394531,140.86473083496094,523.6381225585938,43.189998626708984,212.0243682861328,194.21539306640625
2025-06-04,118.58000183105469,207.22999572753906,94.94000244140625,736.0525512695312,258.1023254394531,110.82890319824219,167.2618408203125,17.3052921295166,20.25,684.6351318359375,66.10494232177734,459.3294677734375,141.56298828125,525.0980834960938,44.130001068115234,215.18063354492188,198.92306518554688
2025-06-05,115.69000244140625,207.91000366210938,95.18000030517578,740.9874877929688,256.9654846191406,109.96351623535156,167.42108154296875,17.22768783569336,19.989999771118164,681.3211059570312,64.9682846069336,463.1022033691406,139.6378631591797,521.1456298828125,40.77000045776367,214.2774658203125,199.846923828125
2025-06-06,116.19000244140625,213.57000732421875,97.25,746.1997680664062,244.11373901367188,111.86145782470703,172.8654022216797,17.567197799682617,20.059999465942383,694.3480834960938,68.14889526367188,465.7757568359375,141.3634796142578,526.2400512695312,41.54999923706055,215.71661376953125,201.65530395507812
2025-06-09,121.7300033569336,216.97999572753906,96.80000305175781,763.2242431640625,241.4939727783203,112.32366180419922,175.47628784179688,17.761201858520508,20.479999542236328,690.7156372070312,68.93658447265625,468.1225280761719,142.2711944580078,527.0146484375,43.119998931884766,220.79837036132812,203.44407653808594
2025-06-10,123.23999786376953,217.61000061035156,93.69999694824219,777.8604125976562,241.83998107910156,111.36975860595703,177.97756958007812,17.79030418395996,22.079999923706055,699.0155029296875,68.63745880126953,466.31048583984375,143.5978546142578,530.5003051757812,42.90999984741211,225.62205505371094,208.81028747558594
2025-06-11,121.13999938964844,213.1999969482422,94.20999908447266,776.9884643554688,250.02552795410156,109.39313507080078,176.73190307617188,17.673898696899414,20.68000030517578,690.7953491210938,68.03922271728516,467.9938049316406,142.48057556152344,528.712646484375,43.209999084472656,224.8677215576172,210.422119140625
2025-06-12,118.5,213.24000549316406,95.7699966430664,779.0892333984375,253.14950561523438,111.51728820800781,175.087646484375,17.58659553527832,20.770000457763672,690.01904296875,69.43511199951172,474.1826477050781,144.64527893066406,529.9540405273438,43.36000061035156,225.1754150390625,212.50344848632812
2025-06-13,116.16000366210938,212.10000610351562,92.3499984741211,754.1075439453125,245.86355590820312,107.74102020263672,174.06124877929688,17.12098503112793,20.139999389648438,679.57958984375,66.99231719970703,470.3109130859375,141.6226806640625,523.3006591796875,41.560001373291016,219.3095703125,208.23226928710938
2025-06-16,126.38999938964844,216.10000610351562,95.08999633789062,768.2086181640625,249.2247772216797,111.85162353515625,176.1539306640625,17.693300247192383,20.739999771118164,699.2744750976562,70.21280670166016,474.45001220703125,144.33604431152344,530.5797119140625,43.689998626708984,226.23570251464844,212.7500457763672
2025-06-17,127.0999984741211,214.82000732421875,89.68000030517578,752.9779052734375,246.52590942382812,114.0052719116211,175.33677673339844,17.36349105834961,20.799999237060547,694.4041748046875,69.7840805053711,473.3608093261719,143.7674102783203,525.4059448242188,43.11000061035156,224.4452362060547,210.9942169189453
2025-06-18,126.79000091552734,212.52000427246094,90.23999786376953,754.74169921875,248.39434814453125,114.62480163574219,172.71595764160156,17.373260498046875,21.489999771118164,692.9501953125,74.7294692993164,475.53924560546875,145.1240997314453,525.3165283203125,44.470001220703125,225.3603515625,210.59963989257812
2025-06-20,128.24000549316406,209.69000244140625,86.25,749.6780395507812,247.72055053710938,117.3881607055664,166.05923461914062,17.549142837524414,21.079999923706055,679.5846557617188,73.29373168945312,472.7270202636719,143.4980926513672,523.1714477539062,45.31999969482422,223.9180145263672,206.66384887695312
2025-06-23,129.5800018310547,208.47000122070312,91.94999694824219,772.657958984375,251.46621704101562,116.06057739257812,164.6143035888672,17.402576446533203,21.190000534057617,695.6990356445312,70.57174682617188,481.24285888671875,143.8173065185547,528.551025390625,40.88999938964844,225.3106231689453,207.46286010742188
2025-06-24,138.42999267578125,212.77000427246094,94.97000122070312,805.9933471679688,261.37542724609375,118.58790588378906,166.18878173828125,17.734798431396484,22.549999237060547,709.3135375976562,74.98872375488281,485.3126220703125,147.53817749023438,536.6336059570312,42.84000015258789,233.8551483154297,217.10012817382812
2025-06-25,143.39999389648438,211.99000549316406,96.30999755859375,807.8562622070312,262.2474670410156,118.4600601196289,170.08514404296875,18.067018508911133,22.200000762939453,705.8078002929688,75.70658874511719,487.45147705078125,153.93251037597656,538.0054931640625,46.61000061035156,235.9539794921875,219.7141571044922
2025-06-26,143.67999267578125,217.1199951171875,101.58999633789062,790.8616333007812,267.7173767089844,123.88842010498047,172.93516540527344,17.949766159057617,22.5,723.1473999023438,79.7347183227539,492.5807800292969,154.64077758789062,543.0359497070312,49.27000045776367,237.80410766601562,220.96688842773438
2025-06-27,143.80999755859375,223.3000030517578,99.38999938964844,788.7410278320312,266.9048156738281,121.93144989013672,177.90780639648438,17.988853454589844,22.690000534057617,730.6567993164062,76.93299102783203,491.0855712890625,157.3640899658203,544.8952026367188,47.58000183105469,237.59524536132812,225.46493530273438
2025-06-30,141.89999389648438,219.38999938964844,102.30999755859375,794.1316528320312,273.1475830078125,120.56452941894531,175.6157989501953,19.98218536376953,22.399999618530273,735.0986938476562,77.17227935791016,492.5411682128906,157.603515625,548.4244995117188,49.0099983215332,237.4360809326172,223.41319274902344
2025-07-01,136.11000061035156,220.4600067138672,98.91000366210938,783.310546875,262.3366394042969,119.708984375,175.2271728515625,20.011497497558594,22.850000381469727,716.3051147460938,76.01568603515625,487.2336120605469,152.92498779296875,543.801513671875,47.20000076293945,236.36178588867188,221.6277618408203
2025-07-02,138.52000427246094,219.9199981689453,101.12999725341797,792.3480224609375,267.44976806640625,121.42992401123047,178.01739501953125,20.763883590698242,21.8799991607666,710.6780395507812,74.03153991699219,486.2830505371094,156.86532592773438,547.58935546875,48.7400016784668,240.8578643798828,230.42662048339844
2025-07-03,137.91000366210938,223.41000366210938,102.5199966430664,787.3040771484375,272.6818542480469,123.14104461669922,178.904296875,20.851821899414062,22.489999771118164,716.0960083007812,74.95881652832031,493.9571838378906,158.9501953125,552.9776611328125,48.560001373291016,242.051513671875,231.6103057861328
2025-07-07,134.8000030517578,223.47000122070312,101.47000122070312,777.9794311523438,271.6909484863281,122.6985092163086,176.17384338378906,20.431659698486328,22.0,715.4385986328125,71.33949279785156,492.84814453125,157.85289001464844,548.812255859375,47.11000061035156,237.51565551757812,226.05677795410156
2025-07-08,137.82000732421875,219.36000061035156,103.38999938964844,786.90771484375,269.33251953125,122.3248291015625,173.7523193359375,20.343719482421875,23.59000015258789,717.749267578125,71.73831176757812,491.7589111328125,159.60858154296875,549.1204223632812,49.11000061035156,242.051513671875,224.7645721435547
2025-07-09,138.41000366210938,222.5399932861328,106.27999877929688,792.5858764648438,275.377197265625,124.52761840820312,176.0044403076172,20.324174880981445,23.440000534057617,729.8101196289062,72.04740142822266,498.58148193359375,162.48153686523438,553.0076293945312,50.02000045776367,242.82736206054688,228.69052124023438
2025-07-10,144.16000366210938,222.25999450683594,106.29000091552734,794.8253784179688,272.8998718261719,125.786376953125,177.00096130371094,20.802967071533203,23.81999969482422,724.2926025390625,73.14415740966797,496.5713195800781,163.69857788085938,552.2122192382812,50.36000061035156,245.24452209472656,226.63876342773438
2025-07-11,146.4199981689453,225.02000427246094,108.56999969482422,794.6668090820312,271.88909912109375,124.72431945800781,179.56202697753906,20.24600601196289,23.43000030517578,714.6021118164062,72.55541229248047,498.393310546875,164.5165557861328,550.9696044921875,49.2400016784668,244.8665313720703,227.27008056640625
2025-07-14,146.24000549316406,225.69000244140625,108.37000274658203,799.4232788085938,273.0980529785156,123.58356475830078,180.92721557617188,20.197153091430664,23.299999237060547,717.9982299804688,72.35584259033203,498.09625244140625,163.66864013671875,552.9677734375,49.72999954223633,242.53890991210938,225.56356811523438
2025-07-15,155.61000061035156,226.35000610351562,107.37000274658203,815.5658569335938,278.3895263671875,123.60323333740234,181.36569213867188,19.81607437133789,22.920000076293945,707.5109252929688,72.25606536865234,500.8688659667969,170.2824249267578,553.474853515625,53.16999816894531,244.95603942871094,233.73109436035156
2025-07-16,160.0800018310547,223.19000244140625,108.30000305175781,747.6168823242188,278.2607116699219,121.51842498779297,182.3323211669922,19.884469985961914,22.690000534057617,700.0612182617188,70.69937133789062,500.67083740234375,170.95077514648438,554.04150390625,53.220001220703125,244.28961181640625,234.33279418945312
2025-07-17,160.41000366210938,223.8800048828125,111.9800033569336,738.1632080078125,283.84954833984375,121.82328796386719,182.940185546875,20.35348892211914,22.799999237060547,698.5672607421875,71.85690307617188,506.6913146972656,172.5767822265625,558.5252075195312,52.75,245.22463989257812,242.2635955810547
2025-07-18,156.99000549316406,226.1300048828125,111.77999877929688,727.9268188476562,280.76776123046875,129.06109619140625,184.41502380371094,20.627084732055664,23.100000381469727,701.4257202148438,74.49129486083984,505.05743408203125,171.9882049560547,557.9883422851562,51.77000045776367,245.4235382080078,237.1342315673828
2025-07-21,157.0,229.3000030517578,111.61000061035156,713.1618041992188,285.59356689453125,126.81893920898438,189.43746948242188,20.187379837036133,23.260000228881836,710.0804443359375,72.9046630859375,505.0673522949219,170.96075439453125,560.88134765625,51.5,245.6423797607422,235.60528564453125
2025-07-22,154.72000122070312,227.47000122070312,109.77999877929688,699.09033203125,276.0609130859375,122.7656021118164,190.6731414794922,19.943099975585938,23.239999771118164,701.9535522460938,71.83694458007812,500.3241882324219,166.6213836669922,557.978515625,49.86000061035156,242.2504425048828,231.4130401611328
2025-07-23,158.64999389648438,228.2899932861328,113.04000091552734,710.4366455078125,281.1146240234375,125.61923217773438,189.56703186035156,20.285091400146484,23.489999771118164,710.6880493164062,73.11421966552734,500.9183654785156,170.36221313476562,560.5235595703125,51.70000076293945,240.77828979492188,237.06517028808594
2025-07-24,162.1199951171875,232.22999572753906,114.04000091552734,718.5128173828125,286.0890197753906,126.73502349853516,191.50025939941406,20.040813446044922,22.6299991607666,711.903076171875,73.88258361816406,505.8793640136719,173.3149871826172,561.716552734375,52.52000045776367,240.28094482421875,238.31793212890625
2025-07-25,166.47000122070312,231.44000244140625,114.27999877929688,704.8081665039062,287.5456848144531,129.56890869140625,192.50672912597656,20.25577735900879,20.700000762939453,709.7916259765625,74.05223083496094,508.6816711425781,173.07557678222656,563.0685424804688,54.470001220703125,240.26101684570312,242.2635955810547
2025-07-28,173.66000366210938,232.7899932861328,117.55000305175781,723.3783569335938,291.62823486328125,132.17568969726562,191.90882873535156,20.402347564697266,20.68000030517578,714.7216186523438,75.74861145019531,507.48345947265625,176.31761169433594,564.8283081054688,60.04999923706055,244.44876098632812,239.4523162841797
2025-07-29,177.44000244140625,231.00999450683594,118.62000274658203,713.7885131835938,294.7200012207031,131.83009338378906,195.06777954101562,20.37303352355957,20.40999984741211,697.1630859375,76.17769622802734,507.5527648925781,175.0806121826172,563.9534301757812,58.630001068115234,244.8864288330078,238.0515899658203
2025-07-30,179.50999450683594,230.19000244140625,122.08999633789062,716.729248046875,299.8727722167969,131.85972595214844,195.8450469970703,20.412120819091797,20.34000015258789,692.3925170898438,81.56621551513672,508.2162170410156,178.8314666748047,564.7089233398438,60.709999084472656,246.6370849609375,239.61013793945312
2025-07-31,176.30999755859375,234.11000061035156,123.22000122070312,690.1641845703125,291.03375244140625,131.02040100097656,191.23117065429688,20.216693878173828,19.799999237060547,770.305419921875,80.19913482666016,528.2778930664062,177.4348602294922,561.716552734375,58.970001220703125,238.759033203125,238.337646484375
2025-08-01,171.6999969482422,214.75,117.56999969482422,685.30615234375,286.0196838378906,125.71797943115234,188.47084045410156,19.35682487487793,19.309999465942383,746.9703979492188,74.29171752929688,518.9797973632812,173.29502868652344,550.6513671875,56.63999938964844,235.9838104248047,232.01473999023438
2025-08-04,176.77999877929688,211.64999389648438,120.3499984741211,694.78369140625,295.0172424316406,128.5913543701172,194.36026000976562,19.562021255493164,19.5,773.2234497070312,76.36729431152344,530.39697265625,179.55966186523438,560.811767578125,58.22999954223633,239.1270751953125,235.75326538085938
2025-08-05,174.30999755859375,213.75,118.12000274658203,685.1173095703125,290.27069091796875,128.8382110595703,193.99154663085938,19.41545295715332,20.190000534057617,760.3658447265625,76.46707916259766,522.584228515625,177.82391357421875,557.004150390625,57.2599983215332,237.46592712402344,229.3119354248047
2025-08-06,163.1199951171875,222.30999755859375,138.77999877929688,686.438720703125,298.931396484375,126.52765655517578,195.40658569335938,19.669504165649414,20.40999984741211,768.861328125,75.15986633300781,519.8016967773438,178.9810791015625,564.0130615234375,46.790000915527344,235.67544555664062,228.22689819335938
2025-08-07,172.39999389648438,223.1300048828125,139.27999877929688,708.4536743164062,301.00244140625,132.24481201171875,195.83511352539062,19.933326721191406,19.770000457763672,758.742431640625,75.68873596191406,515.7418212890625,180.32777404785156,565.921875,46.66999816894531,239.5647430419922,239.32406616210938
2025-08-08,172.75999450683594,222.69000244140625,139.17999267578125,717.5934448242188,302.2013854980469,135.8784942626953,200.71800231933594,20.333946228027344,19.950000762939453,766.1821899414062,77.17557525634766,516.9301147460938,182.2530517578125,571.2008666992188,44.599998474121094,241.58399963378906,238.5447998046875
2025-08-11,172.27999877929688,221.3000030517578,137.64999389648438,716.5901489257812,301.14111328125,136.57955932617188,200.29946899414062,20.118982315063477,20.649999618530273,762.7660522460938,77.1156997680664,516.6627197265625,181.61460876464844,569.5107421875,45.20000076293945,241.1264190673828,238.80125427246094
2025-08-12,174.9499969482422,221.47000122070312,141.25,736.9360961914062,309.9900817871094,139.8577880859375,202.63131713867188,20.8322811126709,21.809999465942383,786.7982788085938,77.64456939697266,524.0595092773438,182.7119140625,576.6688842773438,46.43000030517578,248.83541870117188,240.97137451171875
2025-08-13,184.4199981689453,224.55999755859375,138.00999450683594,750.6259155273438,306.28399658203125,137.38925170898438,201.25613403320312,21.066789627075195,22.219999313354492,776.9185180664062,79.1513671875,515.484375,181.14576721191406,576.9571533203125,46.06999969482422,252.53570556640625,238.16009521484375
2025-08-14,180.9499969482422,230.97999572753906,136.47999572753906,750.268310546875,308.4046325683594,137.11276245117188,202.2327117919922,20.8322811126709,23.860000610351562,778.9601440429688,78.87196350097656,517.36572265625,181.57470703125,576.5097045898438,45.4900016784668,252.7943115234375,237.72608947753906
2025-08-15,177.50999450683594,231.02999877929688,137.3000030517578,737.3036499023438,303.5589904785156,136.54006958007812,203.1893768310547,20.675941467285156,24.559999465942383,782.047607421875,76.02802276611328,515.078369140625,180.008544921875,573.9746704101562,45.369998931884766,247.00514221191406,235.63490295410156
2025-08-18,176.13999938964844,231.49000549316406,138.0399932861328,742.6583251953125,302.9842834472656,136.3919677734375,202.79075622558594,21.135189056396484,23.65999984741211,764.260009765625,76.57684326171875,512.0383911132812,181.56472778320312,573.7459716796875,45.86000061035156,247.73126220703125,238.13050842285156
2025-08-19,166.5500030517578,228.00999450683594,132.77999877929688,738.7440795898438,292.23272705078125,133.4988250732422,200.8675079345703,20.851821899414062,25.309999465942383,748.4344482421875,71.91677856445312,504.7801818847656,175.2103271484375,565.9616088867188,43.2400016784668,243.85191345214844,229.538818359375
2025-08-20,165.1999969482422,223.80999755859375,131.47000122070312,744.5856323242188,288.5267333984375,126.86336517333984,198.62533569335938,20.558685302734375,23.540000915527344,744.6896362304688,71.06859588623047,500.76983642578125,174.97091674804688,562.601318359375,42.61000061035156,242.44940185546875,225.4945526123047
2025-08-21,163.7100067138672,221.9499969482422,132.02999877929688,730.5879516601562,286.970947265625,126.2215576171875,199.0538330078125,21.320844650268555,23.5,736.1045532226562,71.05860137939453,500.1251220703125,174.5519256591797,559.9966430664062,42.310001373291016,241.07669067382812,224.24179077148438
2025-08-22,167.75999450683594,228.83999633789062,133.25,749.9503784179688,291.33099365234375,129.1936798095703,205.37173461914062,21.936431884765625,24.799999237060547,751.7308959960938,72.84480285644531,503.0907287597656,177.55458068847656,568.635986328125,43.880001068115234,247.77105712890625,229.8248748779297
2025-08-25,163.36000061035156,227.94000244140625,133.0399932861328,749.523193359375,291.55889892578125,129.36154174804688,207.76336669921875,22.043914794921875,24.549999237060547,750.2470092773438,72.79490661621094,500.1449890136719,179.37013244628906,566.99560546875,44.06999969482422,247.19412231445312,232.38955688476562
2025-08-26,166.6199951171875,228.7100067138672,134.27000427246094,758.2059936523438,295.3045959472656,129.34178161621094,206.41807556152344,21.985286712646484,24.350000381469727,751.0437622070312,74.10211944580078,497.943115234375,181.3253173828125,569.2721557617188,44.36000061035156,249.52174377441406,235.47706604003906
2025-08-27,167.1300048828125,229.1199951171875,133.27000427246094,764.9614868164062,297.5242614746094,130.8328094482422,206.7568817138672,22.210023880004883,24.850000381469727,744.3509521484375,74.63099670410156,502.6047058105469,181.15574645996094,570.1470947265625,44.7599983215332,250.0091552734375,236.03929138183594
2025-08-28,168.5800018310547,231.60000610351562,136.22999572753906,758.46435546875,305.8479919433594,132.36329650878906,210.9023895263672,22.630191802978516,24.93000030517578,748.0658569335938,77.06581115722656,505.4810791015625,179.72923278808594,573.7161254882812,43.970001220703125,251.21275329589844,235.0331573486328
2025-08-29,162.6300048828125,229.0,136.5500030517578,737.7606201171875,294.69024658203125,120.61302185058594,212.16796875,22.053688049316406,24.350000381469727,735.7061767578125,62.7363395690918,502.5551452636719,173.75389099121094,567.0751342773438,41.540000915527344,244.0210418701172,227.7336883544922
2025-09-02,162.32000732421875,225.33999633789062,135.8699951171875,721.1004028320312,295.53253173828125,119.43799591064453,210.61341857910156,22.161169052124023,24.209999084472656,732.1307373046875,64.4626693725586,500.9979553222656,170.36221313476562,562.3229370117188,40.779998779296875,241.544189453125,225.28736877441406
2025-09-03,162.1300048828125,225.99000549316406,137.3800048828125,731.9986572265625,299.64483642578125,122.45948791503906,229.85609436035156,22.29796600341797,24.0,734.0628051757812,62.177528381347656,501.2261047363281,170.20260620117188,566.7470703125,40.099998474121094,240.40028381347656,228.2466278076172
2025-09-04,161.7899932861328,235.67999267578125,141.1699981689453,748.4998779296875,303.3211364746094,125.07615661621094,231.4904022216797,22.630191802978516,24.610000610351562,745.6159057617188,63.96371841430664,503.82470703125,171.2400665283203,571.8768920898438,40.70000076293945,242.8771209716797,232.01473999023438
2025-09-05,151.13999938964844,232.3300018310547,142.85000610351562,776.5848999023438,331.8498229980469,123.25931549072266,234.1809844970703,22.981956481933594,24.489999771118164,749.4004516601562,63.19535827636719,490.96051025390625,166.61141967773438,572.7020874023438,40.40999984741211,245.7418670654297,240.1033477783203
2025-09-08,151.41000366210938,235.83999633789062,140.00999450683594,791.0397338867188,342.5120849609375,121.45233154296875,233.43292236328125,22.962411880493164,24.479999542236328,749.2510375976562,65.85968017578125,494.1344299316406,167.89825439453125,575.4957275390625,40.040000915527344,247.5323486328125,243.8319854736328
2025-09-09,155.82000732421875,238.24000549316406,141.91000366210938,799.8616333007812,333.6136474609375,119.76384735107422,239.0084228515625,23.333717346191406,24.440000534057617,762.5968017578125,66.6978988647461,494.3426818847656,170.3422393798828,577.1261596679688,42.91999816894531,247.74122619628906,247.5113067626953
2025-09-10,159.5399932861328,230.3300018310547,150.72000122070312,787.9500732421875,366.2149963378906,122.88408660888672,238.54962158203125,23.880910873413086,24.770000457763672,748.9323120117188,66.95734405517578,496.2867126464844,176.89620971679688,577.3151245117188,43.90999984741211,252.1079864501953,256.9020080566406
2025-09-11,155.6699981689453,229.9499969482422,153.0399932861328,798.8980102539062,356.3652038574219,123.79251098632812,239.7465057373047,24.29129981994629,24.610000610351562,747.856689453125,66.44841766357422,496.9215393066406,176.74655151367188,580.6753540039062,43.95000076293945,253.83877563476562,255.3927764892578
2025-09-12,158.57000732421875,228.14999389648438,139.38999938964844,808.5443725585938,356.6029968261719,123.46666717529297,240.17539978027344,24.164274215698242,24.079999923706055,752.5277709960938,67.2068099975586,505.73895263671875,177.39498901367188,583.2402954101562,45.0,254.28639221191406,255.8070526123047
2025-09-15,161.16000366210938,231.42999267578125,145.42999267578125,861.6248168945312,360.7846984863281,125.20451354980469,250.95733642578125,24.271757125854492,24.770000457763672,761.6007690429688,67.28663635253906,511.15435791015625,177.32518005371094,588.2310180664062,45.380001068115234,256.4349365234375,257.8292541503906
2025-09-16,160.4600067138672,234.0500030517578,142.16000366210938,872.6720581054688,356.7317810058594,126.07344055175781,250.50851440429688,23.871137619018555,25.270000457763672,775.8428344726562,68.7136001586914,504.8859558105469,174.4620361328125,587.73388671875,44.90999984741211,257.751708984375,259.31549072265625
2025-09-17,159.16000366210938,231.6199951171875,142.83999633789062,866.5623168945312,343.0274353027344,128.699951171875,248.8827362060547,24.164274215698242,24.899999618530273,772.5761108398438,70.82909393310547,505.8579406738281,169.8829803466797,586.5608520507812,44.900001525878906,257.7018737792969,260.037841796875
2025-09-18,157.9199981689453,231.22999572753906,146.66000366210938,921.7289428710938,342.21484375,130.4477081298828,251.3762664794922,24.792938232421875,30.56999969482422,777.0878295898438,74.07218933105469,504.3008117675781,175.81878662109375,591.849853515625,45.939998626708984,266.7129211425781,265.82659912109375
2025-09-19,157.38999938964844,231.47999572753906,149.61000061035156,926.0504760742188,341.80853271484375,130.2798309326172,254.05929565429688,24.547365188598633,29.579999923706055,775.225341796875,74.10211944580078,513.7034301757812,176.24774169921875,595.8562622070312,45.810001373291016,265.00836181640625,262.0960388183594
2025-09-22,159.7899932861328,227.6300048828125,145.39999389648438,951.5325927734375,336.28961181640625,133.982666015625,251.87496948242188,24.714353561401367,28.760000228881836,762.5732421875,75.36941528320312,510.2518615722656,183.17115783691406,599.3837890625,46.869998931884766,268.9656677246094,269.7748107910156
2025-09-23,160.89999389648438,220.7100067138672,144.08999633789062,957.2052001953125,336.4384765625,132.64964294433594,251.00721740722656,24.26250457763672,29.34000015258789,752.8463134765625,74.46136474609375,505.074462890625,178.0035400390625,595.4025268554688,46.9900016784668,268.64666748046875,279.7492370605469
2025-09-24,160.8800048828125,220.2100067138672,142.63999938964844,940.7437133789062,336.80572509765625,130.42796325683594,246.4989471435547,24.026752471923828,31.219999313354492,758.0885009765625,79.91973114013672,505.9869079589844,176.54702758789062,593.3123168945312,46.20000076293945,268.2380065917969,277.77020263671875
2025-09-25,161.27000427246094,218.14999389648438,143.05999755859375,943.3366088867188,333.6194763183594,129.3121795654297,245.15243530273438,23.78118133544922,33.9900016784668,746.3782348632812,83.63182067871094,502.8923645019531,177.2653045654297,590.7543334960938,46.2400016784668,267.3807678222656,273.7626037597656
2025-09-26,159.4600067138672,219.77999877929688,142.5,945.293701171875,332.06103515625,129.1147003173828,245.90048217773438,23.574901580810547,35.5,741.2357177734375,82.99317932128906,507.28619384765625,177.76409912109375,593.182861328125,45.81999969482422,267.9688720703125,270.4971618652344
2025-09-29,161.36000061035156,222.1699981689453,143.3699951171875,956.3110961914062,325.4799499511719,132.21519470214844,243.41696166992188,23.712419509887695,34.47999954223633,740.8868408203125,82.21482849121094,510.4004821777344,181.4153594970703,595.9299926757812,46.36000061035156,268.06854248046875,270.3685302734375
2025-09-30,161.7899932861328,219.57000732421875,145.7100067138672,961.75537109375,327.4751281738281,139.98617553710938,242.4694366455078,24.124982833862305,33.54999923706055,731.8973388671875,83.89126586914062,513.7232666015625,186.13406372070312,597.5623168945312,47.939998626708984,270.25152587890625,276.36505126953125
2025-10-01,164.00999450683594,220.6300048828125,149.27000427246094,996.705078125,330.92950439453125,147.79661560058594,244.26475524902344,24.48843002319336,35.939998626708984,714.9149780273438,83.7116470336914,515.4689331054688,186.79248046875,600.4288330078125,52.38999938964844,275.454833984375,285.4488830566406
2025-10-02,169.72999572753906,222.41000366210938,144.4600067138672,1023.4290771484375,335.68408203125,145.51568603515625,245.05270385742188,24.046398162841797,37.29999923706055,724.5921630859375,86.01673126220703,511.53131103515625,188.43853759765625,602.8972778320312,52.5,280.7876892089844,285.0926513671875
2025-10-03,164.6699981689453,219.50999450683594,145.5,1025.4654541015625,335.8726806640625,138.96913146972656,244.71359252929688,23.997283935546875,36.83000183105469,708.1578369140625,86.03669738769531,513.1280517578125,187.1715850830078,600.3591918945312,51.959999084472656,279.063232421875,289.12994384765625
2025-10-06,203.7100067138672,220.89999389648438,149.5,1036.47314453125,333.013916015625,143.92593383789062,249.7803955078125,24.350908279418945,36.59000015258789,713.2406616210938,88.73094940185547,524.256591796875,185.09654235839844,604.8680419921875,54.619998931884766,287.4363098144531,299.2330322265625
2025-10-07,211.50999450683594,221.77999877929688,145.2899932861328,995.7413330078125,333.9271240234375,148.97164916992188,245.1225128173828,24.468782424926758,37.16999816894531,710.6693725585938,86.78509521484375,519.7039794921875,184.5977325439453,601.6830444335938,55.06999969482422,281.0069885253906,290.9506530761719
2025-10-08,235.55999755859375,225.22000122070312,157.36000061035156,981.3462524414062,342.9500732421875,162.4597625732422,243.9854736328125,25.618059158325195,37.43000030517578,715.4133911132812,92.30335235595703,520.56689453125,188.6580047607422,608.58056640625,58.68000030517578,290.60614013671875,301.3308410644531
2025-10-09,232.88999938964844,227.74000549316406,158.22999572753906,974.123779296875,342.4736022949219,153.9877166748047,240.9034881591797,25.78504753112793,37.79999923706055,731.0302734375,90.48721313476562,518.1370239257812,192.1097412109375,607.843994140625,57.97999954223633,289.26043701171875,296.73944091796875
2025-10-10,214.89999389648438,216.3699951171875,154.10000610351562,930.0640258789062,322.2341003417969,148.67543029785156,235.9563446044922,23.96781349182129,36.369998931884766,702.9156494140625,85.48455047607422,506.790283203125,182.72222900390625,586.7431640625,52.86000061035156,271.1187438964844,277.7206726074219
2025-10-13,216.4199981689453,220.07000732421875,147.4499969482422,978.2168579101562,354.06744384765625,151.46981811523438,243.51669311523438,24.360729217529297,37.220001220703125,713.2804565429688,89.2590103149414,509.85504150390625,187.86990356445312,599.1946411132812,54.75,283.9574890136719,299.7179260253906
2025-10-14,218.08999633789062,216.38999938964844,138.7899932861328,976.7465209960938,341.5901794433594,146.89808654785156,244.81332397460938,24.557188034057617,35.630001068115234,706.2543334960938,86.09366607666016,509.3790283203125,179.59971618652344,595.2034301757812,53.11000061035156,278.13616943359375,292.8406677246094
2025-10-15,238.60000610351562,215.57000732421875,143.3800048828125,1003.2022094726562,348.73699951171875,151.7660369873047,250.3788604736328,24.596481323242188,37.150001525878906,715.124267578125,88.7597427368164,509.2401123046875,179.40017700195312,599.4036865234375,53.939998626708984,286.7186584472656,301.5188293457031
2025-10-16,234.55999755859375,214.47000122070312,146.00999450683594,1012.9183349609375,351.5362243652344,149.40611267089844,250.8077392578125,22.101469039916992,36.84000015258789,709.6627807617188,88.10071563720703,507.4349670410156,181.3754425048828,597.18408203125,53.84000015258789,288.0543518066406,296.6997985839844
2025-10-17,233.0800018310547,213.0399932861328,143.10000610351562,1022.5350341796875,346.75177001953125,147.707763671875,252.64295959472656,22.553319931030273,37.0099983215332,714.496337890625,87.82112884521484,509.3889465332031,182.78208923339844,601.1056518554688,52.18000030517578,287.2469177246094,291.9896545410156
2025-10-20,240.55999755859375,216.47999572753906,146.47999572753906,1035.3306884765625,346.6624450683594,146.0093994140625,255.88453674316406,22.46491813659668,38.099998474121094,729.6947631835938,85.7142105102539,512.5726928710938,182.20346069335938,608.6800537109375,55.040000915527344,292.0315246582031,294.5822448730469
2025-10-21,238.02999877929688,222.02999877929688,145.94000244140625,1018.3128051757812,340.13104248046875,148.0754852294922,249.81033325195312,22.857830047607422,38.119998931884766,730.7911987304688,84.13653564453125,513.4356079101562,180.72702026367188,608.5208740234375,54.81999969482422,290.3967590332031,291.4256591796875
2025-10-22,230.22999572753906,217.9499969482422,146.58999633789062,1004.9507446289062,337.7884521484375,148.76914978027344,251.03713989257812,22.681018829345703,36.91999816894531,730.9306640625,80.93123626708984,516.2921752929688,179.84912109375,602.6583862304688,52.5,283.2198486328125,285.8546447753906
2025-10-23,234.99000549316406,221.08999633789062,152.75999450683594,1029.6282958984375,341.7489929199219,152.83200073242188,252.4235382080078,22.77924919128418,38.15999984741211,731.5186157226562,82.6487045288086,516.3119506835938,181.72463989257812,607.724609375,47.91999816894531,290.127685546875,287.6852722167969
2025-10-24,252.9199981689453,224.2100067138672,153.82000732421875,1026.3399658203125,351.5163879394531,157.2020263671875,259.2458190917969,23.083757400512695,38.279998779296875,735.8638916015625,84.0067138671875,519.3370361328125,185.81480407714844,614.2139892578125,48.290000915527344,294.91229248046875,291.87091064453125
2025-10-27,259.6700134277344,226.97000122070312,156.80999755859375,1053.0440673828125,359.3778991699219,160.7198486328125,268.5715026855469,23.7517147064209,39.540000915527344,748.2817993164062,88.58000946044922,527.1825561523438,191.03233337402344,625.1527709960938,51.56999969482422,303.10595703125,295.1264953613281
2025-10-28,258.010009765625,229.25,156.77000427246094,1045.593017578125,370.21734619140625,163.38546752929688,266.7762145996094,23.820472717285156,41.529998779296875,748.899658203125,88.33037567138672,537.6464233398438,200.5495147705078,629.9600830078125,52.36000061035156,303.4747619628906,298.3721618652344
2025-10-29,264.3299865722656,230.3000030517578,162.02999877929688,1065.7203369140625,383.1313171386719,162.1170654296875,273.8578186035156,23.840118408203125,41.34000015258789,749.12890625,90.01790618896484,537.1306762695312,206.54515075683594,632.7968139648438,52.689998626708984,308.6082763671875,301.89483642578125
2025-10-30,254.83999633789062,222.86000061035156,158.44000244140625,1070.308349609375,373.6915283203125,159.55052185058594,280.7499084472656,23.977638244628906,40.15999984741211,664.2169189453125,88.44021606445312,521.4695434570312,202.40505981445312,623.1221923828125,50.369998931884766,304.43170166015625,300.04443359375
2025-10-31,256.1199951171875,244.22000122070312,157.69000244140625,1054.1658935546875,366.9020080566406,160.5414581298828,280.4606018066406,23.98746109008789,39.9900016784668,646.158203125,93.6026382446289,513.5843505859375,202.00604248046875,626.128173828125,51.959999084472656,305.5680236816406,297.28363037109375
2025-11-03,259.6499938964844,254.0,157.58999633789062,1061.7196044921875,359.87420654296875,158.65869140625,282.98406982421875,24.066043853759766,39.5,635.55419921875,90.23758697509766,512.810791015625,206.3855438232422,629.1240844726562,50.75,307.3921813964844,301.667236328125
2025-11-04,250.0500030517578,249.32000732421875,153.5500030517578,1025.2149658203125,349.342529296875,153.23826599121094,276.8200988769531,23.1426944732666,37.029998779296875,625.1992797851562,87.46163940429688,510.1328125,198.21511840820312,616.3540649414062,47.400001525878906,295.31103515625,290.9704895019531
2025-11-05,256.3299865722656,250.1999969482422,140.4199981689453,1038.7598876953125,356.33056640625,151.02850341796875,283.572509765625,23.290037155151367,38.380001068115234,633.8001098632812,92.76387023925781,503.02130126953125,194.74343872070312,620.365234375,42.029998779296875,304.49151611328125,290.56475830078125
2025-11-06,237.6999969482422,243.0399932861328,134.02000427246094,1024.2794189453125,352.9656066894531,147.8277587890625,284.0113830566406,22.98552703857422,37.2400016784668,616.8475952148438,93.19324493408203,493.0434265136719,187.63047790527344,608.8095092773438,40.34000015258789,296.54705810546875,286.2108154296875
2025-11-07,233.5399932861328,244.41000366210938,134.64999389648438,1012.0979614257812,346.8510437011719,145.3702392578125,278.106689453125,23.034645080566406,38.130001068115234,619.6082763671875,90.78677368164062,492.76568603515625,187.70030212402344,606.8885498046875,39.7599983215332,293.4370422363281,283.49957275390625
2025-11-10,243.97999572753906,248.39999389648438,137.25999450683594,1033.8236083984375,355.7449645996094,141.39659118652344,289.3475036621094,23.457027435302734,38.45000076293945,629.624267578125,93.09339141845703,501.8707580566406,198.57424926757812,620.3154296875,40.189998626708984,301.03265380859375,292.17767333984375
2025-11-11,237.52000427246094,249.10000610351562,134.92999267578125,1017.5318603515625,349.3623962402344,137.50221252441406,290.5543518066406,22.484560012817383,37.880001068115234,624.9600830078125,89.19910430908203,504.52886962890625,192.69834899902344,618.6632080078125,38.81999969482422,294.2045593261719,288.1206359863281
2025-11-12,258.8900146484375,244.1999969482422,134.97999572753906,1032.3704833984375,352.5983581542969,139.43455505371094,285.9662780761719,23.064111709594727,37.88999938964844,606.951171875,89.19910430908203,506.9688720703125,193.33682250976562,618.175537109375,37.90999984741211,298.7100830078125,287.57635498046875
2025-11-13,247.9600067138672,237.5800018310547,130.3000030517578,1014.9840698242188,337.4707946777344,132.7259063720703,277.8474426269531,22.523853302001953,35.90999984741211,607.8282470703125,87.39175415039062,499.182861328125,186.41339111328125,605.5548095703125,35.09000015258789,288.45306396484375,279.2445983886719
2025-11-14,246.80999755859375,234.69000244140625,131.3699951171875,1002.1655883789062,339.9324645996094,132.5475311279297,275.6929931640625,22.425622940063477,35.52000045776367,607.399658203125,86.32331848144531,506.0166320800781,189.71546936035156,606.0126342773438,36.41999816894531,287.5957946777344,281.83709716796875
2025-11-17,240.52000427246094,232.8699951171875,127.26000213623047,1015.1234130859375,340.1210632324219,121.36978912353516,284.2806396484375,20.853965759277344,34.709999084472656,599.9747924804688,83.32771301269531,503.3486022949219,186.1540069580078,600.8369140625,34.099998474121094,282.65167236328125,279.05657958984375
2025-11-18,230.2899932861328,222.5500030517578,123.44999694824219,999.2595825195312,337.98699951171875,121.57788848876953,283.5426025390625,20.529809951782227,34.33000183105469,595.6694946289062,78.56471252441406,489.76043701171875,180.92654418945312,593.5213012695312,34.900001525878906,276.0927734375,274.99951171875
2025-11-19,223.5500030517578,222.69000244140625,124.80999755859375,1034.3609619140625,351.8042297363281,118.29788970947266,292.05047607421875,20.235124588012695,35.11000061035156,588.3244018554688,81.20084381103516,483.14483642578125,186.07420349121094,597.064697265625,33.72999954223633,280.7079162597656,279.41278076171875
2025-11-20,206.02000427246094,217.13999938964844,119.58999633789062,976.349609375,344.26031494140625,116.3358383178711,288.6991882324219,19.66539764404297,33.619998931884766,587.1583251953125,76.56764221191406,475.41387939453125,180.208251953125,582.9310913085938,31.559999465942383,267.2412414550781,274.59375
2025-11-21,203.77999877929688,220.69000244140625,117.43000030517578,961.9488525390625,337.6891784667969,121.39952087402344,298.8826904296875,20.156539916992188,34.5,592.2410888671875,77.33650207519531,469.1436462402344,178.45248413085938,587.3104858398438,32.189998626708984,269.96246337890625,272.1793518066406
2025-11-24,215.0500030517578,226.27999877929688,122.16999816894531,983.0972900390625,375.17047119140625,126.06682586669922,317.75360107421875,20.71644401550293,35.790000915527344,610.9775390625,83.66722106933594,471.0118103027344,182.11370849609375,602.3298950195312,33.31999969482422,281.79443359375,281.6590270996094
2025-11-25,206.1300048828125,229.6699981689453,125.04000091552734,998.423583984375,382.18829345703125,124.77861022949219,322.60101318359375,20.98166275024414,35.83000183105469,634.069091796875,83.30774688720703,473.9829406738281,177.39498901367188,606.0425415039062,32.47999954223633,282.671630859375,281.6985778808594
2025-11-26,214.24000549316406,229.16000366210938,127.6500015258789,1035.9931640625,394.6357727050781,132.05206298828125,319.1201171875,21.148653030395508,36.810001373291016,631.4679565429688,87.59146118164062,482.4393310546875,179.8291778564453,611.3973388671875,32.83000183105469,290.4566345214844,286.92327880859375
2025-11-28,217.52999877929688,233.22000122070312,130.67999267578125,1054.9322509765625,399.9859313964844,132.14126586914062,319.3494873046875,21.482629776000977,40.560001373291016,645.759521484375,89.26900482177734,488.9082946777344,176.5769500732422,616.3540649414062,33.849998474121094,295.7894592285156,288.4570617675781
2025-12-01,219.75999450683594,233.8800048828125,128.11000061035156,1082.788330078125,383.23052978515625,130.89268493652344,314.0732421875,21.551387786865234,40.0099983215332,638.703369140625,90.96650695800781,483.6715087890625,179.48997497558594,614.2837524414062,33.40999984741211,295.9689025878906,284.6671447753906
2025-12-02,215.24000549316406,234.4199981689453,127.22000122070312,1103.4788818359375,378.75384521484375,134.71768188476562,314.9908142089844,21.5317440032959,43.470001220703125,644.912353515625,92.7538833618164,486.91094970703125,181.02630615234375,619.0911254882812,32.91999816894531,301.86993408203125,289.0309753417969
2025-12-03,217.60000610351562,232.3800048828125,127.80000305175781,1135.46533203125,377.8009338378906,132.41871643066406,318.8009033203125,21.86572265625,43.7599983215332,637.437744140625,100.05317687988281,474.71832275390625,179.1607666015625,620.6041259765625,33.68000030517578,308.3690185546875,292.3558044433594
2025-12-04,215.97999572753906,229.11000061035156,128.5500030517578,1104.772705078125,378.21783447265625,137.73013305664062,316.796142578125,22.494384765625,40.5,659.2936401367188,98.0461196899414,477.8087158203125,182.951904296875,620.0267944335938,34.22999954223633,305.2989196777344,289.8622131347656
2025-12-05,217.97000122070312,229.52999877929688,128.58999633789062,1094.2135009765625,387.35986328125,137.65086364746094,320.4366455078125,22.91676902770996,41.40999984741211,671.1434326171875,98.76506042480469,480.11407470703125,181.98416137695312,622.554931640625,34.689998626708984,308.408935546875,291.6334533691406
2025-12-08,221.11000061035156,226.88999938964844,129.11000061035156,1114.336669921875,398.13970947265625,139.13726806640625,313.11090087890625,23.437381744384766,40.29999923706055,664.5457763671875,91.86518859863281,487.92449951171875,185.1168212890625,621.3605346679688,35.369998931884766,311.7581787109375,298.7085876464844
2025-12-09,221.6199951171875,227.9199981689453,130.0399932861328,1106.1260986328125,403.2914123535156,136.9671173095703,316.4643859863281,24.331262588500977,40.5,654.7390747070312,88.76973724365234,488.918212890625,184.53819274902344,622.1268920898438,35.02000045776367,311.1800231933594,300.2324523925781
2025-12-10,221.4199981689453,231.77999877929688,132.36000061035156,1113.968505859375,409.922119140625,139.35525512695312,319.58831787109375,24.81258201599121,40.779998779296875,647.9321899414062,92.33450317382812,475.5430603027344,183.3509521484375,624.6749877929688,34.900001525878906,315.31671142578125,306.8919982910156
2025-12-11,221.42999267578125,230.27999877929688,134.38999938964844,1117.4716796875,403.3708190917969,137.3436737060547,311.82342529296875,24.105337142944336,39.5099983215332,650.5034790039062,89.29895782470703,480.422119140625,180.50759887695312,622.6544799804688,34.02000045776367,313.51251220703125,302.4717102050781
2025-12-12,210.77999877929688,226.19000244140625,124.76000213623047,1075.6826171875,357.2735290527344,128.80178833007812,308.68951416015625,23.44720458984375,37.810001373291016,642.0520629882812,84.30628967285156,475.51324462890625,174.6114044189453,610.7504272460938,32.33000183105469,298.52069091796875,289.76165771484375
2025-12-15,207.5800018310547,222.5399932861328,125.88999938964844,1082.619140625,337.30206298828125,129.32699584960938,307.6216125488281,23.624013900756836,37.5099983215332,645.8473510742188,84.13653564453125,471.8266296386719,175.87843322753906,607.6847534179688,31.3700008392334,297.055419921875,285.4952087402344
2025-12-16,209.1699981689453,222.55999755859375,126.12999725341797,1070.9053955078125,338.7810363769531,132.53762817382812,305.97479248046875,23.869586944580078,37.310001373291016,655.4625854492188,83.94680786132812,473.38677978515625,177.30511474609375,608.8890991210938,31.65999984741211,295.6838073730469,284.6319885253906
2025-12-17,198.11000061035156,221.27000427246094,122.36000061035156,1010.5753173828125,323.61383056640625,126.73074340820312,296.1439208984375,23.594545364379883,36.04999923706055,647.8322143554688,81.58028411865234,473.1184387207031,170.5409393310547,597.60205078125,29.84000015258789,284.7329406738281,274.7992858886719
2025-12-18,201.05999755859375,226.75999450683594,124.62000274658203,1031.35546875,327.4453430175781,121.82562255859375,301.8727722167969,23.496318817138672,36.279998779296875,662.743896484375,84.34622192382812,480.9289245605469,173.73345947265625,606.2614135742188,29.3700008392334,291.53106689453125,282.4590759277344
2025-12-19,213.42999267578125,227.35000610351562,131.1199951171875,1050.97119140625,337.84796142578125,125.2740707397461,306.56365966796875,24.141611099243164,36.81999969482422,657.0784301757812,83.96678161621094,482.8566589355469,180.56747436523438,614.1642456054688,31.110000610351562,299.2875061035156,286.6957702636719
2025-12-22,214.9499969482422,228.42999267578125,130.72999572753906,1051.9266357421875,339.5784912109375,125.46234893798828,309.1785888671875,24.408424377441406,36.369998931884766,659.8013916015625,84.67574310302734,481.8630065917969,183.2611541748047,617.1082763671875,31.06999969482422,303.31048583984375,290.9919738769531
2025-12-23,214.89999389648438,232.13999938964844,131.32000732421875,1056.7633056640625,347.40533447265625,126.46320343017578,313.73968505859375,24.289838790893555,36.349998474121094,663.2325439453125,87.55152130126953,483.7807922363281,188.76829528808594,619.9984130859375,30.760000228881836,304.42852783203125,294.63336181640625
2025-12-24,215.0399932861328,232.3800048828125,130.77000427246094,1060.4259033203125,348.3003845214844,127.21630859375,313.48016357421875,24.151493072509766,36.15999984741211,665.8359375,86.36326599121094,484.9433898925781,188.169677734375,621.812255859375,30.549999237060547,305.60650634765625,296.4689025878906
2025-12-26,214.99000549316406,232.52000427246094,131.83999633789062,1067.6212158203125,350.1999206542969,128.0685272216797,312.9013671875,24.20090103149414,36.20000076293945,661.5867919921875,86.2134780883789,484.6353454589844,190.08518981933594,621.7724609375,30.639999389648438,305.50665283203125,300.4773864746094
2025-12-29,215.61000061035156,232.07000732421875,134.14999389648438,1060.9034423828125,347.4749755859375,126.30464172363281,312.9512634277344,24.04279136657715,36.68000030517578,656.9986572265625,85.63433837890625,484.02923583984375,187.7805938720703,618.7626342773438,30.079999923706055,304.78790283203125,298.5723876953125
2025-12-30,215.33999633789062,232.52999877929688,132.44000244140625,1067.0142822265625,347.9324035644531,126.7604751586914,313.24066162109375,23.785860061645508,37.29999923706055,664.239990234375,86.63287353515625,484.4068603515625,187.1021728515625,617.3275146484375,29.649999618530273,304.3886413574219,297.2427978515625
2025-12-31,214.16000366210938,230.82000732421875,131.02999877929688,1064.7451171875,344.2029724121094,124.73896026611328,312.3923034667969,23.7364501953125,36.900001525878906,658.3950805664062,84.85548400878906,480.5711669921875,186.0646209716797,612.2249145507812,29.270000457763672,300.6251525878906,301.51922607421875
